手部束带,崭新出厂,★,759322,裹手（★） | 钴蓝骷髅,26,14098.5,13939.3,0.99,2024-06-17
手部束带,崭新出厂,★,755859,裹手（★） | 屠夫,2,10448.5,10505.97,1.01,2024-06-17
手部束带,崭新出厂,★,755683,裹手（★） | 皮革,6,7776.5,5711.99,0.73,2024-06-17
手部束带,崭新出厂,★,850627,裹手（★） | 警告！,12,6649.5,5824.23,0.88,2024-06-17
手部束带,崭新出厂,★,761881,裹手（★） | 套印,34,5549,9919.27,1.79,2024-06-17
手部束带,略有磨损,★,422813,裹手（★） | 钴蓝骷髅,241,5269,7353.76,1.4,2024-06-17
手部束带,崭新出厂,★,42887,裹手（★） | 云杉 DDPAT,5,4398.98,4307.03,0.98,2024-06-17
手部束带,崭新出厂,★,45596,裹手（★） | 恶土,7,3648.5,5803.77,1.59,2024-06-17
手部束带,略有磨损,★,42884,裹手（★） | 屠夫,48,3449,5747.54,1.67,2024-06-17
手部束带,崭新出厂,★,838184,裹手（★） | 长颈鹿,7,2998.5,6548.04,2.18,2024-06-17
手部束带,久经沙场,★,45471,裹手（★） | 钴蓝骷髅,594,2758.5,3837.43,1.39,2024-06-17
手部束带,略有磨损,★,835907,裹手（★） | 警告！,184,2588.38,3560.8,1.38,2024-06-17
手部束带,略有磨损,★,45605,裹手（★） | 套印,336,2439.5,3444.65,1.41,2024-06-17
手部束带,略有磨损,★,42880,裹手（★） | 皮革,41,2275.5,3554.71,1.56,2024-06-17
手部束带,破损不堪,★,755893,裹手（★） | 钴蓝骷髅,69,2244.5,3212.5,1.43,2024-06-17
手部束带,崭新出厂,★,757195,裹手（★） | 防水布胶带,9,1899.5,3202.92,1.69,2024-06-17
手部束带,战痕累累,★,45552,裹手（★） | 钴蓝骷髅,67,1838.5,2586.34,1.41,2024-06-17
手部束带,久经沙场,★,42883,裹手（★） | 屠夫,99,1699.5,2550.86,1.5,2024-06-17
手部束带,崭新出厂,★,836553,裹手（★） | 蟒蛇,17,1699.5,3155.84,1.86,2024-06-17
手部束带,崭新出厂,★,836541,裹手（★） | 沙漠头巾,8,1598.5,2901.19,1.81,2024-06-17
手部束带,崭新出厂,★,755872,裹手（★） | 森林色调,16,1579.5,2756.1,1.74,2024-06-17
手部束带,久经沙场,★,835879,裹手（★） | 警告！,461,1474.5,2073.57,1.41,2024-06-17
手部束带,破损不堪,★,42885,裹手（★） | 屠夫,8,1419.5,2426.59,1.71,2024-06-17
手部束带,久经沙场,★,45578,裹手（★） | 套印,939,1405.05,2082.49,1.48,2024-06-17
手部束带,略有磨损,★,42876,裹手（★） | 恶土,43,1386.5,1935.15,1.4,2024-06-17
手部束带,破损不堪,★,836140,裹手（★） | 警告！,53,1259,1727.95,1.37,2024-06-17
手部束带,战痕累累,★,42882,裹手（★） | 屠夫,18,1239.49,1813.55,1.46,2024-06-17
手部束带,久经沙场,★,42879,裹手（★） | 皮革,80,1199.5,1596.06,1.33,2024-06-17
手部束带,破损不堪,★,45555,裹手（★） | 套印,91,1176.5,1668.6,1.42,2024-06-17
手部束带,略有磨损,★,42889,裹手（★） | 云杉 DDPAT,33,1097,1625.58,1.48,2024-06-17
手部束带,战痕累累,★,836145,裹手（★） | 警告！,60,1034.5,1378.41,1.33,2024-06-17
手部束带,破损不堪,★,42881,裹手（★） | 皮革,8,1034.5,1955.39,1.89,2024-06-17
手部束带,战痕累累,★,42878,裹手（★） | 皮革,18,959.5,1540.48,1.61,2024-06-17
手部束带,略有磨损,★,836095,裹手（★） | 长颈鹿,166,785.49,1098.96,1.4,2024-06-17
手部束带,略有磨损,★,45506,裹手（★） | 森林色调,163,748.47,1066.46,1.42,2024-06-17
手部束带,久经沙场,★,42888,裹手（★） | 云杉 DDPAT,111,743.5,1086.77,1.46,2024-06-17
手部束带,久经沙场,★,42875,裹手（★） | 恶土,112,729.5,1124.42,1.54,2024-06-17
手部束带,战痕累累,★,45554,裹手（★） | 套印,139,709.5,1021.77,1.44,2024-06-17
手部束带,略有磨损,★,836156,裹手（★） | 蟒蛇,105,649.5,944.79,1.45,2024-06-17
手部束带,破损不堪,★,42890,裹手（★） | 云杉 DDPAT,14,649,1027.93,1.58,2024-06-17
手部束带,破损不堪,★,42877,裹手（★） | 恶土,16,634.38,943.05,1.49,2024-06-17
手部束带,略有磨损,★,45430,裹手（★） | 防水布胶带,92,612.89,845.55,1.38,2024-06-17
手部束带,战痕累累,★,42886,裹手（★） | 云杉 DDPAT,16,598.5,1198.64,2.0,2024-06-17
手部束带,战痕累累,★,42874,裹手（★） | 恶土,18,569.3,857.3,1.51,2024-06-17
手部束带,略有磨损,★,836030,裹手（★） | 沙漠头巾,80,559.5,834.3,1.49,2024-06-17
手部束带,久经沙场,★,45450,裹手（★） | 森林色调,299,544.5,754.5,1.39,2024-06-17
手部束带,久经沙场,★,836001,裹手（★） | 长颈鹿,380,539.5,774.23,1.44,2024-06-17
手部束带,久经沙场,★,835886,裹手（★） | 蟒蛇,146,499.5,689.28,1.38,2024-06-17
手部束带,破损不堪,★,45470,裹手（★） | 森林色调,46,494.4,716.19,1.45,2024-06-17
手部束带,破损不堪,★,836373,裹手（★） | 长颈鹿,54,483.5,696.03,1.44,2024-06-17
手部束带,久经沙场,★,45429,裹手（★） | 防水布胶带,159,479.5,674.26,1.41,2024-06-17
手部束带,久经沙场,★,836046,裹手（★） | 沙漠头巾,93,478.4,639.29,1.34,2024-06-17
手部束带,破损不堪,★,836158,裹手（★） | 蟒蛇,24,465.5,652.21,1.4,2024-06-17
手部束带,破损不堪,★,45408,裹手（★） | 防水布胶带,20,451.5,665.77,1.47,2024-06-17
手部束带,战痕累累,★,836021,裹手（★） | 蟒蛇,48,449.88,674.91,1.5,2024-06-17
手部束带,战痕累累,★,836083,裹手（★） | 长颈鹿,62,447,631.31,1.41,2024-06-17
手部束带,战痕累累,★,45449,裹手（★） | 森林色调,50,439.5,578.5,1.32,2024-06-17
手部束带,战痕累累,★,45553,裹手（★） | 防水布胶带,31,438,619.34,1.41,2024-06-17
手部束带,破损不堪,★,836062,裹手（★） | 沙漠头巾,17,437.5,653.0,1.49,2024-06-17
手部束带,战痕累累,★,836114,裹手（★） | 沙漠头巾,28,432.5,599.9,1.39,2024-06-17
手部束带,崭新出厂,★,759322,裹手（★） | 钴蓝骷髅,26,14098.5,13939.3,0.99,2024-06-17
手部束带,崭新出厂,★,755859,裹手（★） | 屠夫,2,10448.5,10505.97,1.01,2024-06-17
手部束带,崭新出厂,★,755683,裹手（★） | 皮革,6,7776.5,5711.99,0.73,2024-06-17
手部束带,崭新出厂,★,850627,裹手（★） | 警告！,12,6649.5,5824.23,0.88,2024-06-17
手部束带,崭新出厂,★,761881,裹手（★） | 套印,34,5549,9919.27,1.79,2024-06-17
手部束带,略有磨损,★,422813,裹手（★） | 钴蓝骷髅,241,5269,7353.76,1.4,2024-06-17
手部束带,崭新出厂,★,42887,裹手（★） | 云杉 DDPAT,5,4398.98,4307.03,0.98,2024-06-17
手部束带,崭新出厂,★,45596,裹手（★） | 恶土,7,3648.5,5803.77,1.59,2024-06-17
手部束带,略有磨损,★,42884,裹手（★） | 屠夫,48,3449,5747.54,1.67,2024-06-17
手部束带,崭新出厂,★,838184,裹手（★） | 长颈鹿,7,2998.5,6548.04,2.18,2024-06-17
手部束带,久经沙场,★,45471,裹手（★） | 钴蓝骷髅,594,2758.5,3837.43,1.39,2024-06-17
手部束带,略有磨损,★,835907,裹手（★） | 警告！,184,2588.38,3560.8,1.38,2024-06-17
手部束带,略有磨损,★,45605,裹手（★） | 套印,336,2439.5,3444.65,1.41,2024-06-17
手部束带,略有磨损,★,42880,裹手（★） | 皮革,41,2275.5,3554.71,1.56,2024-06-17
手部束带,破损不堪,★,755893,裹手（★） | 钴蓝骷髅,69,2244.5,3212.5,1.43,2024-06-17
手部束带,崭新出厂,★,757195,裹手（★） | 防水布胶带,9,1899.5,3202.92,1.69,2024-06-17
手部束带,战痕累累,★,45552,裹手（★） | 钴蓝骷髅,67,1838.5,2586.34,1.41,2024-06-17
手部束带,久经沙场,★,42883,裹手（★） | 屠夫,99,1699.5,2550.86,1.5,2024-06-17
手部束带,崭新出厂,★,836553,裹手（★） | 蟒蛇,17,1699.5,3155.84,1.86,2024-06-17
手部束带,崭新出厂,★,836541,裹手（★） | 沙漠头巾,8,1598.5,2901.19,1.81,2024-06-17
手部束带,崭新出厂,★,755872,裹手（★） | 森林色调,16,1579.5,2756.1,1.74,2024-06-17
手部束带,久经沙场,★,835879,裹手（★） | 警告！,461,1474.5,2073.57,1.41,2024-06-17
手部束带,破损不堪,★,42885,裹手（★） | 屠夫,8,1419.5,2426.59,1.71,2024-06-17
手部束带,久经沙场,★,45578,裹手（★） | 套印,939,1405.05,2082.49,1.48,2024-06-17
手部束带,略有磨损,★,42876,裹手（★） | 恶土,43,1386.5,1935.15,1.4,2024-06-17
手部束带,破损不堪,★,836140,裹手（★） | 警告！,53,1259,1727.95,1.37,2024-06-17
手部束带,战痕累累,★,42882,裹手（★） | 屠夫,18,1239.49,1813.55,1.46,2024-06-17
手部束带,久经沙场,★,42879,裹手（★） | 皮革,80,1199.5,1596.06,1.33,2024-06-17
手部束带,破损不堪,★,45555,裹手（★） | 套印,91,1176.5,1668.6,1.42,2024-06-17
手部束带,略有磨损,★,42889,裹手（★） | 云杉 DDPAT,33,1097,1625.58,1.48,2024-06-17
手部束带,战痕累累,★,836145,裹手（★） | 警告！,60,1034.5,1378.41,1.33,2024-06-17
手部束带,破损不堪,★,42881,裹手（★） | 皮革,8,1034.5,1955.39,1.89,2024-06-17
手部束带,战痕累累,★,42878,裹手（★） | 皮革,18,959.5,1540.48,1.61,2024-06-17
手部束带,略有磨损,★,836095,裹手（★） | 长颈鹿,166,785.49,1098.96,1.4,2024-06-17
手部束带,略有磨损,★,45506,裹手（★） | 森林色调,163,748.47,1066.46,1.42,2024-06-17
手部束带,久经沙场,★,42888,裹手（★） | 云杉 DDPAT,111,743.5,1086.77,1.46,2024-06-17
手部束带,久经沙场,★,42875,裹手（★） | 恶土,112,729.5,1124.42,1.54,2024-06-17
手部束带,战痕累累,★,45554,裹手（★） | 套印,139,709.5,1021.77,1.44,2024-06-17
手部束带,略有磨损,★,836156,裹手（★） | 蟒蛇,105,649.5,944.79,1.45,2024-06-17
手部束带,破损不堪,★,42890,裹手（★） | 云杉 DDPAT,14,649,1027.93,1.58,2024-06-17
手部束带,破损不堪,★,42877,裹手（★） | 恶土,16,634.38,943.05,1.49,2024-06-17
手部束带,略有磨损,★,45430,裹手（★） | 防水布胶带,92,612.89,845.55,1.38,2024-06-17
手部束带,战痕累累,★,42886,裹手（★） | 云杉 DDPAT,16,598.5,1198.64,2.0,2024-06-17
手部束带,战痕累累,★,42874,裹手（★） | 恶土,18,569.3,857.3,1.51,2024-06-17
手部束带,略有磨损,★,836030,裹手（★） | 沙漠头巾,80,559.5,834.3,1.49,2024-06-17
手部束带,久经沙场,★,45450,裹手（★） | 森林色调,299,544.5,754.5,1.39,2024-06-17
手部束带,久经沙场,★,836001,裹手（★） | 长颈鹿,380,539.5,774.23,1.44,2024-06-17
手部束带,久经沙场,★,835886,裹手（★） | 蟒蛇,146,499.5,689.28,1.38,2024-06-17
手部束带,破损不堪,★,45470,裹手（★） | 森林色调,46,494.4,716.19,1.45,2024-06-17
手部束带,破损不堪,★,836373,裹手（★） | 长颈鹿,54,483.5,696.03,1.44,2024-06-17
手部束带,久经沙场,★,45429,裹手（★） | 防水布胶带,159,479.5,674.26,1.41,2024-06-17
手部束带,久经沙场,★,836046,裹手（★） | 沙漠头巾,93,478.4,639.29,1.34,2024-06-17
手部束带,破损不堪,★,836158,裹手（★） | 蟒蛇,24,465.5,652.21,1.4,2024-06-17
手部束带,破损不堪,★,45408,裹手（★） | 防水布胶带,20,451.5,665.77,1.47,2024-06-17
手部束带,战痕累累,★,836021,裹手（★） | 蟒蛇,48,449.88,674.91,1.5,2024-06-17
手部束带,战痕累累,★,836083,裹手（★） | 长颈鹿,62,447,631.31,1.41,2024-06-17
手部束带,战痕累累,★,45449,裹手（★） | 森林色调,50,439.5,578.5,1.32,2024-06-17
手部束带,战痕累累,★,45553,裹手（★） | 防水布胶带,31,438,619.34,1.41,2024-06-17
手部束带,破损不堪,★,836062,裹手（★） | 沙漠头巾,17,437.5,653.0,1.49,2024-06-17
手部束带,战痕累累,★,836114,裹手（★） | 沙漠头巾,28,432.5,599.9,1.39,2024-06-17
手部束带,崭新出厂,★,759322,裹手（★） | 钴蓝骷髅,26,14098.5,13939.3,0.99,2024-06-17
手部束带,崭新出厂,★,755859,裹手（★） | 屠夫,2,10448.5,10505.97,1.01,2024-06-17
手部束带,崭新出厂,★,755683,裹手（★） | 皮革,6,7776.5,5711.99,0.73,2024-06-17
手部束带,崭新出厂,★,850627,裹手（★） | 警告！,12,6649.5,5824.23,0.88,2024-06-17
手部束带,崭新出厂,★,761881,裹手（★） | 套印,34,5549,9919.27,1.79,2024-06-17
手部束带,略有磨损,★,422813,裹手（★） | 钴蓝骷髅,241,5269,7353.76,1.4,2024-06-17
手部束带,崭新出厂,★,42887,裹手（★） | 云杉 DDPAT,5,4398.98,4307.03,0.98,2024-06-17
手部束带,崭新出厂,★,45596,裹手（★） | 恶土,7,3648.5,5803.77,1.59,2024-06-17
手部束带,略有磨损,★,42884,裹手（★） | 屠夫,48,3449,5747.54,1.67,2024-06-17
手部束带,崭新出厂,★,838184,裹手（★） | 长颈鹿,7,2998.5,6548.04,2.18,2024-06-17
手部束带,久经沙场,★,45471,裹手（★） | 钴蓝骷髅,594,2758.5,3837.43,1.39,2024-06-17
手部束带,略有磨损,★,835907,裹手（★） | 警告！,184,2588.38,3560.8,1.38,2024-06-17
手部束带,略有磨损,★,45605,裹手（★） | 套印,336,2439.5,3444.65,1.41,2024-06-17
手部束带,略有磨损,★,42880,裹手（★） | 皮革,41,2275.5,3554.71,1.56,2024-06-17
手部束带,破损不堪,★,755893,裹手（★） | 钴蓝骷髅,69,2244.5,3212.5,1.43,2024-06-17
手部束带,崭新出厂,★,757195,裹手（★） | 防水布胶带,9,1899.5,3202.92,1.69,2024-06-17
手部束带,战痕累累,★,45552,裹手（★） | 钴蓝骷髅,67,1838.5,2586.34,1.41,2024-06-17
手部束带,久经沙场,★,42883,裹手（★） | 屠夫,99,1699.5,2550.86,1.5,2024-06-17
手部束带,崭新出厂,★,836553,裹手（★） | 蟒蛇,17,1699.5,3155.84,1.86,2024-06-17
手部束带,崭新出厂,★,836541,裹手（★） | 沙漠头巾,8,1598.5,2901.19,1.81,2024-06-17
手部束带,崭新出厂,★,755872,裹手（★） | 森林色调,16,1579.5,2756.1,1.74,2024-06-17
手部束带,久经沙场,★,835879,裹手（★） | 警告！,461,1474.5,2073.57,1.41,2024-06-17
手部束带,破损不堪,★,42885,裹手（★） | 屠夫,8,1419.5,2426.59,1.71,2024-06-17
手部束带,久经沙场,★,45578,裹手（★） | 套印,939,1405.05,2082.49,1.48,2024-06-17
手部束带,略有磨损,★,42876,裹手（★） | 恶土,43,1386.5,1935.15,1.4,2024-06-17
手部束带,破损不堪,★,836140,裹手（★） | 警告！,53,1259,1727.95,1.37,2024-06-17
手部束带,战痕累累,★,42882,裹手（★） | 屠夫,18,1239.49,1813.55,1.46,2024-06-17
手部束带,久经沙场,★,42879,裹手（★） | 皮革,80,1199.5,1596.06,1.33,2024-06-17
手部束带,破损不堪,★,45555,裹手（★） | 套印,91,1176.5,1668.6,1.42,2024-06-17
手部束带,略有磨损,★,42889,裹手（★） | 云杉 DDPAT,33,1097,1625.58,1.48,2024-06-17
手部束带,战痕累累,★,836145,裹手（★） | 警告！,60,1034.5,1378.41,1.33,2024-06-17
手部束带,破损不堪,★,42881,裹手（★） | 皮革,8,1034.5,1955.39,1.89,2024-06-17
手部束带,战痕累累,★,42878,裹手（★） | 皮革,18,959.5,1540.48,1.61,2024-06-17
手部束带,略有磨损,★,836095,裹手（★） | 长颈鹿,166,785.49,1098.96,1.4,2024-06-17
手部束带,略有磨损,★,45506,裹手（★） | 森林色调,163,748.47,1066.46,1.42,2024-06-17
手部束带,久经沙场,★,42888,裹手（★） | 云杉 DDPAT,111,743.5,1086.77,1.46,2024-06-17
手部束带,久经沙场,★,42875,裹手（★） | 恶土,112,729.5,1124.42,1.54,2024-06-17
手部束带,战痕累累,★,45554,裹手（★） | 套印,139,709.5,1021.77,1.44,2024-06-17
手部束带,略有磨损,★,836156,裹手（★） | 蟒蛇,105,649.5,944.79,1.45,2024-06-17
手部束带,破损不堪,★,42890,裹手（★） | 云杉 DDPAT,14,649,1027.93,1.58,2024-06-17
手部束带,破损不堪,★,42877,裹手（★） | 恶土,16,634.38,943.05,1.49,2024-06-17
手部束带,略有磨损,★,45430,裹手（★） | 防水布胶带,92,612.89,845.55,1.38,2024-06-17
手部束带,战痕累累,★,42886,裹手（★） | 云杉 DDPAT,16,598.5,1198.64,2.0,2024-06-17
手部束带,战痕累累,★,42874,裹手（★） | 恶土,18,569.3,857.3,1.51,2024-06-17
手部束带,略有磨损,★,836030,裹手（★） | 沙漠头巾,80,559.5,834.3,1.49,2024-06-17
手部束带,久经沙场,★,45450,裹手（★） | 森林色调,299,544.5,754.5,1.39,2024-06-17
手部束带,久经沙场,★,836001,裹手（★） | 长颈鹿,380,539.5,774.23,1.44,2024-06-17
手部束带,久经沙场,★,835886,裹手（★） | 蟒蛇,146,499.5,689.28,1.38,2024-06-17
手部束带,破损不堪,★,45470,裹手（★） | 森林色调,46,494.4,716.19,1.45,2024-06-17
手部束带,破损不堪,★,836373,裹手（★） | 长颈鹿,54,483.5,696.03,1.44,2024-06-17
手部束带,久经沙场,★,45429,裹手（★） | 防水布胶带,159,479.5,674.26,1.41,2024-06-17
手部束带,久经沙场,★,836046,裹手（★） | 沙漠头巾,93,478.4,639.29,1.34,2024-06-17
手部束带,破损不堪,★,836158,裹手（★） | 蟒蛇,24,465.5,652.21,1.4,2024-06-17
手部束带,破损不堪,★,45408,裹手（★） | 防水布胶带,20,451.5,665.77,1.47,2024-06-17
手部束带,战痕累累,★,836021,裹手（★） | 蟒蛇,48,449.88,674.91,1.5,2024-06-17
手部束带,战痕累累,★,836083,裹手（★） | 长颈鹿,62,447,631.31,1.41,2024-06-17
手部束带,战痕累累,★,45449,裹手（★） | 森林色调,50,439.5,578.5,1.32,2024-06-17
手部束带,战痕累累,★,45553,裹手（★） | 防水布胶带,31,438,619.34,1.41,2024-06-17
手部束带,破损不堪,★,836062,裹手（★） | 沙漠头巾,17,437.5,653.0,1.49,2024-06-17
手部束带,战痕累累,★,836114,裹手（★） | 沙漠头巾,28,432.5,599.9,1.39,2024-06-17
手部束带,崭新出厂,★,759322,裹手（★） | 钴蓝骷髅,26,14098.5,13939.3,0.99,2024-06-17
手部束带,崭新出厂,★,755859,裹手（★） | 屠夫,2,10448.5,10505.97,1.01,2024-06-17
手部束带,崭新出厂,★,755683,裹手（★） | 皮革,6,7776.5,5711.99,0.73,2024-06-17
手部束带,崭新出厂,★,850627,裹手（★） | 警告！,12,6649.5,5824.23,0.88,2024-06-17
手部束带,崭新出厂,★,761881,裹手（★） | 套印,34,5549,9919.27,1.79,2024-06-17
手部束带,略有磨损,★,422813,裹手（★） | 钴蓝骷髅,241,5269,7353.76,1.4,2024-06-17
手部束带,崭新出厂,★,42887,裹手（★） | 云杉 DDPAT,5,4398.98,4307.03,0.98,2024-06-17
手部束带,崭新出厂,★,45596,裹手（★） | 恶土,7,3648.5,5803.77,1.59,2024-06-17
手部束带,略有磨损,★,42884,裹手（★） | 屠夫,48,3449,5747.54,1.67,2024-06-17
手部束带,崭新出厂,★,838184,裹手（★） | 长颈鹿,7,2998.5,6548.04,2.18,2024-06-17
手部束带,久经沙场,★,45471,裹手（★） | 钴蓝骷髅,593,2758.5,3837.43,1.39,2024-06-17
手部束带,略有磨损,★,835907,裹手（★） | 警告！,184,2588.38,3560.8,1.38,2024-06-17
手部束带,略有磨损,★,45605,裹手（★） | 套印,336,2439.5,3444.65,1.41,2024-06-17
手部束带,略有磨损,★,42880,裹手（★） | 皮革,41,2275.5,3554.71,1.56,2024-06-17
手部束带,破损不堪,★,755893,裹手（★） | 钴蓝骷髅,69,2244.5,3212.5,1.43,2024-06-17
手部束带,崭新出厂,★,757195,裹手（★） | 防水布胶带,9,1899.5,3202.92,1.69,2024-06-17
手部束带,战痕累累,★,45552,裹手（★） | 钴蓝骷髅,67,1838.5,2586.34,1.41,2024-06-17
手部束带,久经沙场,★,42883,裹手（★） | 屠夫,99,1699.5,2550.86,1.5,2024-06-17
手部束带,崭新出厂,★,836553,裹手（★） | 蟒蛇,17,1699.5,3155.84,1.86,2024-06-17
手部束带,崭新出厂,★,836541,裹手（★） | 沙漠头巾,8,1598.5,2901.19,1.81,2024-06-17
手部束带,崭新出厂,★,755872,裹手（★） | 森林色调,16,1579.5,2756.1,1.74,2024-06-17
手部束带,久经沙场,★,835879,裹手（★） | 警告！,461,1474.5,2073.57,1.41,2024-06-17
手部束带,破损不堪,★,42885,裹手（★） | 屠夫,8,1419.5,2426.59,1.71,2024-06-17
手部束带,久经沙场,★,45578,裹手（★） | 套印,939,1405.05,2082.49,1.48,2024-06-17
手部束带,略有磨损,★,42876,裹手（★） | 恶土,43,1386.5,1935.15,1.4,2024-06-17
手部束带,破损不堪,★,836140,裹手（★） | 警告！,53,1259,1727.95,1.37,2024-06-17
手部束带,战痕累累,★,42882,裹手（★） | 屠夫,18,1239.49,1813.55,1.46,2024-06-17
手部束带,久经沙场,★,42879,裹手（★） | 皮革,80,1199.5,1596.06,1.33,2024-06-17
手部束带,破损不堪,★,45555,裹手（★） | 套印,91,1176.5,1668.6,1.42,2024-06-17
手部束带,略有磨损,★,42889,裹手（★） | 云杉 DDPAT,33,1097,1625.58,1.48,2024-06-17
手部束带,战痕累累,★,836145,裹手（★） | 警告！,60,1034.5,1378.41,1.33,2024-06-17
手部束带,破损不堪,★,42881,裹手（★） | 皮革,8,1034.5,1955.39,1.89,2024-06-17
手部束带,战痕累累,★,42878,裹手（★） | 皮革,18,959.5,1540.48,1.61,2024-06-17
手部束带,略有磨损,★,836095,裹手（★） | 长颈鹿,166,785.49,1098.96,1.4,2024-06-17
手部束带,略有磨损,★,45506,裹手（★） | 森林色调,163,748.47,1066.46,1.42,2024-06-17
手部束带,久经沙场,★,42888,裹手（★） | 云杉 DDPAT,111,743.5,1086.77,1.46,2024-06-17
手部束带,久经沙场,★,42875,裹手（★） | 恶土,112,729.5,1124.42,1.54,2024-06-17
手部束带,战痕累累,★,45554,裹手（★） | 套印,139,709.5,1021.77,1.44,2024-06-17
手部束带,略有磨损,★,836156,裹手（★） | 蟒蛇,105,649.5,944.79,1.45,2024-06-17
手部束带,破损不堪,★,42890,裹手（★） | 云杉 DDPAT,14,649,1027.93,1.58,2024-06-17
手部束带,破损不堪,★,42877,裹手（★） | 恶土,16,634.38,943.05,1.49,2024-06-17
手部束带,略有磨损,★,45430,裹手（★） | 防水布胶带,92,612.89,845.55,1.38,2024-06-17
手部束带,战痕累累,★,42886,裹手（★） | 云杉 DDPAT,16,598.5,1198.64,2.0,2024-06-17
手部束带,战痕累累,★,42874,裹手（★） | 恶土,18,569.3,857.3,1.51,2024-06-17
手部束带,略有磨损,★,836030,裹手（★） | 沙漠头巾,80,559.5,834.3,1.49,2024-06-17
手部束带,久经沙场,★,45450,裹手（★） | 森林色调,299,544.5,754.5,1.39,2024-06-17
手部束带,久经沙场,★,836001,裹手（★） | 长颈鹿,380,539.5,774.23,1.44,2024-06-17
手部束带,久经沙场,★,835886,裹手（★） | 蟒蛇,146,499.5,689.28,1.38,2024-06-17
手部束带,破损不堪,★,45470,裹手（★） | 森林色调,46,494.4,716.19,1.45,2024-06-17
手部束带,破损不堪,★,836373,裹手（★） | 长颈鹿,54,483.5,696.03,1.44,2024-06-17
手部束带,久经沙场,★,45429,裹手（★） | 防水布胶带,159,479.5,674.26,1.41,2024-06-17
手部束带,久经沙场,★,836046,裹手（★） | 沙漠头巾,93,478.4,639.29,1.34,2024-06-17
手部束带,破损不堪,★,836158,裹手（★） | 蟒蛇,24,465.5,652.21,1.4,2024-06-17
手部束带,破损不堪,★,45408,裹手（★） | 防水布胶带,20,451.5,665.77,1.47,2024-06-17
手部束带,战痕累累,★,836021,裹手（★） | 蟒蛇,48,449.88,674.91,1.5,2024-06-17
手部束带,战痕累累,★,836083,裹手（★） | 长颈鹿,62,447,631.31,1.41,2024-06-17
手部束带,战痕累累,★,45449,裹手（★） | 森林色调,50,439.5,578.5,1.32,2024-06-17
手部束带,战痕累累,★,45553,裹手（★） | 防水布胶带,31,438,619.34,1.41,2024-06-17
手部束带,破损不堪,★,836062,裹手（★） | 沙漠头巾,17,437.5,653.0,1.49,2024-06-17
手部束带,战痕累累,★,836114,裹手（★） | 沙漠头巾,28,432.5,599.9,1.39,2024-06-17
手部束带,崭新出厂,★,759322,裹手（★） | 钴蓝骷髅,26,14098.5,13939.3,0.99,2024-06-17
手部束带,崭新出厂,★,755859,裹手（★） | 屠夫,2,10448.5,10505.97,1.01,2024-06-17
手部束带,崭新出厂,★,755683,裹手（★） | 皮革,6,7776.5,5711.99,0.73,2024-06-17
手部束带,崭新出厂,★,850627,裹手（★） | 警告！,12,6649.5,5824.23,0.88,2024-06-17
手部束带,崭新出厂,★,761881,裹手（★） | 套印,34,5549,9919.27,1.79,2024-06-17
手部束带,略有磨损,★,422813,裹手（★） | 钴蓝骷髅,241,5269,7353.76,1.4,2024-06-17
手部束带,崭新出厂,★,42887,裹手（★） | 云杉 DDPAT,5,4398.98,4307.03,0.98,2024-06-17
手部束带,崭新出厂,★,45596,裹手（★） | 恶土,7,3648.5,5803.77,1.59,2024-06-17
手部束带,略有磨损,★,42884,裹手（★） | 屠夫,48,3449,5747.54,1.67,2024-06-17
手部束带,崭新出厂,★,838184,裹手（★） | 长颈鹿,7,2998.5,6548.04,2.18,2024-06-17
手部束带,久经沙场,★,45471,裹手（★） | 钴蓝骷髅,593,2758.5,3837.43,1.39,2024-06-17
手部束带,略有磨损,★,835907,裹手（★） | 警告！,184,2588.38,3560.8,1.38,2024-06-17
手部束带,略有磨损,★,45605,裹手（★） | 套印,336,2439.5,3444.65,1.41,2024-06-17
手部束带,略有磨损,★,42880,裹手（★） | 皮革,41,2275.5,3554.71,1.56,2024-06-17
手部束带,破损不堪,★,755893,裹手（★） | 钴蓝骷髅,69,2244.5,3212.5,1.43,2024-06-17
手部束带,崭新出厂,★,757195,裹手（★） | 防水布胶带,9,1899.5,3202.92,1.69,2024-06-17
手部束带,战痕累累,★,45552,裹手（★） | 钴蓝骷髅,67,1838.5,2586.34,1.41,2024-06-17
手部束带,久经沙场,★,42883,裹手（★） | 屠夫,99,1699.5,2550.86,1.5,2024-06-17
手部束带,崭新出厂,★,836553,裹手（★） | 蟒蛇,17,1699.5,3155.84,1.86,2024-06-17
手部束带,崭新出厂,★,836541,裹手（★） | 沙漠头巾,8,1598.5,2901.19,1.81,2024-06-17
手部束带,崭新出厂,★,755872,裹手（★） | 森林色调,16,1579.5,2756.1,1.74,2024-06-17
手部束带,久经沙场,★,835879,裹手（★） | 警告！,461,1474.5,2073.57,1.41,2024-06-17
手部束带,破损不堪,★,42885,裹手（★） | 屠夫,8,1419.5,2426.59,1.71,2024-06-17
手部束带,久经沙场,★,45578,裹手（★） | 套印,939,1405.05,2082.49,1.48,2024-06-17
手部束带,略有磨损,★,42876,裹手（★） | 恶土,43,1386.5,1935.15,1.4,2024-06-17
手部束带,破损不堪,★,836140,裹手（★） | 警告！,53,1259,1727.95,1.37,2024-06-17
手部束带,战痕累累,★,42882,裹手（★） | 屠夫,18,1239.49,1813.55,1.46,2024-06-17
手部束带,久经沙场,★,42879,裹手（★） | 皮革,80,1199.5,1596.06,1.33,2024-06-17
手部束带,破损不堪,★,45555,裹手（★） | 套印,91,1176.5,1668.6,1.42,2024-06-17
手部束带,略有磨损,★,42889,裹手（★） | 云杉 DDPAT,33,1097,1625.58,1.48,2024-06-17
手部束带,战痕累累,★,836145,裹手（★） | 警告！,60,1034.5,1378.41,1.33,2024-06-17
手部束带,破损不堪,★,42881,裹手（★） | 皮革,8,1034.5,1955.39,1.89,2024-06-17
手部束带,战痕累累,★,42878,裹手（★） | 皮革,18,959.5,1540.48,1.61,2024-06-17
手部束带,略有磨损,★,836095,裹手（★） | 长颈鹿,166,785.49,1098.96,1.4,2024-06-17
手部束带,略有磨损,★,45506,裹手（★） | 森林色调,163,748.47,1066.46,1.42,2024-06-17
手部束带,久经沙场,★,42888,裹手（★） | 云杉 DDPAT,111,743.5,1086.77,1.46,2024-06-17
手部束带,久经沙场,★,42875,裹手（★） | 恶土,112,729.5,1124.42,1.54,2024-06-17
手部束带,战痕累累,★,45554,裹手（★） | 套印,139,709.5,1021.77,1.44,2024-06-17
手部束带,略有磨损,★,836156,裹手（★） | 蟒蛇,105,649.5,944.79,1.45,2024-06-17
手部束带,破损不堪,★,42890,裹手（★） | 云杉 DDPAT,14,649,1027.93,1.58,2024-06-17
手部束带,破损不堪,★,42877,裹手（★） | 恶土,16,634.38,943.05,1.49,2024-06-17
手部束带,略有磨损,★,45430,裹手（★） | 防水布胶带,92,612.89,845.55,1.38,2024-06-17
手部束带,战痕累累,★,42886,裹手（★） | 云杉 DDPAT,16,598.5,1198.64,2.0,2024-06-17
手部束带,战痕累累,★,42874,裹手（★） | 恶土,18,569.3,857.3,1.51,2024-06-17
手部束带,略有磨损,★,836030,裹手（★） | 沙漠头巾,80,559.5,834.3,1.49,2024-06-17
手部束带,久经沙场,★,45450,裹手（★） | 森林色调,299,544.5,754.5,1.39,2024-06-17
手部束带,久经沙场,★,836001,裹手（★） | 长颈鹿,380,539.5,774.23,1.44,2024-06-17
手部束带,久经沙场,★,835886,裹手（★） | 蟒蛇,146,499.5,689.28,1.38,2024-06-17
手部束带,破损不堪,★,45470,裹手（★） | 森林色调,46,494.4,716.19,1.45,2024-06-17
手部束带,破损不堪,★,836373,裹手（★） | 长颈鹿,54,483.5,696.03,1.44,2024-06-17
手部束带,久经沙场,★,45429,裹手（★） | 防水布胶带,159,479.5,674.26,1.41,2024-06-17
手部束带,久经沙场,★,836046,裹手（★） | 沙漠头巾,93,478.4,639.29,1.34,2024-06-17
手部束带,破损不堪,★,836158,裹手（★） | 蟒蛇,24,465.5,652.21,1.4,2024-06-17
手部束带,破损不堪,★,45408,裹手（★） | 防水布胶带,20,451.5,665.77,1.47,2024-06-17
手部束带,战痕累累,★,836021,裹手（★） | 蟒蛇,48,449.88,674.91,1.5,2024-06-17
手部束带,战痕累累,★,836083,裹手（★） | 长颈鹿,62,447,631.31,1.41,2024-06-17
手部束带,战痕累累,★,45449,裹手（★） | 森林色调,50,439.5,578.5,1.32,2024-06-17
手部束带,战痕累累,★,45553,裹手（★） | 防水布胶带,31,438,619.34,1.41,2024-06-17
手部束带,破损不堪,★,836062,裹手（★） | 沙漠头巾,17,437.5,653.0,1.49,2024-06-17
手部束带,战痕累累,★,836114,裹手（★） | 沙漠头巾,28,432.5,599.9,1.39,2024-06-17
手部束带,崭新出厂,★,759322,裹手（★） | 钴蓝骷髅,26,14098.5,13939.3,0.99,2024-06-17
手部束带,崭新出厂,★,755859,裹手（★） | 屠夫,2,10448.5,10505.97,1.01,2024-06-17
手部束带,崭新出厂,★,755683,裹手（★） | 皮革,6,7776.5,5711.99,0.73,2024-06-17
手部束带,崭新出厂,★,850627,裹手（★） | 警告！,12,6649.5,5824.23,0.88,2024-06-17
手部束带,崭新出厂,★,761881,裹手（★） | 套印,34,5549,9919.27,1.79,2024-06-17
手部束带,略有磨损,★,422813,裹手（★） | 钴蓝骷髅,241,5269,7353.76,1.4,2024-06-17
手部束带,崭新出厂,★,42887,裹手（★） | 云杉 DDPAT,5,4398.98,4307.03,0.98,2024-06-17
手部束带,崭新出厂,★,45596,裹手（★） | 恶土,7,3648.5,5803.77,1.59,2024-06-17
手部束带,略有磨损,★,42884,裹手（★） | 屠夫,48,3449,5747.54,1.67,2024-06-17
手部束带,崭新出厂,★,838184,裹手（★） | 长颈鹿,7,2998.5,6548.04,2.18,2024-06-17
手部束带,久经沙场,★,45471,裹手（★） | 钴蓝骷髅,593,2758.5,3837.43,1.39,2024-06-17
手部束带,略有磨损,★,835907,裹手（★） | 警告！,184,2588.38,3560.8,1.38,2024-06-17
手部束带,略有磨损,★,45605,裹手（★） | 套印,336,2439.5,3444.65,1.41,2024-06-17
手部束带,略有磨损,★,42880,裹手（★） | 皮革,41,2275.5,3554.71,1.56,2024-06-17
手部束带,破损不堪,★,755893,裹手（★） | 钴蓝骷髅,69,2244.5,3212.5,1.43,2024-06-17
手部束带,崭新出厂,★,757195,裹手（★） | 防水布胶带,9,1899.5,3202.92,1.69,2024-06-17
手部束带,战痕累累,★,45552,裹手（★） | 钴蓝骷髅,67,1838.5,2586.34,1.41,2024-06-17
手部束带,久经沙场,★,42883,裹手（★） | 屠夫,99,1699.5,2550.86,1.5,2024-06-17
手部束带,崭新出厂,★,836553,裹手（★） | 蟒蛇,17,1699.5,3155.84,1.86,2024-06-17
手部束带,崭新出厂,★,836541,裹手（★） | 沙漠头巾,8,1598.5,2901.19,1.81,2024-06-17
手部束带,崭新出厂,★,755872,裹手（★） | 森林色调,16,1579.5,2756.1,1.74,2024-06-17
手部束带,久经沙场,★,835879,裹手（★） | 警告！,461,1474.5,2073.57,1.41,2024-06-17
手部束带,破损不堪,★,42885,裹手（★） | 屠夫,8,1419.5,2426.59,1.71,2024-06-17
手部束带,久经沙场,★,45578,裹手（★） | 套印,939,1405.05,2082.49,1.48,2024-06-17
手部束带,略有磨损,★,42876,裹手（★） | 恶土,43,1386.5,1935.15,1.4,2024-06-17
手部束带,破损不堪,★,836140,裹手（★） | 警告！,53,1259,1727.95,1.37,2024-06-17
手部束带,战痕累累,★,42882,裹手（★） | 屠夫,18,1239.49,1813.55,1.46,2024-06-17
手部束带,久经沙场,★,42879,裹手（★） | 皮革,80,1199.5,1596.06,1.33,2024-06-17
手部束带,破损不堪,★,45555,裹手（★） | 套印,91,1176.5,1668.6,1.42,2024-06-17
手部束带,略有磨损,★,42889,裹手（★） | 云杉 DDPAT,33,1097,1625.58,1.48,2024-06-17
手部束带,战痕累累,★,836145,裹手（★） | 警告！,60,1034.5,1378.41,1.33,2024-06-17
手部束带,破损不堪,★,42881,裹手（★） | 皮革,8,1034.5,1955.39,1.89,2024-06-17
手部束带,战痕累累,★,42878,裹手（★） | 皮革,18,959.5,1540.48,1.61,2024-06-17
手部束带,略有磨损,★,836095,裹手（★） | 长颈鹿,166,785.49,1098.96,1.4,2024-06-17
手部束带,略有磨损,★,45506,裹手（★） | 森林色调,163,748.47,1066.46,1.42,2024-06-17
手部束带,久经沙场,★,42888,裹手（★） | 云杉 DDPAT,111,743.5,1086.77,1.46,2024-06-17
手部束带,久经沙场,★,42875,裹手（★） | 恶土,112,729.5,1124.42,1.54,2024-06-17
手部束带,战痕累累,★,45554,裹手（★） | 套印,139,709.5,1021.77,1.44,2024-06-17
手部束带,略有磨损,★,836156,裹手（★） | 蟒蛇,105,649.5,944.79,1.45,2024-06-17
手部束带,破损不堪,★,42890,裹手（★） | 云杉 DDPAT,14,649,1027.93,1.58,2024-06-17
手部束带,破损不堪,★,42877,裹手（★） | 恶土,16,634.38,943.05,1.49,2024-06-17
手部束带,略有磨损,★,45430,裹手（★） | 防水布胶带,92,612.89,845.55,1.38,2024-06-17
手部束带,战痕累累,★,42886,裹手（★） | 云杉 DDPAT,16,598.5,1198.64,2.0,2024-06-17
手部束带,战痕累累,★,42874,裹手（★） | 恶土,18,569.3,857.3,1.51,2024-06-17
手部束带,略有磨损,★,836030,裹手（★） | 沙漠头巾,80,559.5,834.3,1.49,2024-06-17
手部束带,久经沙场,★,45450,裹手（★） | 森林色调,299,544.5,754.5,1.39,2024-06-17
手部束带,久经沙场,★,836001,裹手（★） | 长颈鹿,380,539.5,774.23,1.44,2024-06-17
手部束带,久经沙场,★,835886,裹手（★） | 蟒蛇,146,499.5,689.28,1.38,2024-06-17
手部束带,破损不堪,★,45470,裹手（★） | 森林色调,46,494.4,716.19,1.45,2024-06-17
手部束带,破损不堪,★,836373,裹手（★） | 长颈鹿,54,483.5,696.03,1.44,2024-06-17
手部束带,久经沙场,★,45429,裹手（★） | 防水布胶带,159,479.5,674.26,1.41,2024-06-17
手部束带,久经沙场,★,836046,裹手（★） | 沙漠头巾,93,478.4,639.29,1.34,2024-06-17
手部束带,破损不堪,★,836158,裹手（★） | 蟒蛇,24,465.5,652.21,1.4,2024-06-17
手部束带,破损不堪,★,45408,裹手（★） | 防水布胶带,20,451.5,665.77,1.47,2024-06-17
手部束带,战痕累累,★,836021,裹手（★） | 蟒蛇,48,449.88,674.91,1.5,2024-06-17
手部束带,战痕累累,★,836083,裹手（★） | 长颈鹿,62,447,631.31,1.41,2024-06-17
手部束带,战痕累累,★,45449,裹手（★） | 森林色调,50,439.5,578.5,1.32,2024-06-17
手部束带,战痕累累,★,45553,裹手（★） | 防水布胶带,31,438,619.34,1.41,2024-06-17
手部束带,破损不堪,★,836062,裹手（★） | 沙漠头巾,17,437.5,653.0,1.49,2024-06-17
手部束带,战痕累累,★,836114,裹手（★） | 沙漠头巾,28,432.5,599.9,1.39,2024-06-17
