九头蛇手套,崭新出厂,★,757228,九头蛇手套（★） | 表面淬火,20,3949.5,5622.47,1.42,2024-06-17
九头蛇手套,崭新出厂,★,757169,九头蛇手套（★） | 翡翠色调,10,1915.5,3754.36,1.96,2024-06-17
九头蛇手套,崭新出厂,★,757210,九头蛇手套（★） | 响尾蛇,13,1398.5,2270.68,1.62,2024-06-17
九头蛇手套,崭新出厂,★,755860,九头蛇手套（★） | 红树林,10,1386.5,2209.01,1.59,2024-06-17
九头蛇手套,略有磨损,★,45556,九头蛇手套（★） | 表面淬火,177,999,1446.82,1.45,2024-06-17
九头蛇手套,久经沙场,★,45431,九头蛇手套（★） | 表面淬火,624,649,961.41,1.48,2024-06-17
九头蛇手套,破损不堪,★,45595,九头蛇手套（★） | 表面淬火,73,637.5,925.28,1.45,2024-06-17
九头蛇手套,战痕累累,★,45439,九头蛇手套（★） | 表面淬火,81,578.5,803.98,1.39,2024-06-17
九头蛇手套,略有磨损,★,45579,九头蛇手套（★） | 翡翠色调,92,568.89,784.32,1.38,2024-06-17
九头蛇手套,略有磨损,★,45512,九头蛇手套（★） | 红树林,55,468,665.19,1.42,2024-06-17
九头蛇手套,略有磨损,★,45472,九头蛇手套（★） | 响尾蛇,68,457.5,616.66,1.35,2024-06-17
九头蛇手套,久经沙场,★,45409,九头蛇手套（★） | 红树林,59,443.5,583.36,1.32,2024-06-17
九头蛇手套,久经沙场,★,45558,九头蛇手套（★） | 翡翠色调,113,441.2,643.28,1.46,2024-06-17
九头蛇手套,久经沙场,★,45410,九头蛇手套（★） | 响尾蛇,59,434.5,586.33,1.35,2024-06-17
九头蛇手套,战痕累累,★,45561,九头蛇手套（★） | 响尾蛇,12,427.4,565.87,1.32,2024-06-17
九头蛇手套,战痕累累,★,45557,九头蛇手套（★） | 翡翠色调,23,419.4,570.74,1.36,2024-06-17
九头蛇手套,破损不堪,★,45559,九头蛇手套（★） | 翡翠色调,17,417.5,619.34,1.48,2024-06-17
九头蛇手套,战痕累累,★,45507,九头蛇手套（★） | 红树林,20,414.95,580.31,1.4,2024-06-17
九头蛇手套,破损不堪,★,755611,九头蛇手套（★） | 响尾蛇,13,414.8,570.23,1.37,2024-06-17
九头蛇手套,破损不堪,★,45560,九头蛇手套（★） | 红树林,15,414.7,565.87,1.36,2024-06-17
九头蛇手套,崭新出厂,★,757228,九头蛇手套（★） | 表面淬火,20,3949.5,5622.47,1.42,2024-06-17
九头蛇手套,崭新出厂,★,757169,九头蛇手套（★） | 翡翠色调,10,1915.5,3754.36,1.96,2024-06-17
九头蛇手套,崭新出厂,★,757210,九头蛇手套（★） | 响尾蛇,13,1398.5,2270.68,1.62,2024-06-17
九头蛇手套,崭新出厂,★,755860,九头蛇手套（★） | 红树林,10,1386.5,2209.01,1.59,2024-06-17
九头蛇手套,略有磨损,★,45556,九头蛇手套（★） | 表面淬火,177,999,1446.82,1.45,2024-06-17
九头蛇手套,久经沙场,★,45431,九头蛇手套（★） | 表面淬火,624,649,961.41,1.48,2024-06-17
九头蛇手套,破损不堪,★,45595,九头蛇手套（★） | 表面淬火,73,637.5,925.28,1.45,2024-06-17
九头蛇手套,战痕累累,★,45439,九头蛇手套（★） | 表面淬火,81,578.5,803.98,1.39,2024-06-17
九头蛇手套,略有磨损,★,45579,九头蛇手套（★） | 翡翠色调,92,568.89,784.32,1.38,2024-06-17
九头蛇手套,略有磨损,★,45512,九头蛇手套（★） | 红树林,55,468,665.19,1.42,2024-06-17
九头蛇手套,略有磨损,★,45472,九头蛇手套（★） | 响尾蛇,68,457.5,616.66,1.35,2024-06-17
九头蛇手套,久经沙场,★,45409,九头蛇手套（★） | 红树林,59,443.5,583.36,1.32,2024-06-17
九头蛇手套,久经沙场,★,45558,九头蛇手套（★） | 翡翠色调,113,441.2,643.28,1.46,2024-06-17
九头蛇手套,久经沙场,★,45410,九头蛇手套（★） | 响尾蛇,59,434.5,586.33,1.35,2024-06-17
九头蛇手套,战痕累累,★,45561,九头蛇手套（★） | 响尾蛇,12,427.4,565.87,1.32,2024-06-17
九头蛇手套,战痕累累,★,45557,九头蛇手套（★） | 翡翠色调,23,419.4,570.74,1.36,2024-06-17
九头蛇手套,破损不堪,★,45559,九头蛇手套（★） | 翡翠色调,17,417.5,619.34,1.48,2024-06-17
九头蛇手套,战痕累累,★,45507,九头蛇手套（★） | 红树林,20,414.95,580.31,1.4,2024-06-17
九头蛇手套,破损不堪,★,755611,九头蛇手套（★） | 响尾蛇,13,414.8,570.23,1.37,2024-06-17
九头蛇手套,破损不堪,★,45560,九头蛇手套（★） | 红树林,15,414.7,565.87,1.36,2024-06-17
九头蛇手套,崭新出厂,★,757228,九头蛇手套（★） | 表面淬火,20,3949.5,5622.47,1.42,2024-06-17
九头蛇手套,崭新出厂,★,757169,九头蛇手套（★） | 翡翠色调,10,1915.5,3754.36,1.96,2024-06-17
九头蛇手套,崭新出厂,★,757210,九头蛇手套（★） | 响尾蛇,13,1398.5,2270.68,1.62,2024-06-17
九头蛇手套,崭新出厂,★,755860,九头蛇手套（★） | 红树林,10,1386.5,2209.01,1.59,2024-06-17
九头蛇手套,略有磨损,★,45556,九头蛇手套（★） | 表面淬火,177,999,1446.82,1.45,2024-06-17
九头蛇手套,久经沙场,★,45431,九头蛇手套（★） | 表面淬火,624,649,961.41,1.48,2024-06-17
九头蛇手套,破损不堪,★,45595,九头蛇手套（★） | 表面淬火,73,637.5,925.28,1.45,2024-06-17
九头蛇手套,战痕累累,★,45439,九头蛇手套（★） | 表面淬火,81,578.5,803.98,1.39,2024-06-17
九头蛇手套,略有磨损,★,45579,九头蛇手套（★） | 翡翠色调,92,568.89,784.32,1.38,2024-06-17
九头蛇手套,略有磨损,★,45512,九头蛇手套（★） | 红树林,55,468,665.19,1.42,2024-06-17
九头蛇手套,略有磨损,★,45472,九头蛇手套（★） | 响尾蛇,68,457.5,616.66,1.35,2024-06-17
九头蛇手套,久经沙场,★,45409,九头蛇手套（★） | 红树林,59,443.5,583.36,1.32,2024-06-17
九头蛇手套,久经沙场,★,45558,九头蛇手套（★） | 翡翠色调,113,441.2,643.28,1.46,2024-06-17
九头蛇手套,久经沙场,★,45410,九头蛇手套（★） | 响尾蛇,59,434.5,586.33,1.35,2024-06-17
九头蛇手套,战痕累累,★,45561,九头蛇手套（★） | 响尾蛇,12,427.4,565.87,1.32,2024-06-17
九头蛇手套,战痕累累,★,45557,九头蛇手套（★） | 翡翠色调,23,419.4,570.74,1.36,2024-06-17
九头蛇手套,破损不堪,★,45559,九头蛇手套（★） | 翡翠色调,17,417.5,619.34,1.48,2024-06-17
九头蛇手套,战痕累累,★,45507,九头蛇手套（★） | 红树林,20,414.95,580.31,1.4,2024-06-17
九头蛇手套,破损不堪,★,755611,九头蛇手套（★） | 响尾蛇,13,414.8,570.23,1.37,2024-06-17
九头蛇手套,破损不堪,★,45560,九头蛇手套（★） | 红树林,15,414.7,565.87,1.36,2024-06-17
九头蛇手套,崭新出厂,★,757228,九头蛇手套（★） | 表面淬火,20,3949.5,5622.47,1.42,2024-06-17
九头蛇手套,崭新出厂,★,757169,九头蛇手套（★） | 翡翠色调,10,1915.5,3754.36,1.96,2024-06-17
九头蛇手套,崭新出厂,★,757210,九头蛇手套（★） | 响尾蛇,13,1398.5,2270.68,1.62,2024-06-17
九头蛇手套,崭新出厂,★,755860,九头蛇手套（★） | 红树林,10,1386.5,2209.01,1.59,2024-06-17
九头蛇手套,略有磨损,★,45556,九头蛇手套（★） | 表面淬火,177,999,1446.82,1.45,2024-06-17
九头蛇手套,久经沙场,★,45431,九头蛇手套（★） | 表面淬火,624,649,961.41,1.48,2024-06-17
九头蛇手套,破损不堪,★,45595,九头蛇手套（★） | 表面淬火,73,637.5,925.28,1.45,2024-06-17
九头蛇手套,战痕累累,★,45439,九头蛇手套（★） | 表面淬火,81,578.5,803.98,1.39,2024-06-17
九头蛇手套,略有磨损,★,45579,九头蛇手套（★） | 翡翠色调,92,568.89,784.32,1.38,2024-06-17
九头蛇手套,略有磨损,★,45512,九头蛇手套（★） | 红树林,55,468,665.19,1.42,2024-06-17
九头蛇手套,略有磨损,★,45472,九头蛇手套（★） | 响尾蛇,68,457.5,616.66,1.35,2024-06-17
九头蛇手套,久经沙场,★,45409,九头蛇手套（★） | 红树林,59,443.5,583.36,1.32,2024-06-17
九头蛇手套,久经沙场,★,45558,九头蛇手套（★） | 翡翠色调,113,441.2,643.28,1.46,2024-06-17
九头蛇手套,久经沙场,★,45410,九头蛇手套（★） | 响尾蛇,59,434.5,586.33,1.35,2024-06-17
九头蛇手套,战痕累累,★,45561,九头蛇手套（★） | 响尾蛇,12,427.4,565.87,1.32,2024-06-17
九头蛇手套,战痕累累,★,45557,九头蛇手套（★） | 翡翠色调,23,419.4,570.74,1.36,2024-06-17
九头蛇手套,破损不堪,★,45559,九头蛇手套（★） | 翡翠色调,17,417.5,619.34,1.48,2024-06-17
九头蛇手套,战痕累累,★,45507,九头蛇手套（★） | 红树林,20,414.95,580.31,1.4,2024-06-17
九头蛇手套,破损不堪,★,755611,九头蛇手套（★） | 响尾蛇,13,414.8,570.23,1.37,2024-06-17
九头蛇手套,破损不堪,★,45560,九头蛇手套（★） | 红树林,15,414.7,565.87,1.36,2024-06-17
九头蛇手套,崭新出厂,★,757228,九头蛇手套（★） | 表面淬火,20,3949.5,5622.47,1.42,2024-06-17
九头蛇手套,崭新出厂,★,757169,九头蛇手套（★） | 翡翠色调,10,1915.5,3754.36,1.96,2024-06-17
九头蛇手套,崭新出厂,★,757210,九头蛇手套（★） | 响尾蛇,13,1398.5,2270.68,1.62,2024-06-17
九头蛇手套,崭新出厂,★,755860,九头蛇手套（★） | 红树林,10,1386.5,2209.01,1.59,2024-06-17
九头蛇手套,略有磨损,★,45556,九头蛇手套（★） | 表面淬火,177,999,1446.82,1.45,2024-06-17
九头蛇手套,久经沙场,★,45431,九头蛇手套（★） | 表面淬火,624,649,961.41,1.48,2024-06-17
九头蛇手套,破损不堪,★,45595,九头蛇手套（★） | 表面淬火,73,637.5,925.28,1.45,2024-06-17
九头蛇手套,战痕累累,★,45439,九头蛇手套（★） | 表面淬火,81,578.5,803.98,1.39,2024-06-17
九头蛇手套,略有磨损,★,45579,九头蛇手套（★） | 翡翠色调,92,568.89,784.32,1.38,2024-06-17
九头蛇手套,略有磨损,★,45512,九头蛇手套（★） | 红树林,55,468,665.19,1.42,2024-06-17
九头蛇手套,略有磨损,★,45472,九头蛇手套（★） | 响尾蛇,68,457.5,616.66,1.35,2024-06-17
九头蛇手套,久经沙场,★,45409,九头蛇手套（★） | 红树林,59,443.5,583.36,1.32,2024-06-17
九头蛇手套,久经沙场,★,45558,九头蛇手套（★） | 翡翠色调,113,441.2,643.28,1.46,2024-06-17
九头蛇手套,久经沙场,★,45410,九头蛇手套（★） | 响尾蛇,59,434.5,586.33,1.35,2024-06-17
九头蛇手套,战痕累累,★,45561,九头蛇手套（★） | 响尾蛇,12,427.4,565.87,1.32,2024-06-17
九头蛇手套,战痕累累,★,45557,九头蛇手套（★） | 翡翠色调,23,419.4,570.74,1.36,2024-06-17
九头蛇手套,破损不堪,★,45559,九头蛇手套（★） | 翡翠色调,17,417.5,619.34,1.48,2024-06-17
九头蛇手套,战痕累累,★,45507,九头蛇手套（★） | 红树林,20,414.95,580.31,1.4,2024-06-17
九头蛇手套,破损不堪,★,755611,九头蛇手套（★） | 响尾蛇,13,414.8,570.23,1.37,2024-06-17
九头蛇手套,破损不堪,★,45560,九头蛇手套（★） | 红树林,15,414.7,565.87,1.36,2024-06-17
九头蛇手套,崭新出厂,★,757228,九头蛇手套（★） | 表面淬火,20,3949.5,5622.47,1.42,2024-06-17
九头蛇手套,崭新出厂,★,757169,九头蛇手套（★） | 翡翠色调,10,1915.5,3754.36,1.96,2024-06-17
九头蛇手套,崭新出厂,★,757210,九头蛇手套（★） | 响尾蛇,13,1398.5,2270.68,1.62,2024-06-17
九头蛇手套,崭新出厂,★,755860,九头蛇手套（★） | 红树林,10,1386.5,2209.01,1.59,2024-06-17
九头蛇手套,略有磨损,★,45556,九头蛇手套（★） | 表面淬火,177,999,1446.82,1.45,2024-06-17
九头蛇手套,久经沙场,★,45431,九头蛇手套（★） | 表面淬火,624,649,961.41,1.48,2024-06-17
九头蛇手套,破损不堪,★,45595,九头蛇手套（★） | 表面淬火,73,637.5,925.28,1.45,2024-06-17
九头蛇手套,战痕累累,★,45439,九头蛇手套（★） | 表面淬火,81,578.5,803.98,1.39,2024-06-17
九头蛇手套,略有磨损,★,45579,九头蛇手套（★） | 翡翠色调,92,568.89,784.32,1.38,2024-06-17
九头蛇手套,略有磨损,★,45512,九头蛇手套（★） | 红树林,55,468,665.19,1.42,2024-06-17
九头蛇手套,略有磨损,★,45472,九头蛇手套（★） | 响尾蛇,68,457.5,616.66,1.35,2024-06-17
九头蛇手套,久经沙场,★,45409,九头蛇手套（★） | 红树林,59,443.5,583.36,1.32,2024-06-17
九头蛇手套,久经沙场,★,45558,九头蛇手套（★） | 翡翠色调,113,441.2,643.28,1.46,2024-06-17
九头蛇手套,久经沙场,★,45410,九头蛇手套（★） | 响尾蛇,59,434.5,586.33,1.35,2024-06-17
九头蛇手套,战痕累累,★,45561,九头蛇手套（★） | 响尾蛇,12,427.4,565.87,1.32,2024-06-17
九头蛇手套,战痕累累,★,45557,九头蛇手套（★） | 翡翠色调,23,419.4,570.74,1.36,2024-06-17
九头蛇手套,破损不堪,★,45559,九头蛇手套（★） | 翡翠色调,17,417.5,619.34,1.48,2024-06-17
九头蛇手套,战痕累累,★,45507,九头蛇手套（★） | 红树林,20,414.95,580.31,1.4,2024-06-17
九头蛇手套,破损不堪,★,755611,九头蛇手套（★） | 响尾蛇,13,414.8,570.23,1.37,2024-06-17
九头蛇手套,破损不堪,★,45560,九头蛇手套（★） | 红树林,15,414.7,565.87,1.36,2024-06-17
