专业手套,崭新出厂,★,761204,专业手套（★） | 深红和服,9,94999.5,64259.97,0.68,2024-06-17
专业手套,崭新出厂,★,45461,专业手套（★） | 翠绿之网,7,67999.5,69360.02,1.02,2024-06-17
专业手套,略有磨损,★,43234,专业手套（★） | 深红和服,226,26255.49,26781.09,1.02,2024-06-17
专业手套,崭新出厂,★,758271,专业手套（★） | 渐变之色,41,25554.5,25061.42,0.98,2024-06-17
专业手套,崭新出厂,★,836568,专业手套（★） | 渐变大理石,18,22179.88,22624.02,1.02,2024-06-17
专业手套,崭新出厂,★,838187,专业手套（★） | 老虎精英,25,17558.99,16727.97,0.95,2024-06-17
专业手套,崭新出厂,★,44945,专业手套（★） | 元勋,9,15999.5,13780.2,0.86,2024-06-17
专业手套,略有磨损,★,43238,专业手套（★） | 翠绿之网,128,14359.5,14647.22,1.02,2024-06-17
专业手套,崭新出厂,★,756402,专业手套（★） | 深红之网,20,13799.5,13766.42,1.0,2024-06-17
专业手套,久经沙场,★,43233,专业手套（★） | 深红和服,642,13659,13932.7,1.02,2024-06-17
专业手套,破损不堪,★,43235,专业手套（★） | 深红和服,72,10347.5,10554.94,1.02,2024-06-17
专业手套,崭新出厂,★,839130,专业手套（★） | 一线特工,21,9846,10043.4,1.02,2024-06-17
专业手套,战痕累累,★,43232,专业手套（★） | 深红和服,58,7487.5,7637.78,1.02,2024-06-17
专业手套,略有磨损,★,45568,专业手套（★） | 渐变之色,516,7187,7331.77,1.02,2024-06-17
专业手套,略有磨损,★,836118,专业手套（★） | 老虎精英,271,6697.5,6731.0,1.01,2024-06-17
专业手套,崭新出厂,★,756195,专业手套（★） | 大腕,26,6276.5,6303.62,1.0,2024-06-17
专业手套,崭新出厂,★,838230,专业手套（★） | 陆军少尉长官,14,6110.5,5966.27,0.98,2024-06-17
专业手套,略有磨损,★,836085,专业手套（★） | 渐变大理石,256,5939.5,8423.33,1.42,2024-06-17
专业手套,略有磨损,★,43247,专业手套（★） | 元勋,82,4849.5,7601.29,1.57,2024-06-17
专业手套,久经沙场,★,43237,专业手套（★） | 翠绿之网,292,4838,7241.81,1.5,2024-06-17
专业手套,崭新出厂,★,43241,专业手套（★） | 森林 DDPAT,2,4799.5,9226.87,1.92,2024-06-17
专业手套,略有磨损,★,422853,专业手套（★） | 深红之网,264,4083,6914.69,1.69,2024-06-17
专业手套,略有磨损,★,836016,专业手套（★） | 一线特工,227,3996.5,5418.83,1.36,2024-06-17
专业手套,破损不堪,★,43239,专业手套（★） | 翠绿之网,15,3649.5,4696.61,1.29,2024-06-17
专业手套,久经沙场,★,835850,专业手套（★） | 老虎精英,879,2927.5,4287.01,1.46,2024-06-17
专业手套,久经沙场,★,45508,专业手套（★） | 渐变之色,896,2419.5,3558.77,1.47,2024-06-17
专业手套,崭新出厂,★,759504,专业手套（★） | 狩鹿,9,2398.5,4160.48,1.73,2024-06-17
专业手套,战痕累累,★,43236,专业手套（★） | 翠绿之网,21,2267.5,3446.03,1.52,2024-06-17
专业手套,略有磨损,★,835996,专业手套（★） | 陆军少尉长官,199,2238,3554.78,1.59,2024-06-17
专业手套,破损不堪,★,836259,专业手套（★） | 老虎精英,120,2149.5,3328.5,1.55,2024-06-17
专业手套,略有磨损,★,45606,专业手套（★） | 大腕,241,2144.5,3096.42,1.44,2024-06-17
专业手套,久经沙场,★,43246,专业手套（★） | 元勋,222,2027,2880.16,1.42,2024-06-17
专业手套,久经沙场,★,835939,专业手套（★） | 渐变大理石,646,1799,2539.18,1.41,2024-06-17
专业手套,破损不堪,★,45496,专业手套（★） | 渐变之色,47,1729,2746.88,1.59,2024-06-17
专业手套,久经沙场,★,836015,专业手套（★） | 一线特工,957,1678.5,2416.43,1.44,2024-06-17
专业手套,久经沙场,★,45412,专业手套（★） | 深红之网,828,1635.5,2169.19,1.33,2024-06-17
专业手套,破损不堪,★,43248,专业手套（★） | 元勋,21,1494.9,2365.57,1.58,2024-06-17
专业手套,破损不堪,★,835931,专业手套（★） | 渐变大理石,50,1337.5,2074.87,1.55,2024-06-17
专业手套,略有磨损,★,43243,专业手套（★） | 森林 DDPAT,39,1275.28,2603.6,2.04,2024-06-17
专业手套,破损不堪,★,836185,专业手套（★） | 一线特工,73,1269.5,1819.14,1.43,2024-06-17
专业手套,破损不堪,★,645512,专业手套（★） | 深红之网,92,1259.5,1863.9,1.48,2024-06-17
专业手套,久经沙场,★,836010,专业手套（★） | 陆军少尉长官,594,1178.5,1657.21,1.41,2024-06-17
专业手套,战痕累累,★,45567,专业手套（★） | 渐变之色,56,1099.5,1518.14,1.38,2024-06-17
专业手套,久经沙场,★,45376,专业手套（★） | 大腕,658,1088.5,1512.26,1.39,2024-06-17
专业手套,战痕累累,★,836103,专业手套（★） | 老虎精英,176,1086.99,1528.01,1.41,2024-06-17
专业手套,破损不堪,★,836125,专业手套（★） | 陆军少尉长官,96,968.5,1414.18,1.46,2024-06-17
专业手套,战痕累累,★,835983,专业手套（★） | 渐变大理石,62,954.5,1356.65,1.42,2024-06-17
专业手套,战痕累累,★,43245,专业手套（★） | 元勋,35,939.5,1549.7,1.65,2024-06-17
专业手套,破损不堪,★,45569,专业手套（★） | 大腕,68,924.5,1303.83,1.41,2024-06-17
专业手套,战痕累累,★,755616,专业手套（★） | 深红之网,92,885.83,1308.55,1.48,2024-06-17
专业手套,战痕累累,★,836111,专业手套（★） | 一线特工,98,869.49,1335.25,1.54,2024-06-17
专业手套,战痕累累,★,45491,专业手套（★） | 大腕,83,794.5,1228.6,1.55,2024-06-17
专业手套,战痕累累,★,836341,专业手套（★） | 陆军少尉长官,122,778.5,1104.83,1.42,2024-06-17
专业手套,久经沙场,★,43242,专业手套（★） | 森林 DDPAT,83,706.5,1037.29,1.47,2024-06-17
专业手套,略有磨损,★,45565,专业手套（★） | 狩鹿,114,693.99,989.05,1.43,2024-06-17
专业手套,破损不堪,★,43244,专业手套（★） | 森林 DDPAT,14,575,828.28,1.44,2024-06-17
专业手套,战痕累累,★,43240,专业手套（★） | 森林 DDPAT,18,564.5,786.28,1.39,2024-06-17
专业手套,久经沙场,★,45490,专业手套（★） | 狩鹿,243,489.5,688.34,1.41,2024-06-17
专业手套,破损不堪,★,45566,专业手套（★） | 狩鹿,31,461.5,624.71,1.35,2024-06-17
专业手套,战痕累累,★,45650,专业手套（★） | 狩鹿,45,439.49,601.06,1.37,2024-06-17
专业手套,崭新出厂,★,761204,专业手套（★） | 深红和服,9,94999.5,64259.97,0.68,2024-06-17
专业手套,崭新出厂,★,45461,专业手套（★） | 翠绿之网,7,67999.5,69360.02,1.02,2024-06-17
专业手套,略有磨损,★,43234,专业手套（★） | 深红和服,226,26255.49,26859.66,1.02,2024-06-17
专业手套,崭新出厂,★,758271,专业手套（★） | 渐变之色,41,25554.5,25061.42,0.98,2024-06-17
专业手套,崭新出厂,★,836568,专业手套（★） | 渐变大理石,18,22179.88,22624.02,1.02,2024-06-17
专业手套,崭新出厂,★,838187,专业手套（★） | 老虎精英,25,17558.99,16727.97,0.95,2024-06-17
专业手套,崭新出厂,★,44945,专业手套（★） | 元勋,9,15999.5,13780.2,0.86,2024-06-17
专业手套,略有磨损,★,43238,专业手套（★） | 翠绿之网,128,14359.5,14647.22,1.02,2024-06-17
专业手套,崭新出厂,★,756402,专业手套（★） | 深红之网,20,13799.5,13766.42,1.0,2024-06-17
专业手套,久经沙场,★,43233,专业手套（★） | 深红和服,642,13659,13932.7,1.02,2024-06-17
专业手套,破损不堪,★,43235,专业手套（★） | 深红和服,72,10347.5,10554.94,1.02,2024-06-17
专业手套,崭新出厂,★,839130,专业手套（★） | 一线特工,21,9846,10043.4,1.02,2024-06-17
专业手套,战痕累累,★,43232,专业手套（★） | 深红和服,58,7487.5,7637.78,1.02,2024-06-17
专业手套,略有磨损,★,45568,专业手套（★） | 渐变之色,516,7187,7331.27,1.02,2024-06-17
专业手套,略有磨损,★,836118,专业手套（★） | 老虎精英,271,6697.5,6731.0,1.01,2024-06-17
专业手套,崭新出厂,★,756195,专业手套（★） | 大腕,26,6276.5,6303.62,1.0,2024-06-17
专业手套,崭新出厂,★,838230,专业手套（★） | 陆军少尉长官,14,6110.5,5966.27,0.98,2024-06-17
专业手套,略有磨损,★,836085,专业手套（★） | 渐变大理石,256,5939.5,8423.33,1.42,2024-06-17
专业手套,略有磨损,★,43247,专业手套（★） | 元勋,82,4849.5,7601.29,1.57,2024-06-17
专业手套,久经沙场,★,43237,专业手套（★） | 翠绿之网,292,4838,7241.81,1.5,2024-06-17
专业手套,崭新出厂,★,43241,专业手套（★） | 森林 DDPAT,2,4799.5,9226.87,1.92,2024-06-17
专业手套,略有磨损,★,422853,专业手套（★） | 深红之网,264,4083,6914.69,1.69,2024-06-17
专业手套,略有磨损,★,836016,专业手套（★） | 一线特工,227,3996.5,5418.83,1.36,2024-06-17
专业手套,破损不堪,★,43239,专业手套（★） | 翠绿之网,15,3649.5,4696.61,1.29,2024-06-17
专业手套,久经沙场,★,835850,专业手套（★） | 老虎精英,879,2927.5,4287.01,1.46,2024-06-17
专业手套,久经沙场,★,45508,专业手套（★） | 渐变之色,896,2419.5,3558.77,1.47,2024-06-17
专业手套,崭新出厂,★,759504,专业手套（★） | 狩鹿,9,2398.5,4160.48,1.73,2024-06-17
专业手套,战痕累累,★,43236,专业手套（★） | 翠绿之网,21,2267.5,3446.03,1.52,2024-06-17
专业手套,略有磨损,★,835996,专业手套（★） | 陆军少尉长官,199,2238,3554.78,1.59,2024-06-17
专业手套,破损不堪,★,836259,专业手套（★） | 老虎精英,120,2149.5,3328.5,1.55,2024-06-17
专业手套,略有磨损,★,45606,专业手套（★） | 大腕,241,2144.5,3096.42,1.44,2024-06-17
专业手套,久经沙场,★,43246,专业手套（★） | 元勋,222,2027,2880.16,1.42,2024-06-17
专业手套,久经沙场,★,835939,专业手套（★） | 渐变大理石,646,1799,2539.18,1.41,2024-06-17
专业手套,破损不堪,★,45496,专业手套（★） | 渐变之色,47,1729,2746.88,1.59,2024-06-17
专业手套,久经沙场,★,836015,专业手套（★） | 一线特工,957,1678.5,2416.43,1.44,2024-06-17
专业手套,久经沙场,★,45412,专业手套（★） | 深红之网,828,1635.5,2169.19,1.33,2024-06-17
专业手套,破损不堪,★,43248,专业手套（★） | 元勋,21,1494.9,2365.57,1.58,2024-06-17
专业手套,破损不堪,★,835931,专业手套（★） | 渐变大理石,50,1337.5,2074.87,1.55,2024-06-17
专业手套,略有磨损,★,43243,专业手套（★） | 森林 DDPAT,39,1275.28,2603.6,2.04,2024-06-17
专业手套,破损不堪,★,836185,专业手套（★） | 一线特工,73,1269.5,1819.14,1.43,2024-06-17
专业手套,破损不堪,★,645512,专业手套（★） | 深红之网,92,1259.5,1863.9,1.48,2024-06-17
专业手套,久经沙场,★,836010,专业手套（★） | 陆军少尉长官,594,1178.5,1657.21,1.41,2024-06-17
专业手套,战痕累累,★,45567,专业手套（★） | 渐变之色,56,1099.5,1518.14,1.38,2024-06-17
专业手套,久经沙场,★,45376,专业手套（★） | 大腕,658,1088.5,1512.26,1.39,2024-06-17
专业手套,战痕累累,★,836103,专业手套（★） | 老虎精英,176,1086.99,1528.01,1.41,2024-06-17
专业手套,破损不堪,★,836125,专业手套（★） | 陆军少尉长官,96,968.5,1414.18,1.46,2024-06-17
专业手套,战痕累累,★,835983,专业手套（★） | 渐变大理石,62,954.5,1356.65,1.42,2024-06-17
专业手套,战痕累累,★,43245,专业手套（★） | 元勋,35,939.5,1549.7,1.65,2024-06-17
专业手套,破损不堪,★,45569,专业手套（★） | 大腕,68,924.5,1303.83,1.41,2024-06-17
专业手套,战痕累累,★,755616,专业手套（★） | 深红之网,92,885.83,1308.55,1.48,2024-06-17
专业手套,战痕累累,★,836111,专业手套（★） | 一线特工,98,869.49,1335.25,1.54,2024-06-17
专业手套,战痕累累,★,45491,专业手套（★） | 大腕,83,794.5,1228.6,1.55,2024-06-17
专业手套,战痕累累,★,836341,专业手套（★） | 陆军少尉长官,122,778.5,1104.83,1.42,2024-06-17
专业手套,久经沙场,★,43242,专业手套（★） | 森林 DDPAT,83,706.5,1037.29,1.47,2024-06-17
专业手套,略有磨损,★,45565,专业手套（★） | 狩鹿,114,693.99,989.05,1.43,2024-06-17
专业手套,破损不堪,★,43244,专业手套（★） | 森林 DDPAT,14,575,828.28,1.44,2024-06-17
专业手套,战痕累累,★,43240,专业手套（★） | 森林 DDPAT,18,564.5,786.28,1.39,2024-06-17
专业手套,久经沙场,★,45490,专业手套（★） | 狩鹿,243,489.5,688.34,1.41,2024-06-17
专业手套,破损不堪,★,45566,专业手套（★） | 狩鹿,31,461.5,624.71,1.35,2024-06-17
专业手套,战痕累累,★,45650,专业手套（★） | 狩鹿,45,439.49,601.06,1.37,2024-06-17
专业手套,崭新出厂,★,761204,专业手套（★） | 深红和服,9,94999.5,64259.97,0.68,2024-06-17
专业手套,崭新出厂,★,45461,专业手套（★） | 翠绿之网,7,67999.5,69360.02,1.02,2024-06-17
专业手套,略有磨损,★,43234,专业手套（★） | 深红和服,226,26255.49,26781.09,1.02,2024-06-17
专业手套,崭新出厂,★,758271,专业手套（★） | 渐变之色,41,25554.5,25061.42,0.98,2024-06-17
专业手套,崭新出厂,★,836568,专业手套（★） | 渐变大理石,18,22179.88,22624.02,1.02,2024-06-17
专业手套,崭新出厂,★,838187,专业手套（★） | 老虎精英,25,17558.99,16727.97,0.95,2024-06-17
专业手套,崭新出厂,★,44945,专业手套（★） | 元勋,9,15999.5,13780.2,0.86,2024-06-17
专业手套,略有磨损,★,43238,专业手套（★） | 翠绿之网,128,14359.5,14647.22,1.02,2024-06-17
专业手套,崭新出厂,★,756402,专业手套（★） | 深红之网,20,13799.5,13766.42,1.0,2024-06-17
专业手套,久经沙场,★,43233,专业手套（★） | 深红和服,642,13659,13932.7,1.02,2024-06-17
专业手套,破损不堪,★,43235,专业手套（★） | 深红和服,72,10347.5,10554.94,1.02,2024-06-17
专业手套,崭新出厂,★,839130,专业手套（★） | 一线特工,21,9846,10043.4,1.02,2024-06-17
专业手套,战痕累累,★,43232,专业手套（★） | 深红和服,58,7487.5,7637.78,1.02,2024-06-17
专业手套,略有磨损,★,45568,专业手套（★） | 渐变之色,516,7187,7331.77,1.02,2024-06-17
专业手套,略有磨损,★,836118,专业手套（★） | 老虎精英,271,6697.5,6731.0,1.01,2024-06-17
专业手套,崭新出厂,★,756195,专业手套（★） | 大腕,26,6276.5,6303.62,1.0,2024-06-17
专业手套,崭新出厂,★,838230,专业手套（★） | 陆军少尉长官,14,6110.5,5966.27,0.98,2024-06-17
专业手套,略有磨损,★,836085,专业手套（★） | 渐变大理石,256,5939.5,8423.33,1.42,2024-06-17
专业手套,略有磨损,★,43247,专业手套（★） | 元勋,82,4849.5,7601.29,1.57,2024-06-17
专业手套,久经沙场,★,43237,专业手套（★） | 翠绿之网,292,4838,7241.81,1.5,2024-06-17
专业手套,崭新出厂,★,43241,专业手套（★） | 森林 DDPAT,2,4799.5,9226.87,1.92,2024-06-17
专业手套,略有磨损,★,422853,专业手套（★） | 深红之网,264,4083,6914.69,1.69,2024-06-17
专业手套,略有磨损,★,836016,专业手套（★） | 一线特工,227,3996.5,5418.83,1.36,2024-06-17
专业手套,破损不堪,★,43239,专业手套（★） | 翠绿之网,15,3649.5,4696.61,1.29,2024-06-17
专业手套,久经沙场,★,835850,专业手套（★） | 老虎精英,879,2927.5,4287.01,1.46,2024-06-17
专业手套,久经沙场,★,45508,专业手套（★） | 渐变之色,896,2419.5,3558.77,1.47,2024-06-17
专业手套,崭新出厂,★,759504,专业手套（★） | 狩鹿,9,2398.5,4160.48,1.73,2024-06-17
专业手套,战痕累累,★,43236,专业手套（★） | 翠绿之网,21,2267.5,3446.03,1.52,2024-06-17
专业手套,略有磨损,★,835996,专业手套（★） | 陆军少尉长官,199,2238,3554.78,1.59,2024-06-17
专业手套,破损不堪,★,836259,专业手套（★） | 老虎精英,120,2149.5,3328.5,1.55,2024-06-17
专业手套,略有磨损,★,45606,专业手套（★） | 大腕,241,2144.5,3096.42,1.44,2024-06-17
专业手套,久经沙场,★,43246,专业手套（★） | 元勋,222,2027,2880.16,1.42,2024-06-17
专业手套,久经沙场,★,835939,专业手套（★） | 渐变大理石,646,1799,2539.18,1.41,2024-06-17
专业手套,破损不堪,★,45496,专业手套（★） | 渐变之色,47,1729,2746.88,1.59,2024-06-17
专业手套,久经沙场,★,836015,专业手套（★） | 一线特工,957,1678.5,2416.43,1.44,2024-06-17
专业手套,久经沙场,★,45412,专业手套（★） | 深红之网,828,1635.5,2169.19,1.33,2024-06-17
专业手套,破损不堪,★,43248,专业手套（★） | 元勋,21,1494.9,2365.57,1.58,2024-06-17
专业手套,破损不堪,★,835931,专业手套（★） | 渐变大理石,50,1337.5,2074.87,1.55,2024-06-17
专业手套,略有磨损,★,43243,专业手套（★） | 森林 DDPAT,39,1275.28,2603.6,2.04,2024-06-17
专业手套,破损不堪,★,836185,专业手套（★） | 一线特工,73,1269.5,1819.14,1.43,2024-06-17
专业手套,破损不堪,★,645512,专业手套（★） | 深红之网,92,1259.5,1863.9,1.48,2024-06-17
专业手套,久经沙场,★,836010,专业手套（★） | 陆军少尉长官,594,1178.5,1657.21,1.41,2024-06-17
专业手套,战痕累累,★,45567,专业手套（★） | 渐变之色,56,1099.5,1518.14,1.38,2024-06-17
专业手套,久经沙场,★,45376,专业手套（★） | 大腕,658,1088.5,1512.26,1.39,2024-06-17
专业手套,战痕累累,★,836103,专业手套（★） | 老虎精英,176,1086.99,1528.01,1.41,2024-06-17
专业手套,破损不堪,★,836125,专业手套（★） | 陆军少尉长官,96,968.5,1414.18,1.46,2024-06-17
专业手套,战痕累累,★,835983,专业手套（★） | 渐变大理石,62,954.5,1356.65,1.42,2024-06-17
专业手套,战痕累累,★,43245,专业手套（★） | 元勋,35,939.5,1549.7,1.65,2024-06-17
专业手套,破损不堪,★,45569,专业手套（★） | 大腕,68,924.5,1303.83,1.41,2024-06-17
专业手套,战痕累累,★,755616,专业手套（★） | 深红之网,92,885.83,1308.55,1.48,2024-06-17
专业手套,战痕累累,★,836111,专业手套（★） | 一线特工,98,869.49,1335.25,1.54,2024-06-17
专业手套,战痕累累,★,45491,专业手套（★） | 大腕,83,794.5,1228.6,1.55,2024-06-17
专业手套,战痕累累,★,836341,专业手套（★） | 陆军少尉长官,122,778.5,1104.83,1.42,2024-06-17
专业手套,久经沙场,★,43242,专业手套（★） | 森林 DDPAT,83,706.5,1037.29,1.47,2024-06-17
专业手套,略有磨损,★,45565,专业手套（★） | 狩鹿,114,693.99,989.05,1.43,2024-06-17
专业手套,破损不堪,★,43244,专业手套（★） | 森林 DDPAT,14,575,828.28,1.44,2024-06-17
专业手套,战痕累累,★,43240,专业手套（★） | 森林 DDPAT,18,564.5,786.28,1.39,2024-06-17
专业手套,久经沙场,★,45490,专业手套（★） | 狩鹿,243,489.5,688.34,1.41,2024-06-17
专业手套,破损不堪,★,45566,专业手套（★） | 狩鹿,31,461.5,624.71,1.35,2024-06-17
专业手套,战痕累累,★,45650,专业手套（★） | 狩鹿,45,439.49,601.06,1.37,2024-06-17
专业手套,崭新出厂,★,761204,专业手套（★） | 深红和服,9,94999.5,64259.97,0.68,2024-06-17
专业手套,崭新出厂,★,45461,专业手套（★） | 翠绿之网,7,67999.5,69360.02,1.02,2024-06-17
专业手套,略有磨损,★,43234,专业手套（★） | 深红和服,226,26255.49,26859.66,1.02,2024-06-17
专业手套,崭新出厂,★,758271,专业手套（★） | 渐变之色,41,25554.5,25061.42,0.98,2024-06-17
专业手套,崭新出厂,★,836568,专业手套（★） | 渐变大理石,18,22179.88,22624.02,1.02,2024-06-17
专业手套,崭新出厂,★,838187,专业手套（★） | 老虎精英,25,17558.99,16727.97,0.95,2024-06-17
专业手套,崭新出厂,★,44945,专业手套（★） | 元勋,9,15999.5,13780.2,0.86,2024-06-17
专业手套,略有磨损,★,43238,专业手套（★） | 翠绿之网,128,14359.5,14647.22,1.02,2024-06-17
专业手套,崭新出厂,★,756402,专业手套（★） | 深红之网,20,13799.5,13766.42,1.0,2024-06-17
专业手套,久经沙场,★,43233,专业手套（★） | 深红和服,642,13659,13932.7,1.02,2024-06-17
专业手套,破损不堪,★,43235,专业手套（★） | 深红和服,72,10347.5,10554.94,1.02,2024-06-17
专业手套,崭新出厂,★,839130,专业手套（★） | 一线特工,21,9846,10043.4,1.02,2024-06-17
专业手套,战痕累累,★,43232,专业手套（★） | 深红和服,58,7487.5,7637.78,1.02,2024-06-17
专业手套,略有磨损,★,45568,专业手套（★） | 渐变之色,516,7187,7331.27,1.02,2024-06-17
专业手套,略有磨损,★,836118,专业手套（★） | 老虎精英,271,6697.5,6731.0,1.01,2024-06-17
专业手套,崭新出厂,★,756195,专业手套（★） | 大腕,26,6276.5,6303.62,1.0,2024-06-17
专业手套,崭新出厂,★,838230,专业手套（★） | 陆军少尉长官,14,6110.5,5966.27,0.98,2024-06-17
专业手套,略有磨损,★,836085,专业手套（★） | 渐变大理石,256,5939.5,8423.33,1.42,2024-06-17
专业手套,略有磨损,★,43247,专业手套（★） | 元勋,82,4849.5,7601.29,1.57,2024-06-17
专业手套,久经沙场,★,43237,专业手套（★） | 翠绿之网,292,4838,7241.81,1.5,2024-06-17
专业手套,崭新出厂,★,43241,专业手套（★） | 森林 DDPAT,2,4799.5,9226.87,1.92,2024-06-17
专业手套,略有磨损,★,422853,专业手套（★） | 深红之网,264,4083,6914.69,1.69,2024-06-17
专业手套,略有磨损,★,836016,专业手套（★） | 一线特工,227,3996.5,5418.83,1.36,2024-06-17
专业手套,破损不堪,★,43239,专业手套（★） | 翠绿之网,15,3649.5,4696.61,1.29,2024-06-17
专业手套,久经沙场,★,835850,专业手套（★） | 老虎精英,879,2927.5,4287.01,1.46,2024-06-17
专业手套,久经沙场,★,45508,专业手套（★） | 渐变之色,896,2419.5,3558.77,1.47,2024-06-17
专业手套,崭新出厂,★,759504,专业手套（★） | 狩鹿,9,2398.5,4160.48,1.73,2024-06-17
专业手套,战痕累累,★,43236,专业手套（★） | 翠绿之网,21,2267.5,3446.03,1.52,2024-06-17
专业手套,略有磨损,★,835996,专业手套（★） | 陆军少尉长官,199,2238,3554.78,1.59,2024-06-17
专业手套,破损不堪,★,836259,专业手套（★） | 老虎精英,120,2149.5,3328.5,1.55,2024-06-17
专业手套,略有磨损,★,45606,专业手套（★） | 大腕,241,2144.5,3096.42,1.44,2024-06-17
专业手套,久经沙场,★,43246,专业手套（★） | 元勋,222,2027,2880.16,1.42,2024-06-17
专业手套,久经沙场,★,835939,专业手套（★） | 渐变大理石,646,1799,2539.18,1.41,2024-06-17
专业手套,破损不堪,★,45496,专业手套（★） | 渐变之色,47,1729,2746.88,1.59,2024-06-17
专业手套,久经沙场,★,836015,专业手套（★） | 一线特工,957,1678.5,2416.43,1.44,2024-06-17
专业手套,久经沙场,★,45412,专业手套（★） | 深红之网,828,1635.5,2169.19,1.33,2024-06-17
专业手套,破损不堪,★,43248,专业手套（★） | 元勋,21,1494.9,2365.57,1.58,2024-06-17
专业手套,破损不堪,★,835931,专业手套（★） | 渐变大理石,50,1337.5,2074.87,1.55,2024-06-17
专业手套,略有磨损,★,43243,专业手套（★） | 森林 DDPAT,39,1275.28,2603.6,2.04,2024-06-17
专业手套,破损不堪,★,836185,专业手套（★） | 一线特工,73,1269.5,1819.14,1.43,2024-06-17
专业手套,破损不堪,★,645512,专业手套（★） | 深红之网,92,1259.5,1863.9,1.48,2024-06-17
专业手套,久经沙场,★,836010,专业手套（★） | 陆军少尉长官,594,1178.5,1657.21,1.41,2024-06-17
专业手套,战痕累累,★,45567,专业手套（★） | 渐变之色,56,1099.5,1518.14,1.38,2024-06-17
专业手套,久经沙场,★,45376,专业手套（★） | 大腕,658,1088.5,1512.26,1.39,2024-06-17
专业手套,战痕累累,★,836103,专业手套（★） | 老虎精英,176,1086.99,1528.01,1.41,2024-06-17
专业手套,破损不堪,★,836125,专业手套（★） | 陆军少尉长官,96,968.5,1414.18,1.46,2024-06-17
专业手套,战痕累累,★,835983,专业手套（★） | 渐变大理石,62,954.5,1356.65,1.42,2024-06-17
专业手套,战痕累累,★,43245,专业手套（★） | 元勋,35,939.5,1549.7,1.65,2024-06-17
专业手套,破损不堪,★,45569,专业手套（★） | 大腕,68,924.5,1303.83,1.41,2024-06-17
专业手套,战痕累累,★,755616,专业手套（★） | 深红之网,92,885.83,1308.55,1.48,2024-06-17
专业手套,战痕累累,★,836111,专业手套（★） | 一线特工,98,869.49,1335.25,1.54,2024-06-17
专业手套,战痕累累,★,45491,专业手套（★） | 大腕,83,794.5,1228.6,1.55,2024-06-17
专业手套,战痕累累,★,836341,专业手套（★） | 陆军少尉长官,122,778.5,1104.83,1.42,2024-06-17
专业手套,久经沙场,★,43242,专业手套（★） | 森林 DDPAT,83,706.5,1037.29,1.47,2024-06-17
专业手套,略有磨损,★,45565,专业手套（★） | 狩鹿,114,693.99,989.05,1.43,2024-06-17
专业手套,破损不堪,★,43244,专业手套（★） | 森林 DDPAT,14,575,828.28,1.44,2024-06-17
专业手套,战痕累累,★,43240,专业手套（★） | 森林 DDPAT,18,564.5,786.28,1.39,2024-06-17
专业手套,久经沙场,★,45490,专业手套（★） | 狩鹿,243,489.5,688.34,1.41,2024-06-17
专业手套,破损不堪,★,45566,专业手套（★） | 狩鹿,31,461.5,624.71,1.35,2024-06-17
专业手套,战痕累累,★,45650,专业手套（★） | 狩鹿,45,439.49,601.06,1.37,2024-06-17
专业手套,崭新出厂,★,761204,专业手套（★） | 深红和服,9,94999.5,64259.97,0.68,2024-06-17
专业手套,崭新出厂,★,45461,专业手套（★） | 翠绿之网,7,67999.5,69360.02,1.02,2024-06-17
专业手套,略有磨损,★,43234,专业手套（★） | 深红和服,226,26255.49,26781.09,1.02,2024-06-17
专业手套,崭新出厂,★,758271,专业手套（★） | 渐变之色,41,25554.5,25061.42,0.98,2024-06-17
专业手套,崭新出厂,★,836568,专业手套（★） | 渐变大理石,18,22179.88,22624.02,1.02,2024-06-17
专业手套,崭新出厂,★,838187,专业手套（★） | 老虎精英,25,17558.99,16727.97,0.95,2024-06-17
专业手套,崭新出厂,★,44945,专业手套（★） | 元勋,9,15999.5,13780.2,0.86,2024-06-17
专业手套,略有磨损,★,43238,专业手套（★） | 翠绿之网,128,14359.5,14647.22,1.02,2024-06-17
专业手套,崭新出厂,★,756402,专业手套（★） | 深红之网,20,13799.5,13766.42,1.0,2024-06-17
专业手套,久经沙场,★,43233,专业手套（★） | 深红和服,642,13659,13932.7,1.02,2024-06-17
专业手套,破损不堪,★,43235,专业手套（★） | 深红和服,72,10347.5,10554.94,1.02,2024-06-17
专业手套,崭新出厂,★,839130,专业手套（★） | 一线特工,21,9846,10043.4,1.02,2024-06-17
专业手套,战痕累累,★,43232,专业手套（★） | 深红和服,58,7487.5,7637.78,1.02,2024-06-17
专业手套,略有磨损,★,45568,专业手套（★） | 渐变之色,516,7187,7331.77,1.02,2024-06-17
专业手套,略有磨损,★,836118,专业手套（★） | 老虎精英,271,6697.5,6731.0,1.01,2024-06-17
专业手套,崭新出厂,★,756195,专业手套（★） | 大腕,26,6276.5,6303.62,1.0,2024-06-17
专业手套,崭新出厂,★,838230,专业手套（★） | 陆军少尉长官,14,6110.5,5966.27,0.98,2024-06-17
专业手套,略有磨损,★,836085,专业手套（★） | 渐变大理石,256,5939.5,8423.33,1.42,2024-06-17
专业手套,略有磨损,★,43247,专业手套（★） | 元勋,82,4849.5,7601.29,1.57,2024-06-17
专业手套,久经沙场,★,43237,专业手套（★） | 翠绿之网,292,4838,7241.81,1.5,2024-06-17
专业手套,崭新出厂,★,43241,专业手套（★） | 森林 DDPAT,2,4799.5,9226.87,1.92,2024-06-17
专业手套,略有磨损,★,422853,专业手套（★） | 深红之网,264,4083,6914.69,1.69,2024-06-17
专业手套,略有磨损,★,836016,专业手套（★） | 一线特工,227,3996.5,5418.83,1.36,2024-06-17
专业手套,破损不堪,★,43239,专业手套（★） | 翠绿之网,15,3649.5,4696.61,1.29,2024-06-17
专业手套,久经沙场,★,835850,专业手套（★） | 老虎精英,879,2927.5,4287.01,1.46,2024-06-17
专业手套,久经沙场,★,45508,专业手套（★） | 渐变之色,896,2419.5,3558.77,1.47,2024-06-17
专业手套,崭新出厂,★,759504,专业手套（★） | 狩鹿,9,2398.5,4160.48,1.73,2024-06-17
专业手套,战痕累累,★,43236,专业手套（★） | 翠绿之网,21,2267.5,3446.03,1.52,2024-06-17
专业手套,略有磨损,★,835996,专业手套（★） | 陆军少尉长官,199,2238,3554.78,1.59,2024-06-17
专业手套,破损不堪,★,836259,专业手套（★） | 老虎精英,120,2149.5,3328.5,1.55,2024-06-17
专业手套,略有磨损,★,45606,专业手套（★） | 大腕,241,2144.5,3096.42,1.44,2024-06-17
专业手套,久经沙场,★,43246,专业手套（★） | 元勋,222,2027,2880.16,1.42,2024-06-17
专业手套,久经沙场,★,835939,专业手套（★） | 渐变大理石,646,1799,2539.18,1.41,2024-06-17
专业手套,破损不堪,★,45496,专业手套（★） | 渐变之色,47,1729,2746.88,1.59,2024-06-17
专业手套,久经沙场,★,836015,专业手套（★） | 一线特工,957,1678.5,2416.43,1.44,2024-06-17
专业手套,久经沙场,★,45412,专业手套（★） | 深红之网,828,1635.5,2169.19,1.33,2024-06-17
专业手套,破损不堪,★,43248,专业手套（★） | 元勋,21,1494.9,2365.57,1.58,2024-06-17
专业手套,破损不堪,★,835931,专业手套（★） | 渐变大理石,50,1337.5,2074.87,1.55,2024-06-17
专业手套,略有磨损,★,43243,专业手套（★） | 森林 DDPAT,39,1275.28,2603.6,2.04,2024-06-17
专业手套,破损不堪,★,836185,专业手套（★） | 一线特工,73,1269.5,1819.14,1.43,2024-06-17
专业手套,破损不堪,★,645512,专业手套（★） | 深红之网,92,1259.5,1863.9,1.48,2024-06-17
专业手套,久经沙场,★,836010,专业手套（★） | 陆军少尉长官,594,1178.5,1657.21,1.41,2024-06-17
专业手套,战痕累累,★,45567,专业手套（★） | 渐变之色,56,1099.5,1518.14,1.38,2024-06-17
专业手套,久经沙场,★,45376,专业手套（★） | 大腕,658,1088.5,1512.26,1.39,2024-06-17
专业手套,战痕累累,★,836103,专业手套（★） | 老虎精英,176,1086.99,1528.01,1.41,2024-06-17
专业手套,破损不堪,★,836125,专业手套（★） | 陆军少尉长官,96,968.5,1414.18,1.46,2024-06-17
专业手套,战痕累累,★,835983,专业手套（★） | 渐变大理石,62,954.5,1356.65,1.42,2024-06-17
专业手套,战痕累累,★,43245,专业手套（★） | 元勋,35,939.5,1549.7,1.65,2024-06-17
专业手套,破损不堪,★,45569,专业手套（★） | 大腕,68,924.5,1303.83,1.41,2024-06-17
专业手套,战痕累累,★,755616,专业手套（★） | 深红之网,92,885.83,1308.55,1.48,2024-06-17
专业手套,战痕累累,★,836111,专业手套（★） | 一线特工,98,869.49,1335.25,1.54,2024-06-17
专业手套,战痕累累,★,45491,专业手套（★） | 大腕,83,794.5,1228.6,1.55,2024-06-17
专业手套,战痕累累,★,836341,专业手套（★） | 陆军少尉长官,122,778.5,1104.83,1.42,2024-06-17
专业手套,久经沙场,★,43242,专业手套（★） | 森林 DDPAT,83,706.5,1037.29,1.47,2024-06-17
专业手套,略有磨损,★,45565,专业手套（★） | 狩鹿,114,693.99,989.05,1.43,2024-06-17
专业手套,破损不堪,★,43244,专业手套（★） | 森林 DDPAT,14,575,828.28,1.44,2024-06-17
专业手套,战痕累累,★,43240,专业手套（★） | 森林 DDPAT,18,564.5,786.28,1.39,2024-06-17
专业手套,久经沙场,★,45490,专业手套（★） | 狩鹿,243,489.5,688.34,1.41,2024-06-17
专业手套,破损不堪,★,45566,专业手套（★） | 狩鹿,31,461.5,624.71,1.35,2024-06-17
专业手套,战痕累累,★,45650,专业手套（★） | 狩鹿,45,439.49,601.06,1.37,2024-06-17
专业手套,崭新出厂,★,761204,专业手套（★） | 深红和服,9,94999.5,64259.97,0.68,2024-06-17
专业手套,崭新出厂,★,45461,专业手套（★） | 翠绿之网,7,67999.5,69360.02,1.02,2024-06-17
专业手套,略有磨损,★,43234,专业手套（★） | 深红和服,226,26255.49,26781.09,1.02,2024-06-17
专业手套,崭新出厂,★,758271,专业手套（★） | 渐变之色,41,25554.5,25061.42,0.98,2024-06-17
专业手套,崭新出厂,★,836568,专业手套（★） | 渐变大理石,18,22179.88,22624.02,1.02,2024-06-17
专业手套,崭新出厂,★,838187,专业手套（★） | 老虎精英,25,17558.99,16727.97,0.95,2024-06-17
专业手套,崭新出厂,★,44945,专业手套（★） | 元勋,9,15999.5,13780.2,0.86,2024-06-17
专业手套,略有磨损,★,43238,专业手套（★） | 翠绿之网,128,14359.5,14647.22,1.02,2024-06-17
专业手套,崭新出厂,★,756402,专业手套（★） | 深红之网,20,13799.5,13766.42,1.0,2024-06-17
专业手套,久经沙场,★,43233,专业手套（★） | 深红和服,642,13659,13932.7,1.02,2024-06-17
专业手套,破损不堪,★,43235,专业手套（★） | 深红和服,72,10347.5,10554.94,1.02,2024-06-17
专业手套,崭新出厂,★,839130,专业手套（★） | 一线特工,21,9846,10043.4,1.02,2024-06-17
专业手套,战痕累累,★,43232,专业手套（★） | 深红和服,58,7487.5,7637.78,1.02,2024-06-17
专业手套,略有磨损,★,45568,专业手套（★） | 渐变之色,516,7187,7331.27,1.02,2024-06-17
专业手套,略有磨损,★,836118,专业手套（★） | 老虎精英,271,6697.5,6731.0,1.01,2024-06-17
专业手套,崭新出厂,★,756195,专业手套（★） | 大腕,26,6276.5,6303.62,1.0,2024-06-17
专业手套,崭新出厂,★,838230,专业手套（★） | 陆军少尉长官,14,6110.5,5966.27,0.98,2024-06-17
专业手套,略有磨损,★,836085,专业手套（★） | 渐变大理石,256,5939.5,8423.33,1.42,2024-06-17
专业手套,略有磨损,★,43247,专业手套（★） | 元勋,82,4849.5,7601.29,1.57,2024-06-17
专业手套,久经沙场,★,43237,专业手套（★） | 翠绿之网,292,4838,7241.81,1.5,2024-06-17
专业手套,崭新出厂,★,43241,专业手套（★） | 森林 DDPAT,2,4799.5,9226.87,1.92,2024-06-17
专业手套,略有磨损,★,422853,专业手套（★） | 深红之网,264,4083,6914.69,1.69,2024-06-17
专业手套,略有磨损,★,836016,专业手套（★） | 一线特工,227,3996.5,5418.83,1.36,2024-06-17
专业手套,破损不堪,★,43239,专业手套（★） | 翠绿之网,15,3649.5,4696.61,1.29,2024-06-17
专业手套,久经沙场,★,835850,专业手套（★） | 老虎精英,879,2927.5,4287.01,1.46,2024-06-17
专业手套,久经沙场,★,45508,专业手套（★） | 渐变之色,896,2419.5,3558.77,1.47,2024-06-17
专业手套,崭新出厂,★,759504,专业手套（★） | 狩鹿,9,2398.5,4160.48,1.73,2024-06-17
专业手套,战痕累累,★,43236,专业手套（★） | 翠绿之网,21,2267.5,3446.03,1.52,2024-06-17
专业手套,略有磨损,★,835996,专业手套（★） | 陆军少尉长官,199,2238,3554.78,1.59,2024-06-17
专业手套,破损不堪,★,836259,专业手套（★） | 老虎精英,120,2149.5,3328.5,1.55,2024-06-17
专业手套,略有磨损,★,45606,专业手套（★） | 大腕,241,2144.5,3096.42,1.44,2024-06-17
专业手套,久经沙场,★,43246,专业手套（★） | 元勋,222,2027,2880.16,1.42,2024-06-17
专业手套,久经沙场,★,835939,专业手套（★） | 渐变大理石,646,1799,2539.18,1.41,2024-06-17
专业手套,破损不堪,★,45496,专业手套（★） | 渐变之色,47,1729,2746.88,1.59,2024-06-17
专业手套,久经沙场,★,836015,专业手套（★） | 一线特工,957,1678.5,2416.43,1.44,2024-06-17
专业手套,久经沙场,★,45412,专业手套（★） | 深红之网,828,1635.5,2169.19,1.33,2024-06-17
专业手套,破损不堪,★,43248,专业手套（★） | 元勋,21,1494.9,2365.57,1.58,2024-06-17
专业手套,破损不堪,★,835931,专业手套（★） | 渐变大理石,50,1337.5,2074.87,1.55,2024-06-17
专业手套,略有磨损,★,43243,专业手套（★） | 森林 DDPAT,39,1275.28,2603.6,2.04,2024-06-17
专业手套,破损不堪,★,836185,专业手套（★） | 一线特工,73,1269.5,1819.14,1.43,2024-06-17
专业手套,破损不堪,★,645512,专业手套（★） | 深红之网,92,1259.5,1863.9,1.48,2024-06-17
专业手套,久经沙场,★,836010,专业手套（★） | 陆军少尉长官,594,1178.5,1657.21,1.41,2024-06-17
专业手套,战痕累累,★,45567,专业手套（★） | 渐变之色,56,1099.5,1518.14,1.38,2024-06-17
专业手套,久经沙场,★,45376,专业手套（★） | 大腕,658,1088.5,1512.26,1.39,2024-06-17
专业手套,战痕累累,★,836103,专业手套（★） | 老虎精英,176,1086.99,1528.01,1.41,2024-06-17
专业手套,破损不堪,★,836125,专业手套（★） | 陆军少尉长官,96,968.5,1414.18,1.46,2024-06-17
专业手套,战痕累累,★,835983,专业手套（★） | 渐变大理石,62,954.5,1356.65,1.42,2024-06-17
专业手套,战痕累累,★,43245,专业手套（★） | 元勋,35,939.5,1549.7,1.65,2024-06-17
专业手套,破损不堪,★,45569,专业手套（★） | 大腕,68,924.5,1303.83,1.41,2024-06-17
专业手套,战痕累累,★,755616,专业手套（★） | 深红之网,92,885.83,1308.55,1.48,2024-06-17
专业手套,战痕累累,★,836111,专业手套（★） | 一线特工,98,869.49,1335.25,1.54,2024-06-17
专业手套,战痕累累,★,45491,专业手套（★） | 大腕,83,794.5,1228.6,1.55,2024-06-17
专业手套,战痕累累,★,836341,专业手套（★） | 陆军少尉长官,122,778.5,1104.83,1.42,2024-06-17
专业手套,久经沙场,★,43242,专业手套（★） | 森林 DDPAT,83,706.5,1037.29,1.47,2024-06-17
专业手套,略有磨损,★,45565,专业手套（★） | 狩鹿,114,693.99,989.05,1.43,2024-06-17
专业手套,破损不堪,★,43244,专业手套（★） | 森林 DDPAT,14,575,828.28,1.44,2024-06-17
专业手套,战痕累累,★,43240,专业手套（★） | 森林 DDPAT,18,564.5,786.28,1.39,2024-06-17
专业手套,久经沙场,★,45490,专业手套（★） | 狩鹿,243,489.5,688.34,1.41,2024-06-17
专业手套,破损不堪,★,45566,专业手套（★） | 狩鹿,31,461.5,624.71,1.35,2024-06-17
专业手套,战痕累累,★,45650,专业手套（★） | 狩鹿,45,439.49,601.06,1.37,2024-06-17
