狂牙手套,崭新出厂,★,842580,狂牙手套（★） | 翡翠,16,4885.5,8863.12,1.81,2024-06-16
狂牙手套,崭新出厂,★,837362,狂牙手套（★） | 黄色斑纹,11,3092.1,5035.92,1.63,2024-06-16
狂牙手套,崭新出厂,★,836520,狂牙手套（★） | 精神错乱,8,2198.5,3917.52,1.78,2024-06-16
狂牙手套,崭新出厂,★,836372,狂牙手套（★） | 针尖,10,1829.5,3575.96,1.95,2024-06-16
狂牙手套,略有磨损,★,836034,狂牙手套（★） | 翡翠,140,1298,1704.88,1.31,2024-06-16
狂牙手套,略有磨损,★,835904,狂牙手套（★） | 黄色斑纹,120,755.5,1230.85,1.63,2024-06-16
狂牙手套,久经沙场,★,835880,狂牙手套（★） | 翡翠,272,724,1019.81,1.41,2024-06-16
狂牙手套,略有磨损,★,836263,狂牙手套（★） | 精神错乱,75,723.5,1048.83,1.45,2024-06-16
狂牙手套,破损不堪,★,835981,狂牙手套（★） | 翡翠,21,653.5,972.14,1.49,2024-06-16
狂牙手套,略有磨损,★,836248,狂牙手套（★） | 针尖,107,593,816.96,1.38,2024-06-16
狂牙手套,战痕累累,★,836079,狂牙手套（★） | 翡翠,35,589.49,797.38,1.35,2024-06-16
狂牙手套,久经沙场,★,836009,狂牙手套（★） | 黄色斑纹,201,535,747.24,1.4,2024-06-16
狂牙手套,久经沙场,★,835851,狂牙手套（★） | 精神错乱,127,508.95,710.97,1.4,2024-06-16
狂牙手套,久经沙场,★,835985,狂牙手套（★） | 针尖,84,495,662.15,1.34,2024-06-16
狂牙手套,破损不堪,★,836253,狂牙手套（★） | 黄色斑纹,23,476.5,687.54,1.44,2024-06-16
狂牙手套,破损不堪,★,835887,狂牙手套（★） | 精神错乱,16,464.5,688.48,1.48,2024-06-16
狂牙手套,战痕累累,★,836178,狂牙手套（★） | 黄色斑纹,18,458.43,616.73,1.35,2024-06-16
狂牙手套,破损不堪,★,835966,狂牙手套（★） | 针尖,26,449,688.84,1.53,2024-06-16
狂牙手套,战痕累累,★,836041,狂牙手套（★） | 针尖,26,436.65,625.87,1.43,2024-06-16
狂牙手套,战痕累累,★,836340,狂牙手套（★） | 精神错乱,13,436,614.34,1.41,2024-06-16
狂牙手套,崭新出厂,★,842580,狂牙手套（★） | 翡翠,16,4885.5,8863.12,1.81,2024-06-16
狂牙手套,崭新出厂,★,837362,狂牙手套（★） | 黄色斑纹,11,3092.1,5035.92,1.63,2024-06-16
狂牙手套,崭新出厂,★,836520,狂牙手套（★） | 精神错乱,8,2198.5,3917.52,1.78,2024-06-16
狂牙手套,崭新出厂,★,836372,狂牙手套（★） | 针尖,10,1829.5,3575.96,1.95,2024-06-16
狂牙手套,略有磨损,★,836034,狂牙手套（★） | 翡翠,140,1298,1704.88,1.31,2024-06-16
狂牙手套,略有磨损,★,835904,狂牙手套（★） | 黄色斑纹,120,755.5,1230.85,1.63,2024-06-16
狂牙手套,久经沙场,★,835880,狂牙手套（★） | 翡翠,272,724,1019.81,1.41,2024-06-16
狂牙手套,略有磨损,★,836263,狂牙手套（★） | 精神错乱,75,723.5,1048.83,1.45,2024-06-16
狂牙手套,破损不堪,★,835981,狂牙手套（★） | 翡翠,21,653.5,972.14,1.49,2024-06-16
狂牙手套,略有磨损,★,836248,狂牙手套（★） | 针尖,107,593,816.96,1.38,2024-06-16
狂牙手套,战痕累累,★,836079,狂牙手套（★） | 翡翠,35,589.49,797.38,1.35,2024-06-16
狂牙手套,久经沙场,★,836009,狂牙手套（★） | 黄色斑纹,201,535,747.24,1.4,2024-06-16
狂牙手套,久经沙场,★,835851,狂牙手套（★） | 精神错乱,127,508.95,710.97,1.4,2024-06-16
狂牙手套,久经沙场,★,835985,狂牙手套（★） | 针尖,84,495,662.15,1.34,2024-06-16
狂牙手套,破损不堪,★,836253,狂牙手套（★） | 黄色斑纹,23,476.5,687.54,1.44,2024-06-16
狂牙手套,破损不堪,★,835887,狂牙手套（★） | 精神错乱,16,464.5,688.48,1.48,2024-06-16
狂牙手套,战痕累累,★,836178,狂牙手套（★） | 黄色斑纹,18,458.43,616.73,1.35,2024-06-16
狂牙手套,破损不堪,★,835966,狂牙手套（★） | 针尖,26,449,688.84,1.53,2024-06-16
狂牙手套,战痕累累,★,836041,狂牙手套（★） | 针尖,26,436.65,625.87,1.43,2024-06-16
狂牙手套,战痕累累,★,836340,狂牙手套（★） | 精神错乱,13,436,614.34,1.41,2024-06-16
狂牙手套,崭新出厂,★,842580,狂牙手套（★） | 翡翠,16,4885.5,8863.12,1.81,2024-06-16
狂牙手套,崭新出厂,★,837362,狂牙手套（★） | 黄色斑纹,11,3092.1,5035.92,1.63,2024-06-16
狂牙手套,崭新出厂,★,836520,狂牙手套（★） | 精神错乱,8,2198.5,3917.52,1.78,2024-06-16
狂牙手套,崭新出厂,★,836372,狂牙手套（★） | 针尖,10,1829.5,3575.96,1.95,2024-06-16
狂牙手套,略有磨损,★,836034,狂牙手套（★） | 翡翠,140,1298,1704.88,1.31,2024-06-16
狂牙手套,略有磨损,★,835904,狂牙手套（★） | 黄色斑纹,120,755.5,1230.85,1.63,2024-06-16
狂牙手套,久经沙场,★,835880,狂牙手套（★） | 翡翠,272,724,1019.81,1.41,2024-06-16
狂牙手套,略有磨损,★,836263,狂牙手套（★） | 精神错乱,75,723.5,1048.83,1.45,2024-06-16
狂牙手套,破损不堪,★,835981,狂牙手套（★） | 翡翠,21,653.5,972.14,1.49,2024-06-16
狂牙手套,略有磨损,★,836248,狂牙手套（★） | 针尖,107,593,816.96,1.38,2024-06-16
狂牙手套,战痕累累,★,836079,狂牙手套（★） | 翡翠,35,589.49,797.38,1.35,2024-06-16
狂牙手套,久经沙场,★,836009,狂牙手套（★） | 黄色斑纹,201,535,747.24,1.4,2024-06-16
狂牙手套,久经沙场,★,835851,狂牙手套（★） | 精神错乱,127,508.95,710.97,1.4,2024-06-16
狂牙手套,久经沙场,★,835985,狂牙手套（★） | 针尖,84,495,662.15,1.34,2024-06-16
狂牙手套,破损不堪,★,836253,狂牙手套（★） | 黄色斑纹,23,476.5,687.54,1.44,2024-06-16
狂牙手套,破损不堪,★,835887,狂牙手套（★） | 精神错乱,16,464.5,688.48,1.48,2024-06-16
狂牙手套,战痕累累,★,836178,狂牙手套（★） | 黄色斑纹,18,458.43,616.73,1.35,2024-06-16
狂牙手套,破损不堪,★,835966,狂牙手套（★） | 针尖,26,449,688.84,1.53,2024-06-16
狂牙手套,战痕累累,★,836041,狂牙手套（★） | 针尖,26,436.65,625.87,1.43,2024-06-16
狂牙手套,战痕累累,★,836340,狂牙手套（★） | 精神错乱,13,436,614.34,1.41,2024-06-16
狂牙手套,崭新出厂,★,842580,狂牙手套（★） | 翡翠,16,4885.5,8863.12,1.81,2024-06-16
狂牙手套,崭新出厂,★,837362,狂牙手套（★） | 黄色斑纹,11,3092.1,5035.92,1.63,2024-06-16
狂牙手套,崭新出厂,★,836520,狂牙手套（★） | 精神错乱,8,2198.5,3917.52,1.78,2024-06-16
狂牙手套,崭新出厂,★,836372,狂牙手套（★） | 针尖,10,1829.5,3575.96,1.95,2024-06-16
狂牙手套,略有磨损,★,836034,狂牙手套（★） | 翡翠,140,1298,1704.88,1.31,2024-06-16
狂牙手套,略有磨损,★,835904,狂牙手套（★） | 黄色斑纹,120,755.5,1230.85,1.63,2024-06-16
狂牙手套,久经沙场,★,835880,狂牙手套（★） | 翡翠,272,724,1019.81,1.41,2024-06-16
狂牙手套,略有磨损,★,836263,狂牙手套（★） | 精神错乱,75,723.5,1048.83,1.45,2024-06-16
狂牙手套,破损不堪,★,835981,狂牙手套（★） | 翡翠,21,653.5,972.14,1.49,2024-06-16
狂牙手套,略有磨损,★,836248,狂牙手套（★） | 针尖,107,593,816.96,1.38,2024-06-16
狂牙手套,战痕累累,★,836079,狂牙手套（★） | 翡翠,35,589.49,797.38,1.35,2024-06-16
狂牙手套,久经沙场,★,836009,狂牙手套（★） | 黄色斑纹,201,535,747.24,1.4,2024-06-16
狂牙手套,久经沙场,★,835851,狂牙手套（★） | 精神错乱,127,508.95,710.97,1.4,2024-06-16
狂牙手套,久经沙场,★,835985,狂牙手套（★） | 针尖,84,495,662.15,1.34,2024-06-16
狂牙手套,破损不堪,★,836253,狂牙手套（★） | 黄色斑纹,23,476.5,687.54,1.44,2024-06-16
狂牙手套,破损不堪,★,835887,狂牙手套（★） | 精神错乱,16,464.5,688.48,1.48,2024-06-16
狂牙手套,战痕累累,★,836178,狂牙手套（★） | 黄色斑纹,18,458.43,616.73,1.35,2024-06-16
狂牙手套,破损不堪,★,835966,狂牙手套（★） | 针尖,26,449,688.84,1.53,2024-06-16
狂牙手套,战痕累累,★,836041,狂牙手套（★） | 针尖,26,436.65,625.87,1.43,2024-06-16
狂牙手套,战痕累累,★,836340,狂牙手套（★） | 精神错乱,13,436,614.34,1.41,2024-06-16
狂牙手套,崭新出厂,★,842580,狂牙手套（★） | 翡翠,16,4885.5,8863.12,1.81,2024-06-16
狂牙手套,崭新出厂,★,837362,狂牙手套（★） | 黄色斑纹,11,3092.1,5035.92,1.63,2024-06-16
狂牙手套,崭新出厂,★,836520,狂牙手套（★） | 精神错乱,8,2198.5,3917.52,1.78,2024-06-16
狂牙手套,崭新出厂,★,836372,狂牙手套（★） | 针尖,10,1829.5,3575.96,1.95,2024-06-16
狂牙手套,略有磨损,★,836034,狂牙手套（★） | 翡翠,140,1298,1704.88,1.31,2024-06-16
狂牙手套,略有磨损,★,835904,狂牙手套（★） | 黄色斑纹,120,755.5,1230.85,1.63,2024-06-16
狂牙手套,久经沙场,★,835880,狂牙手套（★） | 翡翠,272,724,1019.81,1.41,2024-06-16
狂牙手套,略有磨损,★,836263,狂牙手套（★） | 精神错乱,75,723.5,1048.83,1.45,2024-06-16
狂牙手套,破损不堪,★,835981,狂牙手套（★） | 翡翠,21,653.5,972.14,1.49,2024-06-16
狂牙手套,略有磨损,★,836248,狂牙手套（★） | 针尖,107,593,816.96,1.38,2024-06-16
狂牙手套,战痕累累,★,836079,狂牙手套（★） | 翡翠,35,589.49,797.38,1.35,2024-06-16
狂牙手套,久经沙场,★,836009,狂牙手套（★） | 黄色斑纹,201,535,747.24,1.4,2024-06-16
狂牙手套,久经沙场,★,835851,狂牙手套（★） | 精神错乱,127,508.95,710.97,1.4,2024-06-16
狂牙手套,久经沙场,★,835985,狂牙手套（★） | 针尖,84,495,662.15,1.34,2024-06-16
狂牙手套,破损不堪,★,836253,狂牙手套（★） | 黄色斑纹,23,476.5,687.54,1.44,2024-06-16
狂牙手套,破损不堪,★,835887,狂牙手套（★） | 精神错乱,16,464.5,688.48,1.48,2024-06-16
狂牙手套,战痕累累,★,836178,狂牙手套（★） | 黄色斑纹,18,458.43,616.73,1.35,2024-06-16
狂牙手套,破损不堪,★,835966,狂牙手套（★） | 针尖,26,449,688.84,1.53,2024-06-16
狂牙手套,战痕累累,★,836041,狂牙手套（★） | 针尖,26,436.65,625.87,1.43,2024-06-16
狂牙手套,战痕累累,★,836340,狂牙手套（★） | 精神错乱,13,436,614.34,1.41,2024-06-16
狂牙手套,崭新出厂,★,842580,狂牙手套（★） | 翡翠,16,4885.5,8863.12,1.81,2024-06-16
狂牙手套,崭新出厂,★,837362,狂牙手套（★） | 黄色斑纹,11,3092.1,5035.92,1.63,2024-06-16
狂牙手套,崭新出厂,★,836520,狂牙手套（★） | 精神错乱,8,2198.5,3917.52,1.78,2024-06-16
狂牙手套,崭新出厂,★,836372,狂牙手套（★） | 针尖,10,1829.5,3575.96,1.95,2024-06-16
狂牙手套,略有磨损,★,836034,狂牙手套（★） | 翡翠,140,1298,1704.88,1.31,2024-06-16
狂牙手套,略有磨损,★,835904,狂牙手套（★） | 黄色斑纹,120,755.5,1230.85,1.63,2024-06-16
狂牙手套,久经沙场,★,835880,狂牙手套（★） | 翡翠,272,724,1019.81,1.41,2024-06-16
狂牙手套,略有磨损,★,836263,狂牙手套（★） | 精神错乱,75,723.5,1048.83,1.45,2024-06-16
狂牙手套,破损不堪,★,835981,狂牙手套（★） | 翡翠,21,653.5,972.14,1.49,2024-06-16
狂牙手套,略有磨损,★,836248,狂牙手套（★） | 针尖,107,593,816.96,1.38,2024-06-16
狂牙手套,战痕累累,★,836079,狂牙手套（★） | 翡翠,35,589.49,797.38,1.35,2024-06-16
狂牙手套,久经沙场,★,836009,狂牙手套（★） | 黄色斑纹,201,535,747.24,1.4,2024-06-16
狂牙手套,久经沙场,★,835851,狂牙手套（★） | 精神错乱,127,508.95,710.97,1.4,2024-06-16
狂牙手套,久经沙场,★,835985,狂牙手套（★） | 针尖,84,495,662.15,1.34,2024-06-16
狂牙手套,破损不堪,★,836253,狂牙手套（★） | 黄色斑纹,23,476.5,687.54,1.44,2024-06-16
狂牙手套,破损不堪,★,835887,狂牙手套（★） | 精神错乱,16,464.5,688.48,1.48,2024-06-16
狂牙手套,战痕累累,★,836178,狂牙手套（★） | 黄色斑纹,18,458.43,616.73,1.35,2024-06-16
狂牙手套,破损不堪,★,835966,狂牙手套（★） | 针尖,26,449,688.84,1.53,2024-06-16
狂牙手套,战痕累累,★,836041,狂牙手套（★） | 针尖,26,436.65,625.87,1.43,2024-06-16
狂牙手套,战痕累累,★,836340,狂牙手套（★） | 精神错乱,13,436,614.34,1.41,2024-06-16
