刺刀,崭新出厂,★,45460,刺刀（★） | 深红之网,5,17776.5,14922.62,0.84,2024-06-16
刺刀,略有磨损,★ StatTrak™,43303,刺刀（★ StatTrak™） | 伽玛多普勒,2,9998.5,7364.42,0.74,2024-06-16
刺刀,崭新出厂,★,44000,刺刀（★） | 噩梦之夜,2,6999.5,7140.03,1.02,2024-06-16
刺刀,略有磨损,★ StatTrak™,757234,刺刀（★ StatTrak™） | 渐变之色,2,6598.5,5696.69,0.86,2024-06-16
刺刀,略有磨损,★,42403,刺刀（★） | 伽玛多普勒,22,6299.5,6426.01,1.02,2024-06-16
刺刀,崭新出厂,★ StatTrak™,755618,刺刀（★ StatTrak™） | 传说,8,6199.5,6324.01,1.02,2024-06-16
刺刀,崭新出厂,★ StatTrak™,43965,刺刀（★ StatTrak™） | 自动化,5,6079.5,6201.62,1.02,2024-06-16
刺刀,略有磨损,★ StatTrak™,43308,刺刀（★ StatTrak™） | 渐变大理石,4,5999.5,4437.04,0.74,2024-06-16
刺刀,崭新出厂,★,42402,刺刀（★） | 伽玛多普勒,467,5999,8371.75,1.4,2024-06-16
刺刀,崭新出厂,★ StatTrak™,43302,刺刀（★ StatTrak™） | 伽玛多普勒,62,5799.5,9892.65,1.71,2024-06-16
刺刀,崭新出厂,★,42405,刺刀（★） | 传说,99,5664.5,11010.54,1.94,2024-06-16
刺刀,崭新出厂,★,42351,刺刀（★） | 自动化,30,5549.5,10669.71,1.92,2024-06-16
刺刀,崭新出厂,★,42391,刺刀（★） | 渐变之色,238,5498.5,8011.62,1.46,2024-06-16
刺刀,略有磨损,★,42392,刺刀（★） | 渐变之色,14,5456,8267.28,1.52,2024-06-16
刺刀,崭新出厂,★ StatTrak™,43294,刺刀（★ StatTrak™） | 渐变之色,33,5399,8698.51,1.61,2024-06-16
刺刀,崭新出厂,★ StatTrak™,756011,刺刀（★ StatTrak™） | 表面淬火,1,4999.5,8680.22,1.74,2024-06-16
刺刀,崭新出厂,★ StatTrak™,43320,刺刀（★ StatTrak™） | 屠夫,10,4818.5,8011.62,1.66,2024-06-16
刺刀,略有磨损,★ StatTrak™,43287,刺刀（★ StatTrak™） | 深红之网,5,4587.5,4595.84,1.0,2024-06-16
刺刀,略有磨损,★,42390,刺刀（★） | 多普勒,53,4419.5,6269.89,1.42,2024-06-16
刺刀,崭新出厂,★ StatTrak™,43307,刺刀（★ StatTrak™） | 渐变大理石,46,4399.5,7254.8,1.65,2024-06-16
刺刀,崭新出厂,★,42437,刺刀（★） | 致命紫罗兰,4,4399.5,6906.64,1.57,2024-06-16
刺刀,崭新出厂,★,42376,刺刀（★） | 表面淬火,9,4399.5,7131.76,1.62,2024-06-16
刺刀,崭新出厂,★ StatTrak™,43292,刺刀（★ StatTrak™） | 多普勒,129,4340.5,6192.62,1.43,2024-06-16
刺刀,略有磨损,★ StatTrak™,43293,刺刀（★ StatTrak™） | 多普勒,3,4299.5,9177.32,2.13,2024-06-16
刺刀,略有磨损,★,42407,刺刀（★） | 传说,141,4279.5,6580.1,1.54,2024-06-16
刺刀,略有磨损,★,42410,刺刀（★） | 渐变大理石,24,4221,5460.25,1.29,2024-06-16
刺刀,崭新出厂,★,42409,刺刀（★） | 渐变大理石,473,4198,5960.04,1.42,2024-06-16
刺刀,崭新出厂,★,42389,刺刀（★） | 多普勒,1004,4179.5,6021.48,1.44,2024-06-16
刺刀,略有磨损,★ StatTrak™,43306,刺刀（★ StatTrak™） | 传说,21,4149.5,6664.4,1.61,2024-06-16
刺刀,略有磨损,★ StatTrak™,43328,刺刀（★ StatTrak™） | 虎牙,1,3999.5,3728.02,0.93,2024-06-16
刺刀,崭新出厂,★,42426,刺刀（★） | 屠夫,68,3999.5,5803.84,1.45,2024-06-16
刺刀,崭新出厂,★ StatTrak™,43327,刺刀（★ StatTrak™） | 虎牙,20,3817.5,5709.75,1.5,2024-06-16
刺刀,略有磨损,★,42353,刺刀（★） | 自动化,128,3787.5,6313.27,1.67,2024-06-16
刺刀,略有磨损,★ StatTrak™,43267,刺刀（★ StatTrak™） | 自动化,25,3699.5,5762.78,1.56,2024-06-16
刺刀,略有磨损,★,42435,刺刀（★） | 虎牙,13,3599.5,4694.07,1.3,2024-06-16
刺刀,无涂装,★,42349,刺刀（★）,189,3484,5004.29,1.44,2024-06-16
刺刀,崭新出厂,★,42434,刺刀（★） | 虎牙,188,3482,5196.4,1.49,2024-06-16
刺刀,崭新出厂,★,42361,刺刀（★） | 蓝钢,9,3459,5418.54,1.57,2024-06-16
刺刀,略有磨损,★,42428,刺刀（★） | 屠夫,72,3434.5,4644.38,1.35,2024-06-16
刺刀,略有磨损,★ StatTrak™,43322,刺刀（★ StatTrak™） | 屠夫,3,3376.55,6428.04,1.9,2024-06-16
刺刀,无涂装,★ StatTrak™,43265,刺刀（★ StatTrak™）,29,3365,5276.71,1.57,2024-06-16
刺刀,略有磨损,★,42382,刺刀（★） | 深红之网,58,3318.5,5500.08,1.66,2024-06-16
刺刀,崭新出厂,★ StatTrak™,43967,刺刀（★ StatTrak™） | 黑色层压板,6,3199.5,4893.14,1.53,2024-06-16
刺刀,略有磨损,★ StatTrak™,43283,刺刀（★ StatTrak™） | 表面淬火,5,3172.5,5993.05,1.89,2024-06-16
刺刀,久经沙场,★,42352,刺刀（★） | 自动化,204,3149,4674.99,1.48,2024-06-16
刺刀,久经沙场,★ StatTrak™,43321,刺刀（★ StatTrak™） | 屠夫,4,3099.5,4080.53,1.32,2024-06-16
刺刀,久经沙场,★ StatTrak™,43266,刺刀（★ StatTrak™） | 自动化,35,3099,5805.65,1.87,2024-06-16
刺刀,崭新出厂,★,42356,刺刀（★） | 黑色层压板,18,3098.5,4577.42,1.48,2024-06-16
刺刀,久经沙场,★ StatTrak™,43305,刺刀（★ StatTrak™） | 传说,34,3078.5,4721.79,1.53,2024-06-16
刺刀,久经沙场,★,42406,刺刀（★） | 传说,254,3026.5,4425.43,1.46,2024-06-16
刺刀,破损不堪,★,42354,刺刀（★） | 自动化,17,3019.5,5176.81,1.71,2024-06-16
刺刀,战痕累累,★ StatTrak™,43964,刺刀（★ StatTrak™） | 自动化,10,2997,6192.55,2.07,2024-06-16
刺刀,略有磨损,★ StatTrak™,43274,刺刀（★ StatTrak™） | 蓝钢,6,2970.8,4936.75,1.66,2024-06-16
刺刀,久经沙场,★,42427,刺刀（★） | 屠夫,22,2948.4,4273.08,1.45,2024-06-16
刺刀,崭新出厂,★,45654,刺刀（★） | 森林 DDPAT,2,2881.5,4701.62,1.63,2024-06-16
刺刀,略有磨损,★,42378,刺刀（★） | 表面淬火,59,2879.5,4497.98,1.56,2024-06-16
刺刀,崭新出厂,★,42366,刺刀（★） | 北方森林,2,2797.5,7254.73,2.59,2024-06-16
刺刀,久经沙场,★ StatTrak™,43282,刺刀（★ StatTrak™） | 表面淬火,8,2797,4949.66,1.77,2024-06-16
刺刀,破损不堪,★,42408,刺刀（★） | 传说,15,2795.28,3844.61,1.38,2024-06-16
刺刀,略有磨损,★ StatTrak™,43311,刺刀（★ StatTrak™） | 噩梦之夜,5,2697.27,4497.98,1.67,2024-06-16
刺刀,战痕累累,★,42350,刺刀（★） | 自动化,36,2677.5,4005.81,1.5,2024-06-16
刺刀,崭新出厂,★ StatTrak™,43323,刺刀（★ StatTrak™） | 人工染色,2,2667.5,2176.44,0.82,2024-06-16
刺刀,破损不堪,★ StatTrak™,43284,刺刀（★ StatTrak™） | 表面淬火,6,2667.2,4450.82,1.67,2024-06-16
刺刀,战痕累累,★ StatTrak™,755934,刺刀（★ StatTrak™） | 表面淬火,6,2647.5,5076.69,1.92,2024-06-16
刺刀,崭新出厂,★,42418,刺刀（★） | 狩猎网格,2,2599.5,5723.96,2.2,2024-06-16
刺刀,崭新出厂,★ StatTrak™,43289,刺刀（★ StatTrak™） | 大马士革钢,19,2596.5,4287.01,1.65,2024-06-16
刺刀,崭新出厂,★ StatTrak™,43298,刺刀（★ StatTrak™） | 自由之手,22,2588.5,5194.0,2.01,2024-06-16
刺刀,崭新出厂,★,42430,刺刀（★） | 人工染色,9,2587.5,4250.8,1.64,2024-06-16
刺刀,略有磨损,★,42363,刺刀（★） | 蓝钢,18,2585.5,3775.62,1.46,2024-06-16
刺刀,崭新出厂,★,42442,刺刀（★） | 都市伪装,1,2549.5,3862.6,1.52,2024-06-16
刺刀,略有磨损,★ StatTrak™,43330,刺刀（★ StatTrak™） | 致命紫罗兰,10,2419,5596.64,2.31,2024-06-16
刺刀,久经沙场,★,42377,刺刀（★） | 表面淬火,113,2398.38,4185.87,1.75,2024-06-16
刺刀,久经沙场,★ StatTrak™,43286,刺刀（★ StatTrak™） | 深红之网,10,2397.99,4203.36,1.75,2024-06-16
刺刀,崭新出厂,★,755936,刺刀（★） | 枯焦之色,1,2388.5,4450.82,1.86,2024-06-16
刺刀,崭新出厂,★,42398,刺刀（★） | 自由之手,116,2359,3192.11,1.35,2024-06-16
刺刀,崭新出厂,★,42371,刺刀（★） | 澄澈之水,133,2348,3522.06,1.5,2024-06-16
刺刀,崭新出厂,★,42385,刺刀（★） | 大马士革钢,111,2346.5,3496.02,1.49,2024-06-16
刺刀,战痕累累,★ StatTrak™,44541,刺刀（★ StatTrak™） | 自由之手,1,2345.17,2703.57,1.15,2024-06-16
刺刀,崭新出厂,★ StatTrak™,43279,刺刀（★ StatTrak™） | 澄澈之水,22,2339.5,4224.98,1.81,2024-06-16
刺刀,久经沙场,★,42362,刺刀（★） | 蓝钢,34,2324.5,3371.6,1.45,2024-06-16
刺刀,战痕累累,★ StatTrak™,43304,刺刀（★ StatTrak™） | 传说,11,2299.5,4457.28,1.94,2024-06-16
刺刀,略有磨损,★ StatTrak™,43300,刺刀（★ StatTrak™） | 自由之手,19,2279.5,3554.78,1.56,2024-06-16
刺刀,久经沙场,★ StatTrak™,43273,刺刀（★ StatTrak™） | 蓝钢,6,2270.8,4084.45,1.8,2024-06-16
刺刀,战痕累累,★,42404,刺刀（★） | 传说,46,2269.5,3419.62,1.51,2024-06-16
刺刀,破损不堪,★,42379,刺刀（★） | 表面淬火,43,2237,3676.88,1.64,2024-06-16
刺刀,略有磨损,★,42439,刺刀（★） | 致命紫罗兰,51,2227.5,3671.22,1.65,2024-06-16
刺刀,破损不堪,★ StatTrak™,44520,刺刀（★ StatTrak™） | 澄澈之水,1,2199.5,2458.51,1.12,2024-06-16
刺刀,略有磨损,★ StatTrak™,43270,刺刀（★ StatTrak™） | 黑色层压板,16,2199.5,3614.34,1.64,2024-06-16
刺刀,略有磨损,★,42400,刺刀（★） | 自由之手,89,2198.5,2971.57,1.35,2024-06-16
刺刀,战痕累累,★,42375,刺刀（★） | 表面淬火,27,2189.5,3471.71,1.59,2024-06-16
刺刀,略有磨损,★ StatTrak™,43291,刺刀（★ StatTrak™） | 大马士革钢,13,2188.5,3318.42,1.52,2024-06-16
刺刀,战痕累累,★ StatTrak™,43272,刺刀（★ StatTrak™） | 蓝钢,4,2149.5,3909.83,1.82,2024-06-16
刺刀,略有磨损,★,42358,刺刀（★） | 黑色层压板,86,2149.5,3338.15,1.55,2024-06-16
刺刀,略有磨损,★,42387,刺刀（★） | 大马士革钢,80,2149,3560.8,1.66,2024-06-16
刺刀,破损不堪,★,42364,刺刀（★） | 蓝钢,25,2134.5,3356.51,1.57,2024-06-16
刺刀,破损不堪,★ StatTrak™,43275,刺刀（★ StatTrak™） | 蓝钢,3,2102.5,3751.09,1.78,2024-06-16
刺刀,略有磨损,★ StatTrak™,43281,刺刀（★ StatTrak™） | 澄澈之水,23,2078.5,3493.26,1.68,2024-06-16
刺刀,破损不堪,★ StatTrak™,44994,刺刀（★ StatTrak™） | 大马士革钢,1,2076.5,3695.67,1.78,2024-06-16
刺刀,略有磨损,★,42373,刺刀（★） | 澄澈之水,109,2053.5,3090.54,1.51,2024-06-16
刺刀,久经沙场,★ StatTrak™,43290,刺刀（★ StatTrak™） | 大马士革钢,22,2039.5,3047.02,1.49,2024-06-16
刺刀,破损不堪,★ StatTrak™,43288,刺刀（★ StatTrak™） | 深红之网,3,2023.5,3221.06,1.59,2024-06-16
刺刀,战痕累累,★ StatTrak™,43966,刺刀（★ StatTrak™） | 黑色层压板,14,2009.5,3446.03,1.71,2024-06-16
刺刀,战痕累累,★ StatTrak™,43276,刺刀（★ StatTrak™） | 北方森林,1,1998.5,2831.04,1.42,2024-06-16
刺刀,战痕累累,★,42360,刺刀（★） | 蓝钢,38,1998.5,3383.35,1.69,2024-06-16
刺刀,久经沙场,★,42386,刺刀（★） | 大马士革钢,99,1989.5,2949.29,1.48,2024-06-16
刺刀,破损不堪,★ StatTrak™,43271,刺刀（★ StatTrak™） | 黑色层压板,20,1979.5,3251.09,1.64,2024-06-16
刺刀,久经沙场,★,42381,刺刀（★） | 深红之网,147,1978.5,2864.2,1.45,2024-06-16
刺刀,久经沙场,★,42357,刺刀（★） | 黑色层压板,84,1969.5,2988.98,1.52,2024-06-16
刺刀,战痕累累,★ StatTrak™,756106,刺刀（★ StatTrak™） | 大马士革钢,1,1949.5,3119.56,1.6,2024-06-16
刺刀,久经沙场,★ StatTrak™,43299,刺刀（★ StatTrak™） | 自由之手,22,1949.5,4450.82,2.28,2024-06-16
刺刀,略有磨损,★,42413,刺刀（★） | 噩梦之夜,30,1949.5,3289.91,1.69,2024-06-16
刺刀,久经沙场,★ StatTrak™,43269,刺刀（★ StatTrak™） | 黑色层压板,28,1939,3422.45,1.77,2024-06-16
刺刀,破损不堪,★,42383,刺刀（★） | 深红之网,19,1923.5,3180.5,1.65,2024-06-16
刺刀,久经沙场,★,42399,刺刀（★） | 自由之手,169,1918.5,2669.77,1.39,2024-06-16
刺刀,破损不堪,★,42388,刺刀（★） | 大马士革钢,15,1918.5,3535.84,1.84,2024-06-16
刺刀,战痕累累,★ StatTrak™,43285,刺刀（★ StatTrak™） | 深红之网,8,1909,2531.34,1.33,2024-06-16
刺刀,略有磨损,★ StatTrak™,43325,刺刀（★ StatTrak™） | 人工染色,11,1899,3337.21,1.76,2024-06-16
刺刀,战痕累累,★,42380,刺刀（★） | 深红之网,55,1898.99,2642.71,1.39,2024-06-16
刺刀,略有磨损,★,42432,刺刀（★） | 人工染色,57,1898.5,3162.22,1.67,2024-06-16
刺刀,久经沙场,★ StatTrak™,43324,刺刀（★ StatTrak™） | 人工染色,9,1896.5,2825.31,1.49,2024-06-16
刺刀,战痕累累,★,42384,刺刀（★） | 大马士革钢,12,1895.1,2710.32,1.43,2024-06-16
刺刀,战痕累累,★,42355,刺刀（★） | 黑色层压板,113,1889,3119.56,1.65,2024-06-16
刺刀,破损不堪,★,42359,刺刀（★） | 黑色层压板,101,1879.5,2855.63,1.52,2024-06-16
刺刀,战痕累累,★,42397,刺刀（★） | 自由之手,17,1843.5,3049.05,1.65,2024-06-16
刺刀,略有磨损,★ StatTrak™,43277,刺刀（★ StatTrak™） | 北方森林,7,1836.5,2364.05,1.29,2024-06-16
刺刀,破损不堪,★,42401,刺刀（★） | 自由之手,21,1801,2474.83,1.37,2024-06-16
刺刀,略有磨损,★ StatTrak™,43333,刺刀（★ StatTrak™） | 都市伪装,12,1799,3560.58,1.98,2024-06-16
刺刀,破损不堪,★ StatTrak™,43313,刺刀（★ StatTrak™） | 外表生锈,5,1779.5,2995.58,1.68,2024-06-16
刺刀,久经沙场,★,42431,刺刀（★） | 人工染色,60,1769.5,2607.59,1.47,2024-06-16
刺刀,久经沙场,★,42372,刺刀（★） | 澄澈之水,167,1749.5,2480.85,1.42,2024-06-16
刺刀,久经沙场,★ StatTrak™,43280,刺刀（★ StatTrak™） | 澄澈之水,42,1719.5,3213.08,1.87,2024-06-16
刺刀,破损不堪,★ StatTrak™,44244,刺刀（★ StatTrak™） | 都市伪装,3,1699.5,3518.07,2.07,2024-06-16
刺刀,破损不堪,★,42433,刺刀（★） | 人工染色,28,1699.49,2878.99,1.69,2024-06-16
刺刀,破损不堪,★ StatTrak™,755861,刺刀（★ StatTrak™） | 噩梦之夜,1,1665.5,2295.71,1.38,2024-06-16
刺刀,破损不堪,★ StatTrak™,43326,刺刀（★ StatTrak™） | 人工染色,5,1665.5,3038.17,1.82,2024-06-16
刺刀,略有磨损,★,42444,刺刀（★） | 都市伪装,36,1659.5,3127.76,1.88,2024-06-16
刺刀,破损不堪,★,42374,刺刀（★） | 澄澈之水,32,1659.5,2237.09,1.35,2024-06-16
刺刀,战痕累累,★ StatTrak™,757762,刺刀（★ StatTrak™） | 澄澈之水,5,1649.5,2409.83,1.46,2024-06-16
刺刀,战痕累累,★,42370,刺刀（★） | 澄澈之水,28,1649.5,2845.41,1.73,2024-06-16
刺刀,略有磨损,★ StatTrak™,43319,刺刀（★ StatTrak™） | 枯焦之色,5,1648.9,2720.48,1.65,2024-06-16
刺刀,战痕累累,★ StatTrak™,44229,刺刀（★ StatTrak™） | 人工染色,9,1648,2032.14,1.23,2024-06-16
刺刀,战痕累累,★,42429,刺刀（★） | 人工染色,24,1618.47,2490.5,1.54,2024-06-16
刺刀,破损不堪,★ StatTrak™,43331,刺刀（★ StatTrak™） | 致命紫罗兰,2,1609.5,4479.84,2.78,2024-06-16
刺刀,略有磨损,★ StatTrak™,43297,刺刀（★ StatTrak™） | 森林 DDPAT,10,1598.5,4089.17,2.56,2024-06-16
刺刀,略有磨损,★,42424,刺刀（★） | 枯焦之色,31,1597.89,2547.09,1.59,2024-06-16
刺刀,破损不堪,★,42416,刺刀（★） | 外表生锈,25,1589.5,3382.7,2.13,2024-06-16
刺刀,久经沙场,★,42438,刺刀（★） | 致命紫罗兰,135,1586.38,2128.7,1.34,2024-06-16
刺刀,战痕累累,★ StatTrak™,43312,刺刀（★ StatTrak™） | 外表生锈,35,1557,2438.34,1.57,2024-06-16
刺刀,久经沙场,★ StatTrak™,43329,刺刀（★ StatTrak™） | 致命紫罗兰,19,1549,2684.13,1.73,2024-06-16
刺刀,战痕累累,★,42415,刺刀（★） | 外表生锈,181,1548.5,2206.11,1.42,2024-06-16
刺刀,略有磨损,★,42368,刺刀（★） | 北方森林,42,1529.4,2611.0,1.71,2024-06-16
刺刀,久经沙场,★ StatTrak™,43310,刺刀（★ StatTrak™） | 噩梦之夜,13,1528.5,2469.68,1.62,2024-06-16
刺刀,略有磨损,★,42395,刺刀（★） | 森林 DDPAT,35,1524.49,2630.52,1.73,2024-06-16
刺刀,战痕累累,★ StatTrak™,43968,刺刀（★ StatTrak™） | 致命紫罗兰,13,1520.02,1927.31,1.27,2024-06-16
刺刀,破损不堪,★,42440,刺刀（★） | 致命紫罗兰,28,1504.5,2502.91,1.66,2024-06-16
刺刀,战痕累累,★ StatTrak™,43309,刺刀（★ StatTrak™） | 噩梦之夜,8,1499.5,2539.18,1.69,2024-06-16
刺刀,久经沙场,★,42412,刺刀（★） | 噩梦之夜,65,1497.5,2385.67,1.59,2024-06-16
刺刀,战痕累累,★ StatTrak™,43295,刺刀（★ StatTrak™） | 森林 DDPAT,5,1489.5,2439.5,1.64,2024-06-16
刺刀,战痕累累,★ StatTrak™,43317,刺刀（★ StatTrak™） | 枯焦之色,5,1478.5,2251.96,1.52,2024-06-16
刺刀,略有磨损,★ StatTrak™,43316,刺刀（★ StatTrak™） | 狩猎网格,7,1449.5,2397.2,1.65,2024-06-16
刺刀,破损不堪,★,42414,刺刀（★） | 噩梦之夜,21,1448.5,3670.93,2.53,2024-06-16
刺刀,战痕累累,★,42436,刺刀（★） | 致命紫罗兰,76,1447,2351.14,1.62,2024-06-16
刺刀,战痕累累,★,42411,刺刀（★） | 噩梦之夜,41,1441,2246.38,1.56,2024-06-16
刺刀,略有磨损,★,42420,刺刀（★） | 狩猎网格,45,1408,2097.51,1.49,2024-06-16
刺刀,破损不堪,★ StatTrak™,43278,刺刀（★ StatTrak™） | 北方森林,1,1399.5,1591.12,1.14,2024-06-16
刺刀,战痕累累,★ StatTrak™,43314,刺刀（★ StatTrak™） | 狩猎网格,8,1387.5,1886.18,1.36,2024-06-16
刺刀,久经沙场,★ StatTrak™,43332,刺刀（★ StatTrak™） | 都市伪装,23,1379.5,2497.17,1.81,2024-06-16
刺刀,久经沙场,★ StatTrak™,44228,刺刀（★ StatTrak™） | 北方森林,9,1379,3047.02,2.21,2024-06-16
刺刀,破损不堪,★,42425,刺刀（★） | 枯焦之色,16,1354.5,2130.52,1.57,2024-06-16
刺刀,久经沙场,★ StatTrak™,43296,刺刀（★ StatTrak™） | 森林 DDPAT,10,1344.5,2069.07,1.54,2024-06-16
刺刀,破损不堪,★ StatTrak™,45132,刺刀（★ StatTrak™） | 枯焦之色,1,1339.5,2113.83,1.58,2024-06-16
刺刀,破损不堪,★,42445,刺刀（★） | 都市伪装,21,1339.5,3870.44,2.89,2024-06-16
刺刀,久经沙场,★,42423,刺刀（★） | 枯焦之色,76,1336,1860.71,1.39,2024-06-16
刺刀,战痕累累,★ StatTrak™,45026,刺刀（★ StatTrak™） | 都市伪装,9,1329.5,2017.78,1.52,2024-06-16
刺刀,久经沙场,★,42443,刺刀（★） | 都市伪装,84,1329.5,2033.59,1.53,2024-06-16
刺刀,战痕累累,★,42441,刺刀（★） | 都市伪装,38,1326.5,2250.29,1.7,2024-06-16
刺刀,战痕累累,★,42422,刺刀（★） | 枯焦之色,31,1326.5,1922.52,1.45,2024-06-16
刺刀,久经沙场,★ StatTrak™,43318,刺刀（★ StatTrak™） | 枯焦之色,15,1324.5,2008.71,1.52,2024-06-16
刺刀,破损不堪,★,42421,刺刀（★） | 狩猎网格,21,1319.5,1952.77,1.48,2024-06-16
刺刀,破损不堪,★,42369,刺刀（★） | 北方森林,16,1316.5,2268.72,1.72,2024-06-16
刺刀,破损不堪,★,42396,刺刀（★） | 森林 DDPAT,20,1313,1849.9,1.41,2024-06-16
刺刀,久经沙场,★ StatTrak™,43315,刺刀（★ StatTrak™） | 狩猎网格,10,1299.5,1886.18,1.45,2024-06-16
刺刀,久经沙场,★,42394,刺刀（★） | 森林 DDPAT,66,1299.5,1995.8,1.54,2024-06-16
刺刀,战痕累累,★,42365,刺刀（★） | 北方森林,34,1299.5,2249.86,1.73,2024-06-16
刺刀,战痕累累,★,42417,刺刀（★） | 狩猎网格,31,1298.5,1940.37,1.49,2024-06-16
刺刀,久经沙场,★,42367,刺刀（★） | 北方森林,82,1294.5,1860.28,1.44,2024-06-16
刺刀,久经沙场,★,42419,刺刀（★） | 狩猎网格,66,1293.5,1952.77,1.51,2024-06-16
刺刀,战痕累累,★,42393,刺刀（★） | 森林 DDPAT,42,1289.5,2247.25,1.74,2024-06-16
刺刀,破损不堪,★,42414,刺刀（★） | 噩梦之夜,21,1448.5,3670.93,2.53,2024-06-16
刺刀,战痕累累,★,42436,刺刀（★） | 致命紫罗兰,76,1447,2351.14,1.62,2024-06-16
刺刀,战痕累累,★,42411,刺刀（★） | 噩梦之夜,41,1441,2246.38,1.56,2024-06-16
刺刀,略有磨损,★,42420,刺刀（★） | 狩猎网格,45,1408,2097.51,1.49,2024-06-16
刺刀,破损不堪,★ StatTrak™,43278,刺刀（★ StatTrak™） | 北方森林,1,1399.5,1591.12,1.14,2024-06-16
刺刀,战痕累累,★ StatTrak™,43314,刺刀（★ StatTrak™） | 狩猎网格,8,1387.5,1886.18,1.36,2024-06-16
刺刀,久经沙场,★ StatTrak™,43332,刺刀（★ StatTrak™） | 都市伪装,23,1379.5,2497.17,1.81,2024-06-16
刺刀,久经沙场,★ StatTrak™,44228,刺刀（★ StatTrak™） | 北方森林,9,1379,3047.02,2.21,2024-06-16
刺刀,破损不堪,★,42425,刺刀（★） | 枯焦之色,16,1354.5,2130.52,1.57,2024-06-16
刺刀,久经沙场,★ StatTrak™,43296,刺刀（★ StatTrak™） | 森林 DDPAT,10,1344.5,2069.07,1.54,2024-06-16
刺刀,破损不堪,★ StatTrak™,45132,刺刀（★ StatTrak™） | 枯焦之色,1,1339.5,2113.83,1.58,2024-06-16
刺刀,破损不堪,★,42445,刺刀（★） | 都市伪装,21,1339.5,3870.44,2.89,2024-06-16
刺刀,久经沙场,★,42423,刺刀（★） | 枯焦之色,76,1336,1860.71,1.39,2024-06-16
刺刀,战痕累累,★ StatTrak™,45026,刺刀（★ StatTrak™） | 都市伪装,9,1329.5,2017.78,1.52,2024-06-16
刺刀,久经沙场,★,42443,刺刀（★） | 都市伪装,84,1329.5,2033.59,1.53,2024-06-16
刺刀,战痕累累,★,42441,刺刀（★） | 都市伪装,38,1326.5,2250.29,1.7,2024-06-16
刺刀,战痕累累,★,42422,刺刀（★） | 枯焦之色,31,1326.5,1922.52,1.45,2024-06-16
刺刀,久经沙场,★ StatTrak™,43318,刺刀（★ StatTrak™） | 枯焦之色,15,1324.5,2008.71,1.52,2024-06-16
刺刀,破损不堪,★,42421,刺刀（★） | 狩猎网格,21,1319.5,1952.77,1.48,2024-06-16
刺刀,破损不堪,★,42369,刺刀（★） | 北方森林,16,1316.5,2268.72,1.72,2024-06-16
刺刀,破损不堪,★,42396,刺刀（★） | 森林 DDPAT,20,1313,1849.9,1.41,2024-06-16
刺刀,久经沙场,★ StatTrak™,43315,刺刀（★ StatTrak™） | 狩猎网格,10,1299.5,1886.18,1.45,2024-06-16
刺刀,久经沙场,★,42394,刺刀（★） | 森林 DDPAT,66,1299.5,1995.8,1.54,2024-06-16
刺刀,战痕累累,★,42365,刺刀（★） | 北方森林,34,1299.5,2249.86,1.73,2024-06-16
刺刀,战痕累累,★,42417,刺刀（★） | 狩猎网格,31,1298.5,1940.37,1.49,2024-06-16
刺刀,久经沙场,★,42367,刺刀（★） | 北方森林,82,1294.5,1860.28,1.44,2024-06-16
刺刀,久经沙场,★,42419,刺刀（★） | 狩猎网格,66,1293.5,1952.77,1.51,2024-06-16
刺刀,战痕累累,★,42393,刺刀（★） | 森林 DDPAT,42,1289.5,2247.25,1.74,2024-06-16
刺刀,破损不堪,★,42414,刺刀（★） | 噩梦之夜,21,1448.5,3670.93,2.53,2024-06-16
刺刀,战痕累累,★,42436,刺刀（★） | 致命紫罗兰,76,1447,2351.14,1.62,2024-06-16
刺刀,战痕累累,★,42411,刺刀（★） | 噩梦之夜,41,1441,2246.38,1.56,2024-06-16
刺刀,略有磨损,★,42420,刺刀（★） | 狩猎网格,45,1408,2097.51,1.49,2024-06-16
刺刀,破损不堪,★ StatTrak™,43278,刺刀（★ StatTrak™） | 北方森林,1,1399.5,1591.12,1.14,2024-06-16
刺刀,战痕累累,★ StatTrak™,43314,刺刀（★ StatTrak™） | 狩猎网格,8,1387.5,1886.18,1.36,2024-06-16
刺刀,久经沙场,★ StatTrak™,43332,刺刀（★ StatTrak™） | 都市伪装,23,1379.5,2497.17,1.81,2024-06-16
刺刀,久经沙场,★ StatTrak™,44228,刺刀（★ StatTrak™） | 北方森林,9,1379,3047.02,2.21,2024-06-16
刺刀,破损不堪,★,42425,刺刀（★） | 枯焦之色,16,1354.5,2130.52,1.57,2024-06-16
刺刀,久经沙场,★ StatTrak™,43296,刺刀（★ StatTrak™） | 森林 DDPAT,10,1344.5,2069.07,1.54,2024-06-16
刺刀,破损不堪,★ StatTrak™,45132,刺刀（★ StatTrak™） | 枯焦之色,1,1339.5,2113.83,1.58,2024-06-16
刺刀,破损不堪,★,42445,刺刀（★） | 都市伪装,21,1339.5,3870.44,2.89,2024-06-16
刺刀,久经沙场,★,42423,刺刀（★） | 枯焦之色,76,1336,1860.71,1.39,2024-06-16
刺刀,战痕累累,★ StatTrak™,45026,刺刀（★ StatTrak™） | 都市伪装,9,1329.5,2017.78,1.52,2024-06-16
刺刀,久经沙场,★,42443,刺刀（★） | 都市伪装,84,1329.5,2033.59,1.53,2024-06-16
刺刀,战痕累累,★,42441,刺刀（★） | 都市伪装,38,1326.5,2250.29,1.7,2024-06-16
刺刀,战痕累累,★,42422,刺刀（★） | 枯焦之色,31,1326.5,1922.52,1.45,2024-06-16
刺刀,久经沙场,★ StatTrak™,43318,刺刀（★ StatTrak™） | 枯焦之色,15,1324.5,2008.71,1.52,2024-06-16
刺刀,破损不堪,★,42421,刺刀（★） | 狩猎网格,21,1319.5,1952.77,1.48,2024-06-16
刺刀,破损不堪,★,42369,刺刀（★） | 北方森林,16,1316.5,2268.72,1.72,2024-06-16
刺刀,破损不堪,★,42396,刺刀（★） | 森林 DDPAT,20,1313,1849.9,1.41,2024-06-16
刺刀,久经沙场,★ StatTrak™,43315,刺刀（★ StatTrak™） | 狩猎网格,10,1299.5,1886.18,1.45,2024-06-16
刺刀,久经沙场,★,42394,刺刀（★） | 森林 DDPAT,66,1299.5,1995.8,1.54,2024-06-16
刺刀,战痕累累,★,42365,刺刀（★） | 北方森林,34,1299.5,2249.86,1.73,2024-06-16
刺刀,战痕累累,★,42417,刺刀（★） | 狩猎网格,31,1298.5,1940.37,1.49,2024-06-16
刺刀,久经沙场,★,42367,刺刀（★） | 北方森林,82,1294.5,1860.28,1.44,2024-06-16
刺刀,久经沙场,★,42419,刺刀（★） | 狩猎网格,66,1293.5,1952.77,1.51,2024-06-16
刺刀,战痕累累,★,42393,刺刀（★） | 森林 DDPAT,42,1289.5,2247.25,1.74,2024-06-16
刺刀,破损不堪,★,42414,刺刀（★） | 噩梦之夜,21,1448.5,3670.93,2.53,2024-06-16
刺刀,战痕累累,★,42436,刺刀（★） | 致命紫罗兰,76,1447,2351.14,1.62,2024-06-16
刺刀,战痕累累,★,42411,刺刀（★） | 噩梦之夜,41,1441,2246.38,1.56,2024-06-16
刺刀,略有磨损,★,42420,刺刀（★） | 狩猎网格,45,1408,2097.51,1.49,2024-06-16
刺刀,破损不堪,★ StatTrak™,43278,刺刀（★ StatTrak™） | 北方森林,1,1399.5,1591.12,1.14,2024-06-16
刺刀,战痕累累,★ StatTrak™,43314,刺刀（★ StatTrak™） | 狩猎网格,8,1387.5,1886.18,1.36,2024-06-16
刺刀,久经沙场,★ StatTrak™,43332,刺刀（★ StatTrak™） | 都市伪装,23,1379.5,2497.17,1.81,2024-06-16
刺刀,久经沙场,★ StatTrak™,44228,刺刀（★ StatTrak™） | 北方森林,9,1379,3047.02,2.21,2024-06-16
刺刀,破损不堪,★,42425,刺刀（★） | 枯焦之色,16,1354.5,2130.52,1.57,2024-06-16
刺刀,久经沙场,★ StatTrak™,43296,刺刀（★ StatTrak™） | 森林 DDPAT,10,1344.5,2069.07,1.54,2024-06-16
刺刀,破损不堪,★ StatTrak™,45132,刺刀（★ StatTrak™） | 枯焦之色,1,1339.5,2113.83,1.58,2024-06-16
刺刀,破损不堪,★,42445,刺刀（★） | 都市伪装,21,1339.5,3870.44,2.89,2024-06-16
刺刀,久经沙场,★,42423,刺刀（★） | 枯焦之色,76,1336,1860.71,1.39,2024-06-16
刺刀,战痕累累,★ StatTrak™,45026,刺刀（★ StatTrak™） | 都市伪装,9,1329.5,2017.78,1.52,2024-06-16
刺刀,久经沙场,★,42443,刺刀（★） | 都市伪装,84,1329.5,2033.59,1.53,2024-06-16
刺刀,战痕累累,★,42441,刺刀（★） | 都市伪装,38,1326.5,2250.29,1.7,2024-06-16
刺刀,战痕累累,★,42422,刺刀（★） | 枯焦之色,31,1326.5,1922.52,1.45,2024-06-16
刺刀,久经沙场,★ StatTrak™,43318,刺刀（★ StatTrak™） | 枯焦之色,15,1324.5,2008.71,1.52,2024-06-16
刺刀,破损不堪,★,42421,刺刀（★） | 狩猎网格,21,1319.5,1952.77,1.48,2024-06-16
刺刀,破损不堪,★,42369,刺刀（★） | 北方森林,16,1316.5,2268.72,1.72,2024-06-16
刺刀,破损不堪,★,42396,刺刀（★） | 森林 DDPAT,20,1313,1849.9,1.41,2024-06-16
刺刀,久经沙场,★ StatTrak™,43315,刺刀（★ StatTrak™） | 狩猎网格,10,1299.5,1886.18,1.45,2024-06-16
刺刀,久经沙场,★,42394,刺刀（★） | 森林 DDPAT,66,1299.5,1995.8,1.54,2024-06-16
刺刀,战痕累累,★,42365,刺刀（★） | 北方森林,34,1299.5,2249.86,1.73,2024-06-16
刺刀,战痕累累,★,42417,刺刀（★） | 狩猎网格,31,1298.5,1940.37,1.49,2024-06-16
刺刀,久经沙场,★,42367,刺刀（★） | 北方森林,82,1294.5,1860.28,1.44,2024-06-16
刺刀,久经沙场,★,42419,刺刀（★） | 狩猎网格,66,1293.5,1952.77,1.51,2024-06-16
刺刀,战痕累累,★,42393,刺刀（★） | 森林 DDPAT,42,1289.5,2247.25,1.74,2024-06-16
刺刀,崭新出厂,★,45460,刺刀（★） | 深红之网,5,17776.5,14922.59,0.84,2024-06-20
刺刀,略有磨损,★ StatTrak™,43303,刺刀（★ StatTrak™） | 伽玛多普勒,2,9998.5,7364.37,0.74,2024-06-20
刺刀,崭新出厂,★,44000,刺刀（★） | 噩梦之夜,2,6999.5,7139.98,1.02,2024-06-20
刺刀,略有磨损,★ StatTrak™,757234,刺刀（★ StatTrak™） | 渐变之色,2,6598.5,5696.7,0.86,2024-06-20
刺刀,崭新出厂,★ StatTrak™,755618,刺刀（★ StatTrak™） | 传说,8,6174.5,6298.48,1.02,2024-06-20
刺刀,崭新出厂,★ StatTrak™,43302,刺刀（★ StatTrak™） | 伽玛多普勒,63,6099.5,5916.01,0.97,2024-06-20
刺刀,崭新出厂,★ StatTrak™,43965,刺刀（★ StatTrak™） | 自动化,5,6079.5,6201.59,1.02,2024-06-20
刺刀,略有磨损,★ StatTrak™,43308,刺刀（★ StatTrak™） | 渐变大理石,4,5999.5,4437.03,0.74,2024-06-20
刺刀,略有磨损,★,42403,刺刀（★） | 伽玛多普勒,24,5999.5,6120.02,1.02,2024-06-20
刺刀,崭新出厂,★,42402,刺刀（★） | 伽玛多普勒,477,5899.5,7975.88,1.35,2024-06-20
刺刀,崭新出厂,★,42351,刺刀（★） | 自动化,29,5589.5,10678.54,1.91,2024-06-20
刺刀,崭新出厂,★,42405,刺刀（★） | 传说,101,5589,10756.41,1.92,2024-06-20
刺刀,崭新出厂,★ StatTrak™,43294,刺刀（★ StatTrak™） | 渐变之色,34,5476.5,8701.62,1.59,2024-06-20
刺刀,略有磨损,★,42392,刺刀（★） | 渐变之色,16,5456,8270.24,1.52,2024-06-20
刺刀,崭新出厂,★,42391,刺刀（★） | 渐变之色,245,5431.5,7149.19,1.32,2024-06-20
刺刀,崭新出厂,★ StatTrak™,43320,刺刀（★ StatTrak™） | 屠夫,9,4888.38,8067.76,1.65,2024-06-20
刺刀,崭新出厂,★ StatTrak™,43307,刺刀（★ StatTrak™） | 渐变大理石,43,4499.5,7257.4,1.61,2024-06-20
刺刀,略有磨损,★ StatTrak™,43287,刺刀（★ StatTrak™） | 深红之网,5,4499.5,4597.49,1.02,2024-06-20
刺刀,崭新出厂,★ StatTrak™,43292,刺刀（★ StatTrak™） | 多普勒,130,4429.5,6607.5,1.49,2024-06-20
刺刀,崭新出厂,★,42437,刺刀（★） | 致命紫罗兰,4,4399.5,6909.12,1.57,2024-06-20
刺刀,崭新出厂,★,42376,刺刀（★） | 表面淬火,10,4399,7613.01,1.73,2024-06-20
刺刀,略有磨损,★ StatTrak™,43293,刺刀（★ StatTrak™） | 多普勒,3,4299.5,9180.61,2.14,2024-06-20
刺刀,崭新出厂,★,42389,刺刀（★） | 多普勒,1032,4248,5660.77,1.33,2024-06-20
刺刀,略有磨损,★,42410,刺刀（★） | 渐变大理石,22,4205.66,5210.89,1.24,2024-06-20
刺刀,略有磨损,★,42407,刺刀（★） | 传说,148,4199.5,6625.86,1.58,2024-06-20
刺刀,略有磨损,★,42390,刺刀（★） | 多普勒,53,4199.5,6325.04,1.51,2024-06-20
刺刀,崭新出厂,★,42409,刺刀（★） | 渐变大理石,476,4159.5,5923.42,1.42,2024-06-20
刺刀,略有磨损,★ StatTrak™,43306,刺刀（★ StatTrak™） | 传说,20,4149.5,6462.28,1.56,2024-06-20
刺刀,崭新出厂,★,42426,刺刀（★） | 屠夫,71,3999.5,5805.19,1.45,2024-06-20
刺刀,崭新出厂,★ StatTrak™,43327,刺刀（★ StatTrak™） | 虎牙,21,3797.47,5807.15,1.53,2024-06-20
刺刀,略有磨损,★,42353,刺刀（★） | 自动化,134,3789.5,6343.19,1.67,2024-06-20
刺刀,略有磨损,★ StatTrak™,43267,刺刀（★ StatTrak™） | 自动化,26,3665.5,5851.86,1.6,2024-06-20
刺刀,略有磨损,★,42435,刺刀（★） | 虎牙,12,3598.5,6828.92,1.9,2024-06-20
刺刀,崭新出厂,★,42361,刺刀（★） | 蓝钢,9,3448,5454.15,1.58,2024-06-20
刺刀,崭新出厂,★,42434,刺刀（★） | 虎牙,198,3429,5082.72,1.48,2024-06-20
刺刀,无涂装,★ StatTrak™,43265,刺刀（★ StatTrak™）,25,3418.5,5022.7,1.47,2024-06-20
刺刀,略有磨损,★,42428,刺刀（★） | 屠夫,79,3418,4747.36,1.39,2024-06-20
刺刀,无涂装,★,42349,刺刀（★）,205,3409.5,4482.1,1.31,2024-06-20
刺刀,略有磨损,★ StatTrak™,43322,刺刀（★ StatTrak™） | 屠夫,4,3379.68,6431.58,1.9,2024-06-20
刺刀,略有磨损,★,42382,刺刀（★） | 深红之网,55,3291,5542.04,1.68,2024-06-20
刺刀,崭新出厂,★ StatTrak™,43967,刺刀（★ StatTrak™） | 黑色层压板,7,3199.5,4894.9,1.53,2024-06-20
刺刀,久经沙场,★,42352,刺刀（★） | 自动化,213,3099.5,4934.31,1.59,2024-06-20
刺刀,崭新出厂,★,42356,刺刀（★） | 黑色层压板,17,3089.5,4096.37,1.33,2024-06-20
刺刀,久经沙场,★ StatTrak™,43305,刺刀（★ StatTrak™） | 传说,36,3076.5,4513.3,1.47,2024-06-20
刺刀,久经沙场,★,42406,刺刀（★） | 传说,254,3049.5,4419.18,1.45,2024-06-20
刺刀,略有磨损,★ StatTrak™,43283,刺刀（★ StatTrak™） | 表面淬火,5,2999.5,5994.9,2.0,2024-06-20
刺刀,久经沙场,★ StatTrak™,43266,刺刀（★ StatTrak™） | 自动化,35,2998.5,5109.65,1.7,2024-06-20
刺刀,战痕累累,★ StatTrak™,43964,刺刀（★ StatTrak™） | 自动化,10,2989,6235.92,2.09,2024-06-20
刺刀,略有磨损,★ StatTrak™,43274,刺刀（★ StatTrak™） | 蓝钢,6,2967.8,4938.52,1.66,2024-06-20
刺刀,久经沙场,★ StatTrak™,43321,刺刀（★ StatTrak™） | 屠夫,4,2949.5,4082.0,1.38,2024-06-20
刺刀,破损不堪,★,42354,刺刀（★） | 自动化,19,2949.5,4677.18,1.59,2024-06-20
刺刀,久经沙场,★,42427,刺刀（★） | 屠夫,27,2942.4,3983.01,1.35,2024-06-20
刺刀,崭新出厂,★,45654,刺刀（★） | 森林 DDPAT,2,2881.5,4703.3,1.63,2024-06-20
刺刀,略有磨损,★,42378,刺刀（★） | 表面淬火,55,2868.99,4499.59,1.57,2024-06-20
刺刀,崭新出厂,★,42366,刺刀（★） | 北方森林,2,2797.5,7257.33,2.59,2024-06-20
刺刀,久经沙场,★ StatTrak™,43282,刺刀（★ StatTrak™） | 表面淬火,8,2795.5,4308.28,1.54,2024-06-20
刺刀,破损不堪,★,42408,刺刀（★） | 传说,12,2792,4228.74,1.51,2024-06-20
刺刀,略有磨损,★ StatTrak™,43311,刺刀（★ StatTrak™） | 噩梦之夜,5,2696.67,4280.41,1.59,2024-06-20
刺刀,崭新出厂,★ StatTrak™,43323,刺刀（★ StatTrak™） | 人工染色,3,2667.5,2177.22,0.82,2024-06-20
刺刀,战痕累累,★ StatTrak™,755934,刺刀（★ StatTrak™） | 表面淬火,5,2647.5,5088.96,1.92,2024-06-20
刺刀,战痕累累,★,42350,刺刀（★） | 自动化,35,2619.5,4159.36,1.59,2024-06-20
刺刀,崭新出厂,★,42418,刺刀（★） | 狩猎网格,2,2599.5,5725.94,2.2,2024-06-20
刺刀,破损不堪,★ StatTrak™,43284,刺刀（★ StatTrak™） | 表面淬火,6,2597.3,3773.85,1.45,2024-06-20
刺刀,崭新出厂,★ StatTrak™,43289,刺刀（★ StatTrak™） | 大马士革钢,19,2596,4178.3,1.61,2024-06-20
刺刀,崭新出厂,★ StatTrak™,43298,刺刀（★ StatTrak™） | 自由之手,23,2587.5,4996.43,1.93,2024-06-20
刺刀,略有磨损,★,42363,刺刀（★） | 蓝钢,21,2584,4023.94,1.56,2024-06-20
刺刀,崭新出厂,★,42442,刺刀（★） | 都市伪装,1,2549.5,3863.98,1.52,2024-06-20
刺刀,崭新出厂,★,42430,刺刀（★） | 人工染色,9,2539.5,4316.56,1.7,2024-06-20
刺刀,崭新出厂,★ StatTrak™,43279,刺刀（★ StatTrak™） | 澄澈之水,21,2494,4287.31,1.72,2024-06-20
刺刀,久经沙场,★,42377,刺刀（★） | 表面淬火,108,2445,3854.41,1.58,2024-06-20
刺刀,战痕累累,★ StatTrak™,43304,刺刀（★ StatTrak™） | 传说,8,2399.5,3562.08,1.48,2024-06-20
刺刀,久经沙场,★ StatTrak™,43286,刺刀（★ StatTrak™） | 深红之网,11,2389.5,4232.73,1.77,2024-06-20
刺刀,崭新出厂,★,42385,刺刀（★） | 大马士革钢,112,2368.49,3913.12,1.65,2024-06-20
刺刀,崭新出厂,★,42398,刺刀（★） | 自由之手,121,2349.5,3897.22,1.66,2024-06-20
刺刀,略有磨损,★ StatTrak™,43330,刺刀（★ StatTrak™） | 致命紫罗兰,9,2349,5573.54,2.37,2024-06-20
刺刀,崭新出厂,★,42371,刺刀（★） | 澄澈之水,137,2298.5,3507.79,1.53,2024-06-20
刺刀,久经沙场,★,42362,刺刀（★） | 蓝钢,36,2284.48,3468.82,1.52,2024-06-20
刺刀,久经沙场,★ StatTrak™,43273,刺刀（★ StatTrak™） | 蓝钢,6,2256.99,5344.06,2.37,2024-06-20
刺刀,略有磨损,★ StatTrak™,43291,刺刀（★ StatTrak™） | 大马士革钢,11,2249.5,3374.69,1.5,2024-06-20
刺刀,破损不堪,★,42379,刺刀（★） | 表面淬火,43,2239.5,3585.74,1.6,2024-06-20
刺刀,略有磨损,★ StatTrak™,43270,刺刀（★ StatTrak™） | 黑色层压板,17,2222.5,3621.52,1.63,2024-06-20
刺刀,破损不堪,★ StatTrak™,43275,刺刀（★ StatTrak™） | 蓝钢,2,2219,3686.25,1.66,2024-06-20
刺刀,破损不堪,★ StatTrak™,44520,刺刀（★ StatTrak™） | 澄澈之水,1,2199.5,3271.27,1.49,2024-06-20
刺刀,略有磨损,★,42439,刺刀（★） | 致命紫罗兰,50,2197.5,3672.75,1.67,2024-06-20
刺刀,战痕累累,★,42404,刺刀（★） | 传说,42,2184.3,3402.49,1.56,2024-06-20
刺刀,战痕累累,★,42375,刺刀（★） | 表面淬火,26,2179.5,3235.06,1.48,2024-06-20
刺刀,略有磨损,★,42400,刺刀（★） | 自由之手,88,2175.5,2913.34,1.34,2024-06-20
刺刀,略有磨损,★,42358,刺刀（★） | 黑色层压板,80,2157.5,3160.23,1.46,2024-06-20
刺刀,战痕累累,★ StatTrak™,43272,刺刀（★ StatTrak™） | 蓝钢,4,2149.5,2395.3,1.11,2024-06-20
刺刀,略有磨损,★,42387,刺刀（★） | 大马士革钢,86,2129.5,3585.74,1.68,2024-06-20
刺刀,略有磨损,★ StatTrak™,43300,刺刀（★ StatTrak™） | 自由之手,20,2099.5,3556.05,1.69,2024-06-20
刺刀,破损不堪,★,42364,刺刀（★） | 蓝钢,28,2099.5,3132.44,1.49,2024-06-20
刺刀,破损不堪,★ StatTrak™,44994,刺刀（★ StatTrak™） | 大马士革钢,1,2076.5,3697.43,1.78,2024-06-20
刺刀,略有磨损,★,42373,刺刀（★） | 澄澈之水,116,2048.49,3355.6,1.64,2024-06-20
刺刀,略有磨损,★ StatTrak™,43281,刺刀（★ StatTrak™） | 澄澈之水,22,2038.5,3432.97,1.68,2024-06-20
刺刀,久经沙场,★ StatTrak™,43290,刺刀（★ StatTrak™） | 大马士革钢,21,2029.5,3048.11,1.5,2024-06-20
刺刀,破损不堪,★ StatTrak™,43288,刺刀（★ StatTrak™） | 深红之网,3,2023.5,3120.68,1.54,2024-06-20
刺刀,略有磨损,★,42413,刺刀（★） | 噩梦之夜,28,1999.5,3110.3,1.56,2024-06-20
刺刀,久经沙场,★,42381,刺刀（★） | 深红之网,159,1999,2884.16,1.44,2024-06-20
刺刀,战痕累累,★,42360,刺刀（★） | 蓝钢,40,1998.5,3275.99,1.64,2024-06-20
刺刀,久经沙场,★ StatTrak™,43299,刺刀（★ StatTrak™） | 自由之手,22,1989,2854.55,1.44,2024-06-20
刺刀,久经沙场,★,42357,刺刀（★） | 黑色层压板,87,1988.5,2540.09,1.28,2024-06-20
刺刀,略有磨损,★ StatTrak™,43325,刺刀（★ StatTrak™） | 人工染色,10,1974,3338.4,1.69,2024-06-20
刺刀,久经沙场,★,42386,刺刀（★） | 大马士革钢,110,1950.5,2969.95,1.52,2024-06-20
刺刀,战痕累累,★ StatTrak™,756106,刺刀（★ StatTrak™） | 大马士革钢,1,1949.5,3141.44,1.61,2024-06-20
刺刀,战痕累累,★ StatTrak™,43966,刺刀（★ StatTrak™） | 黑色层压板,17,1949.5,3083.16,1.58,2024-06-20
刺刀,战痕累累,★ StatTrak™,44541,刺刀（★ StatTrak™） | 自由之手,2,1919.5,2704.54,1.41,2024-06-20
刺刀,久经沙场,★ StatTrak™,43269,刺刀（★ StatTrak™） | 黑色层压板,25,1919.5,4354.44,2.27,2024-06-20
刺刀,略有磨损,★,42432,刺刀（★） | 人工染色,59,1918,3185.13,1.66,2024-06-20
刺刀,破损不堪,★,42388,刺刀（★） | 大马士革钢,12,1917,3550.9,1.85,2024-06-20
刺刀,战痕累累,★ StatTrak™,43285,刺刀（★ StatTrak™） | 深红之网,8,1909,2532.25,1.33,2024-06-20
刺刀,破损不堪,★,42383,刺刀（★） | 深红之网,18,1905.5,3182.66,1.67,2024-06-20
刺刀,破损不堪,★ StatTrak™,43271,刺刀（★ StatTrak™） | 黑色层压板,17,1899.5,2868.56,1.51,2024-06-20
刺刀,久经沙场,★,42399,刺刀（★） | 自由之手,171,1889,2662.01,1.41,2024-06-20
刺刀,战痕累累,★,42355,刺刀（★） | 黑色层压板,108,1887,2830.39,1.5,2024-06-20
刺刀,破损不堪,★,42359,刺刀（★） | 黑色层压板,104,1879.5,2991.36,1.59,2024-06-20
刺刀,战痕累累,★,42380,刺刀（★） | 深红之网,51,1849.5,2779.22,1.5,2024-06-20
刺刀,战痕累累,★,42384,刺刀（★） | 大马士革钢,13,1848.5,2735.31,1.48,2024-06-20
刺刀,战痕累累,★,42397,刺刀（★） | 自由之手,15,1829.5,3077.28,1.68,2024-06-20
刺刀,破损不堪,★,42401,刺刀（★） | 自由之手,16,1803.99,3028.22,1.68,2024-06-20
刺刀,破损不堪,★ StatTrak™,43331,刺刀（★ StatTrak™） | 致命紫罗兰,1,1799.5,4481.88,2.49,2024-06-20
刺刀,略有磨损,★ StatTrak™,43277,刺刀（★ StatTrak™） | 北方森林,7,1799.5,2364.9,1.31,2024-06-20
刺刀,略有磨损,★ StatTrak™,43333,刺刀（★ StatTrak™） | 都市伪装,12,1799,3585.66,1.99,2024-06-20
刺刀,破损不堪,★ StatTrak™,43313,刺刀（★ StatTrak™） | 外表生锈,4,1789.5,2996.8,1.67,2024-06-20
刺刀,久经沙场,★,42431,刺刀（★） | 人工染色,66,1774.5,2543.5,1.43,2024-06-20
刺刀,久经沙场,★,42372,刺刀（★） | 澄澈之水,183,1758.5,2767.1,1.57,2024-06-20
刺刀,久经沙场,★ StatTrak™,43324,刺刀（★ StatTrak™） | 人工染色,11,1758,2845.19,1.62,2024-06-20
刺刀,略有磨损,★ StatTrak™,43319,刺刀（★ StatTrak™） | 枯焦之色,4,1749.5,2590.89,1.48,2024-06-20
刺刀,久经沙场,★ StatTrak™,43280,刺刀（★ StatTrak™） | 澄澈之水,44,1749.5,3216.62,1.84,2024-06-20
刺刀,战痕累累,★ StatTrak™,757762,刺刀（★ StatTrak™） | 澄澈之水,4,1731.5,2410.69,1.39,2024-06-20
刺刀,破损不堪,★ StatTrak™,755861,刺刀（★ StatTrak™） | 噩梦之夜,1,1665.5,2663.18,1.6,2024-06-20
刺刀,破损不堪,★,42374,刺刀（★） | 澄澈之水,34,1639.5,3462.14,2.11,2024-06-20
刺刀,破损不堪,★,42433,刺刀（★） | 人工染色,33,1633.88,2596.19,1.59,2024-06-20
刺刀,战痕累累,★,42370,刺刀（★） | 澄澈之水,27,1619.5,2872.77,1.77,2024-06-20
刺刀,战痕累累,★ StatTrak™,44229,刺刀（★ StatTrak™） | 人工染色,9,1615,2032.87,1.26,2024-06-20
刺刀,略有磨损,★,42444,刺刀（★） | 都市伪装,36,1600.5,2950.57,1.84,2024-06-20
刺刀,破损不堪,★ StatTrak™,43326,刺刀（★ StatTrak™） | 人工染色,5,1598,3017.41,1.89,2024-06-20
刺刀,略有磨损,★ StatTrak™,43297,刺刀（★ StatTrak™） | 森林 DDPAT,11,1597.99,4120.46,2.58,2024-06-20
刺刀,战痕累累,★,42429,刺刀（★） | 人工染色,23,1595.97,2872.04,1.8,2024-06-20
刺刀,久经沙场,★,42438,刺刀（★） | 致命紫罗兰,129,1583.5,2127.14,1.34,2024-06-20
刺刀,破损不堪,★,42416,刺刀（★） | 外表生锈,28,1569.5,3406.33,2.17,2024-06-20
刺刀,略有磨损,★,42368,刺刀（★） | 北方森林,40,1559.5,2144.71,1.38,2024-06-20
刺刀,战痕累累,★,42415,刺刀（★） | 外表生锈,195,1551.99,2143.62,1.38,2024-06-20
刺刀,战痕累累,★ StatTrak™,43312,刺刀（★ StatTrak™） | 外表生锈,36,1549.5,2478.91,1.6,2024-06-20
刺刀,破损不堪,★,42440,刺刀（★） | 致命紫罗兰,25,1539.5,2278.46,1.48,2024-06-20
刺刀,略有磨损,★,42424,刺刀（★） | 枯焦之色,29,1531.5,2533.34,1.65,2024-06-20
刺刀,久经沙场,★ StatTrak™,43310,刺刀（★ StatTrak™） | 噩梦之夜,15,1529.5,2479.13,1.62,2024-06-20
刺刀,略有磨损,★,42395,刺刀（★） | 森林 DDPAT,33,1526.48,2064.29,1.35,2024-06-20
刺刀,破损不堪,★ StatTrak™,44244,刺刀（★ StatTrak™） | 都市伪装,3,1499.5,3519.33,2.35,2024-06-20
刺刀,久经沙场,★ StatTrak™,43329,刺刀（★ StatTrak™） | 致命紫罗兰,21,1499.5,2169.96,1.45,2024-06-20
刺刀,战痕累累,★ StatTrak™,43968,刺刀（★ StatTrak™） | 致命紫罗兰,14,1498.5,1928.22,1.29,2024-06-20
刺刀,略有磨损,★ StatTrak™,43316,刺刀（★ StatTrak™） | 狩猎网格,7,1498.5,2539.36,1.69,2024-06-20
刺刀,久经沙场,★,42412,刺刀（★） | 噩梦之夜,67,1498.5,2289.49,1.53,2024-06-20
刺刀,战痕累累,★ StatTrak™,43317,刺刀（★ StatTrak™） | 枯焦之色,5,1478.5,2254.44,1.52,2024-06-20
刺刀,战痕累累,★ StatTrak™,43309,刺刀（★ StatTrak™） | 噩梦之夜,9,1465.5,2540.09,1.73,2024-06-20
刺刀,破损不堪,★,42414,刺刀（★） | 噩梦之夜,20,1459.5,3654.1,2.5,2024-06-20
刺刀,战痕累累,★,42436,刺刀（★） | 致命紫罗兰,76,1454.5,2211.69,1.52,2024-06-20
刺刀,战痕累累,★,42411,刺刀（★） | 噩梦之夜,36,1446.5,2286.23,1.58,2024-06-20
刺刀,略有磨损,★,42420,刺刀（★） | 狩猎网格,38,1408,2098.33,1.49,2024-06-20
刺刀,久经沙场,★ StatTrak™,44228,刺刀（★ StatTrak™） | 北方森林,12,1399.5,2494.44,1.78,2024-06-20
刺刀,破损不堪,★ StatTrak™,43278,刺刀（★ StatTrak™） | 北方森林,1,1399.5,1542.12,1.1,2024-06-20
刺刀,战痕累累,★ StatTrak™,43314,刺刀（★ StatTrak™） | 狩猎网格,6,1387.5,2689.3,1.94,2024-06-20
刺刀,战痕累累,★ StatTrak™,43276,刺刀（★ StatTrak™） | 北方森林,3,1387.5,2453.44,1.77,2024-06-20
刺刀,久经沙场,★ StatTrak™,43332,刺刀（★ StatTrak™） | 都市伪装,20,1367.5,2371.57,1.73,2024-06-20
刺刀,破损不堪,★,42445,刺刀（★） | 都市伪装,19,1344.5,4482.1,3.33,2024-06-20
刺刀,久经沙场,★ StatTrak™,43318,刺刀（★ StatTrak™） | 枯焦之色,15,1341,2032.07,1.52,2024-06-20
刺刀,久经沙场,★,42443,刺刀（★） | 都市伪装,75,1339.5,1997.31,1.49,2024-06-20
刺刀,战痕累累,★,42422,刺刀（★） | 枯焦之色,31,1339.5,1923.21,1.44,2024-06-20
刺刀,破损不堪,★ StatTrak™,45132,刺刀（★ StatTrak™） | 枯焦之色,3,1338,2046.8,1.53,2024-06-20
刺刀,久经沙场,★,42394,刺刀（★） | 森林 DDPAT,66,1329.5,1784.59,1.34,2024-06-20
刺刀,破损不堪,★,42425,刺刀（★） | 枯焦之色,14,1319.5,1792.87,1.36,2024-06-20
刺刀,久经沙场,★,42367,刺刀（★） | 北方森林,73,1319.5,1880.17,1.42,2024-06-20
刺刀,战痕累累,★ StatTrak™,45026,刺刀（★ StatTrak™） | 都市伪装,8,1319,3897.59,2.95,2024-06-20
刺刀,久经沙场,★,42423,刺刀（★） | 枯焦之色,69,1314.5,1669.2,1.27,2024-06-20
刺刀,战痕累累,★,42441,刺刀（★） | 都市伪装,35,1314,2010.74,1.53,2024-06-20
刺刀,久经沙场,★ StatTrak™,43296,刺刀（★ StatTrak™） | 森林 DDPAT,12,1309.5,1995.93,1.52,2024-06-20
刺刀,久经沙场,★ StatTrak™,43315,刺刀（★ StatTrak™） | 狩猎网格,13,1299.5,2242.54,1.73,2024-06-20
刺刀,战痕累累,★ StatTrak™,43295,刺刀（★ StatTrak™） | 森林 DDPAT,6,1299.5,2477.24,1.91,2024-06-20
刺刀,破损不堪,★,42396,刺刀（★） | 森林 DDPAT,24,1298.5,2902.96,2.24,2024-06-20
刺刀,破损不堪,★,42369,刺刀（★） | 北方森林,17,1298.5,2293.85,1.77,2024-06-20
刺刀,战痕累累,★,42393,刺刀（★） | 森林 DDPAT,38,1286.99,2165.03,1.68,2024-06-20
刺刀,久经沙场,★,42419,刺刀（★） | 狩猎网格,75,1279.3,1956.6,1.53,2024-06-20
刺刀,战痕累累,★,42417,刺刀（★） | 狩猎网格,33,1277.5,1940.99,1.52,2024-06-20
刺刀,战痕累累,★,42365,刺刀（★） | 北方森林,26,1269,2179.18,1.72,2024-06-20
刺刀,破损不堪,★,42421,刺刀（★） | 狩猎网格,24,1268,1953.55,1.54,2024-06-20
刺刀,破损不堪,★ StatTrak™,43278,刺刀（★ StatTrak™） | 北方森林,1,1399.5,1542.12,1.1,2024-06-20
刺刀,战痕累累,★ StatTrak™,43314,刺刀（★ StatTrak™） | 狩猎网格,6,1387.5,2689.3,1.94,2024-06-20
刺刀,战痕累累,★ StatTrak™,43276,刺刀（★ StatTrak™） | 北方森林,3,1387.5,2453.44,1.77,2024-06-20
刺刀,久经沙场,★ StatTrak™,43332,刺刀（★ StatTrak™） | 都市伪装,20,1367.5,2371.57,1.73,2024-06-20
刺刀,破损不堪,★,42445,刺刀（★） | 都市伪装,19,1344.5,4482.1,3.33,2024-06-20
刺刀,久经沙场,★ StatTrak™,43318,刺刀（★ StatTrak™） | 枯焦之色,15,1341,2032.07,1.52,2024-06-20
刺刀,久经沙场,★,42443,刺刀（★） | 都市伪装,75,1339.5,1997.31,1.49,2024-06-20
刺刀,战痕累累,★,42422,刺刀（★） | 枯焦之色,31,1339.5,1923.21,1.44,2024-06-20
刺刀,破损不堪,★ StatTrak™,45132,刺刀（★ StatTrak™） | 枯焦之色,3,1338,2046.8,1.53,2024-06-20
刺刀,久经沙场,★,42394,刺刀（★） | 森林 DDPAT,66,1329.5,1792.51,1.35,2024-06-20
刺刀,破损不堪,★,42425,刺刀（★） | 枯焦之色,14,1319.5,1792.87,1.36,2024-06-20
刺刀,久经沙场,★,42367,刺刀（★） | 北方森林,73,1319.5,1880.17,1.42,2024-06-20
刺刀,战痕累累,★ StatTrak™,45026,刺刀（★ StatTrak™） | 都市伪装,8,1319,3897.59,2.95,2024-06-20
刺刀,久经沙场,★,42423,刺刀（★） | 枯焦之色,69,1314.5,1669.2,1.27,2024-06-20
刺刀,战痕累累,★,42441,刺刀（★） | 都市伪装,35,1314,2010.74,1.53,2024-06-20
刺刀,久经沙场,★ StatTrak™,43296,刺刀（★ StatTrak™） | 森林 DDPAT,12,1309.5,1995.93,1.52,2024-06-20
刺刀,久经沙场,★ StatTrak™,43315,刺刀（★ StatTrak™） | 狩猎网格,13,1299.5,2242.54,1.73,2024-06-20
刺刀,战痕累累,★ StatTrak™,43295,刺刀（★ StatTrak™） | 森林 DDPAT,6,1299.5,2477.24,1.91,2024-06-20
刺刀,破损不堪,★,42396,刺刀（★） | 森林 DDPAT,24,1298.5,2902.96,2.24,2024-06-20
刺刀,破损不堪,★,42369,刺刀（★） | 北方森林,17,1298.5,2293.85,1.77,2024-06-20
刺刀,战痕累累,★,42393,刺刀（★） | 森林 DDPAT,38,1286.99,2165.03,1.68,2024-06-20
刺刀,久经沙场,★,42419,刺刀（★） | 狩猎网格,75,1279.3,1956.6,1.53,2024-06-20
刺刀,战痕累累,★,42417,刺刀（★） | 狩猎网格,33,1277.5,1940.99,1.52,2024-06-20
刺刀,战痕累累,★,42365,刺刀（★） | 北方森林,26,1269,2179.18,1.72,2024-06-20
刺刀,破损不堪,★,42421,刺刀（★） | 狩猎网格,24,1268,1953.55,1.54,2024-06-20
刺刀,破损不堪,★ StatTrak™,43278,刺刀（★ StatTrak™） | 北方森林,1,1399.5,1542.12,1.1,2024-06-20
刺刀,战痕累累,★ StatTrak™,43314,刺刀（★ StatTrak™） | 狩猎网格,6,1387.5,2689.3,1.94,2024-06-20
刺刀,战痕累累,★ StatTrak™,43276,刺刀（★ StatTrak™） | 北方森林,3,1387.5,2453.44,1.77,2024-06-20
刺刀,久经沙场,★ StatTrak™,43332,刺刀（★ StatTrak™） | 都市伪装,20,1367.5,2371.57,1.73,2024-06-20
刺刀,破损不堪,★,42445,刺刀（★） | 都市伪装,19,1344.5,4482.1,3.33,2024-06-20
刺刀,久经沙场,★ StatTrak™,43318,刺刀（★ StatTrak™） | 枯焦之色,15,1341,2032.07,1.52,2024-06-20
刺刀,久经沙场,★,42443,刺刀（★） | 都市伪装,75,1339.5,1997.31,1.49,2024-06-20
刺刀,战痕累累,★,42422,刺刀（★） | 枯焦之色,31,1339.5,1923.21,1.44,2024-06-20
刺刀,破损不堪,★ StatTrak™,45132,刺刀（★ StatTrak™） | 枯焦之色,3,1338,2046.8,1.53,2024-06-20
刺刀,久经沙场,★,42394,刺刀（★） | 森林 DDPAT,66,1329.5,1792.51,1.35,2024-06-20
刺刀,破损不堪,★,42425,刺刀（★） | 枯焦之色,14,1319.5,1792.87,1.36,2024-06-20
刺刀,久经沙场,★,42367,刺刀（★） | 北方森林,73,1319.5,1880.17,1.42,2024-06-20
刺刀,战痕累累,★ StatTrak™,45026,刺刀（★ StatTrak™） | 都市伪装,8,1319,3897.59,2.95,2024-06-20
刺刀,久经沙场,★,42423,刺刀（★） | 枯焦之色,69,1314.5,1669.2,1.27,2024-06-20
刺刀,战痕累累,★,42441,刺刀（★） | 都市伪装,35,1314,2010.74,1.53,2024-06-20
刺刀,久经沙场,★ StatTrak™,43296,刺刀（★ StatTrak™） | 森林 DDPAT,12,1309.5,1995.93,1.52,2024-06-20
刺刀,久经沙场,★ StatTrak™,43315,刺刀（★ StatTrak™） | 狩猎网格,13,1299.5,2242.54,1.73,2024-06-20
刺刀,战痕累累,★ StatTrak™,43295,刺刀（★ StatTrak™） | 森林 DDPAT,6,1299.5,2477.24,1.91,2024-06-20
刺刀,破损不堪,★,42396,刺刀（★） | 森林 DDPAT,24,1298.5,2902.96,2.24,2024-06-20
刺刀,破损不堪,★,42369,刺刀（★） | 北方森林,17,1298.5,2293.85,1.77,2024-06-20
刺刀,战痕累累,★,42393,刺刀（★） | 森林 DDPAT,38,1286.99,2165.03,1.68,2024-06-20
刺刀,久经沙场,★,42419,刺刀（★） | 狩猎网格,75,1279.3,1956.6,1.53,2024-06-20
刺刀,战痕累累,★,42417,刺刀（★） | 狩猎网格,33,1277.5,1940.99,1.52,2024-06-20
刺刀,战痕累累,★,42365,刺刀（★） | 北方森林,26,1269,2179.18,1.72,2024-06-20
刺刀,破损不堪,★,42421,刺刀（★） | 狩猎网格,24,1268,1953.55,1.54,2024-06-20
刺刀,破损不堪,★ StatTrak™,43278,刺刀（★ StatTrak™） | 北方森林,1,1399.5,1542.12,1.1,2024-06-20
刺刀,战痕累累,★ StatTrak™,43314,刺刀（★ StatTrak™） | 狩猎网格,6,1387.5,2689.3,1.94,2024-06-20
刺刀,战痕累累,★ StatTrak™,43276,刺刀（★ StatTrak™） | 北方森林,3,1387.5,2453.44,1.77,2024-06-20
刺刀,久经沙场,★ StatTrak™,43332,刺刀（★ StatTrak™） | 都市伪装,20,1367.5,2371.57,1.73,2024-06-20
刺刀,破损不堪,★,42445,刺刀（★） | 都市伪装,19,1344.5,4482.1,3.33,2024-06-20
刺刀,久经沙场,★ StatTrak™,43318,刺刀（★ StatTrak™） | 枯焦之色,15,1341,2032.07,1.52,2024-06-20
刺刀,久经沙场,★,42443,刺刀（★） | 都市伪装,75,1339.5,1997.31,1.49,2024-06-20
刺刀,战痕累累,★,42422,刺刀（★） | 枯焦之色,31,1339.5,1923.21,1.44,2024-06-20
刺刀,破损不堪,★ StatTrak™,45132,刺刀（★ StatTrak™） | 枯焦之色,3,1338,2046.8,1.53,2024-06-20
刺刀,久经沙场,★,42394,刺刀（★） | 森林 DDPAT,66,1329.5,1792.51,1.35,2024-06-20
刺刀,破损不堪,★,42425,刺刀（★） | 枯焦之色,14,1319.5,1792.87,1.36,2024-06-20
刺刀,久经沙场,★,42367,刺刀（★） | 北方森林,73,1319.5,1880.17,1.42,2024-06-20
刺刀,战痕累累,★ StatTrak™,45026,刺刀（★ StatTrak™） | 都市伪装,8,1319,3897.59,2.95,2024-06-20
刺刀,久经沙场,★,42423,刺刀（★） | 枯焦之色,69,1314.5,1669.2,1.27,2024-06-20
刺刀,战痕累累,★,42441,刺刀（★） | 都市伪装,35,1314,2010.74,1.53,2024-06-20
刺刀,久经沙场,★ StatTrak™,43296,刺刀（★ StatTrak™） | 森林 DDPAT,12,1309.5,1995.93,1.52,2024-06-20
刺刀,久经沙场,★ StatTrak™,43315,刺刀（★ StatTrak™） | 狩猎网格,13,1299.5,2242.54,1.73,2024-06-20
刺刀,战痕累累,★ StatTrak™,43295,刺刀（★ StatTrak™） | 森林 DDPAT,6,1299.5,2477.24,1.91,2024-06-20
刺刀,破损不堪,★,42396,刺刀（★） | 森林 DDPAT,24,1298.5,2902.96,2.24,2024-06-20
刺刀,破损不堪,★,42369,刺刀（★） | 北方森林,17,1298.5,2293.85,1.77,2024-06-20
刺刀,战痕累累,★,42393,刺刀（★） | 森林 DDPAT,38,1286.99,2165.03,1.68,2024-06-20
刺刀,久经沙场,★,42419,刺刀（★） | 狩猎网格,75,1279.3,1956.6,1.53,2024-06-20
刺刀,战痕累累,★,42417,刺刀（★） | 狩猎网格,33,1277.5,1940.99,1.52,2024-06-20
刺刀,战痕累累,★,42365,刺刀（★） | 北方森林,26,1269,2179.18,1.72,2024-06-20
刺刀,破损不堪,★,42421,刺刀（★） | 狩猎网格,24,1268,1953.55,1.54,2024-06-20
