截短霰弹枪,崭新出厂,纪念品,43912,截短霰弹枪（纪念品） | 逮捕者,1,3999.5,3052.02,0.76,2024-06-17
截短霰弹枪,略有磨损,纪念品,38025,截短霰弹枪（纪念品） | 逮捕者,1,849.5,1386.97,1.63,2024-06-17
截短霰弹枪,崭新出厂,普通,36599,截短霰弹枪 | 镀铜,10,789.5,935.87,1.19,2024-06-17
截短霰弹枪,略有磨损,普通,36601,截短霰弹枪 | 镀铜,2,719.5,1023.51,1.42,2024-06-17
截短霰弹枪,崭新出厂,StatTrak™,39590,截短霰弹枪（StatTrak™） | 橙黄 DDPAT,4,699.5,1160.7,1.66,2024-06-17
截短霰弹枪,久经沙场,普通,36600,截短霰弹枪 | 镀铜,3,698.7,904.6,1.29,2024-06-17
截短霰弹枪,破损不堪,普通,36602,截短霰弹枪 | 镀铜,2,679.5,881.31,1.3,2024-06-17
截短霰弹枪,略有磨损,普通,36606,截短霰弹枪 | 至高皮革,5,584.45,335.75,0.57,2024-06-17
截短霰弹枪,崭新出厂,纪念品,38042,截短霰弹枪（纪念品） | 蝮蛇迷彩,2,349.5,212.49,0.61,2024-06-17
截短霰弹枪,破损不堪,普通,36607,截短霰弹枪 | 至高皮革,2,299.5,396.33,1.32,2024-06-17
截短霰弹枪,崭新出厂,普通,36604,截短霰弹枪 | 至高皮革,14,284.5,503.19,1.77,2024-06-17
截短霰弹枪,崭新出厂,普通,36646,截短霰弹枪 | 橙黄 DDPAT,7,265.93,348.3,1.31,2024-06-17
截短霰弹枪,崭新出厂,StatTrak™,39603,截短霰弹枪（StatTrak™） | 北海巨妖,40,236.86,308.98,1.3,2024-06-17
截短霰弹枪,战痕累累,普通,36640,截短霰弹枪 | 马赛克,1,235.99,50.06,0.21,2024-06-17
截短霰弹枪,略有磨损,StatTrak™,39592,截短霰弹枪（StatTrak™） | 橙黄 DDPAT,12,233.39,316.74,1.36,2024-06-17
截短霰弹枪,久经沙场,普通,36605,截短霰弹枪 | 至高皮革,3,209.85,287.94,1.37,2024-06-17
截短霰弹枪,战痕累累,StatTrak™,39589,截短霰弹枪（StatTrak™） | 橙黄 DDPAT,5,209.49,123.77,0.59,2024-06-17
截短霰弹枪,久经沙场,StatTrak™,39591,截短霰弹枪（StatTrak™） | 橙黄 DDPAT,14,178.49,166.86,0.93,2024-06-17
截短霰弹枪,崭新出厂,StatTrak™,759437,截短霰弹枪（StatTrak™） | 吞噬,22,174.5,274.3,1.57,2024-06-17
截短霰弹枪,崭新出厂,纪念品,38027,截短霰弹枪（纪念品） | 辐照警报,3,167.5,189.5,1.13,2024-06-17
截短霰弹枪,崭新出厂,普通,36626,截短霰弹枪 | 辐照警报,3,147.5,170.42,1.16,2024-06-17
截短霰弹枪,崭新出厂,StatTrak™,900648,截短霰弹枪（StatTrak™） | 么么,100,144.77,199.65,1.38,2024-06-17
截短霰弹枪,崭新出厂,普通,36656,截短霰弹枪 | 外表生锈,10,132,203.13,1.54,2024-06-17
截短霰弹枪,崭新出厂,普通,36641,截短霰弹枪 | 马赛克,5,128.5,175.57,1.37,2024-06-17
截短霰弹枪,略有磨损,普通,36658,截短霰弹枪 | 外表生锈,8,125.47,179.19,1.43,2024-06-17
截短霰弹枪,战痕累累,普通,36655,截短霰弹枪 | 外表生锈,11,118.47,151.99,1.28,2024-06-17
截短霰弹枪,略有磨损,普通,36648,截短霰弹枪 | 橙黄 DDPAT,17,114.5,146.11,1.28,2024-06-17
截短霰弹枪,久经沙场,普通,36657,截短霰弹枪 | 外表生锈,10,110.5,147.13,1.33,2024-06-17
截短霰弹枪,略有磨损,StatTrak™,39605,截短霰弹枪（StatTrak™） | 北海巨妖,19,104.9,145.6,1.39,2024-06-17
截短霰弹枪,久经沙场,普通,36647,截短霰弹枪 | 橙黄 DDPAT,9,101.97,115.71,1.13,2024-06-17
截短霰弹枪,崭新出厂,StatTrak™,39608,截短霰弹枪（StatTrak™） | 荒野公主,37,96.55,148.0,1.53,2024-06-17
截短霰弹枪,略有磨损,StatTrak™,759314,截短霰弹枪（StatTrak™） | 吞噬,31,88.77,119.41,1.35,2024-06-17
截短霰弹枪,破损不堪,普通,36649,截短霰弹枪 | 橙黄 DDPAT,2,87.3,115.71,1.33,2024-06-17
截短霰弹枪,崭新出厂,普通,759275,截短霰弹枪 | 吞噬,47,79.94,104.76,1.31,2024-06-17
截短霰弹枪,久经沙场,StatTrak™,39604,截短霰弹枪（StatTrak™） | 北海巨妖,21,79.78,107.95,1.35,2024-06-17
截短霰弹枪,战痕累累,普通,36645,截短霰弹枪 | 橙黄 DDPAT,3,69.9,82.99,1.19,2024-06-17
截短霰弹枪,崭新出厂,普通,900607,截短霰弹枪 | 么么,424,61.77,80.89,1.31,2024-06-17
截短霰弹枪,破损不堪,纪念品,38022,截短霰弹枪（纪念品） | 渐变琥珀,2,60.27,89.74,1.49,2024-06-17
截短霰弹枪,崭新出厂,普通,36661,截短霰弹枪 | 贤者涂装,6,58.81,141.47,2.41,2024-06-17
截短霰弹枪,略有磨损,StatTrak™,900549,截短霰弹枪（StatTrak™） | 么么,160,56.4,77.41,1.37,2024-06-17
截短霰弹枪,崭新出厂,StatTrak™,39575,截短霰弹枪（StatTrak™） | 路霸,9,54.88,64.86,1.18,2024-06-17
截短霰弹枪,久经沙场,StatTrak™,759382,截短霰弹枪（StatTrak™） | 吞噬,41,53.8,66.74,1.24,2024-06-17
截短霰弹枪,破损不堪,普通,36678,截短霰弹枪 | 北海巨妖,8,51.5,71.53,1.39,2024-06-17
截短霰弹枪,破损不堪,StatTrak™,759704,截短霰弹枪（StatTrak™） | 吞噬,6,46.67,70.44,1.51,2024-06-17
截短霰弹枪,略有磨损,普通,759276,截短霰弹枪 | 吞噬,120,44.93,63.48,1.41,2024-06-17
截短霰弹枪,略有磨损,普通,36643,截短霰弹枪 | 马赛克,4,44.79,53.4,1.19,2024-06-17
截短霰弹枪,崭新出厂,StatTrak™,39599,截短霰弹枪（StatTrak™） | 祥和之翼,60,43.69,60.94,1.39,2024-06-17
截短霰弹枪,战痕累累,StatTrak™,759381,截短霰弹枪（StatTrak™） | 吞噬,18,43.32,58.4,1.35,2024-06-17
截短霰弹枪,略有磨损,StatTrak™,39610,截短霰弹枪（StatTrak™） | 荒野公主,62,42.9,56.44,1.32,2024-06-17
截短霰弹枪,崭新出厂,普通,36680,截短霰弹枪 | 荒野公主,85,40.4,53.98,1.34,2024-06-17
截短霰弹枪,崭新出厂,StatTrak™,956635,截短霰弹枪（StatTrak™） | 模拟输入,101,38.24,49.84,1.3,2024-06-17
截短霰弹枪,破损不堪,普通,775209,截短霰弹枪 | 灌木丛,8,37.04,48.9,1.32,2024-06-17
截短霰弹枪,破损不堪,普通,36644,截短霰弹枪 | 马赛克,6,36.89,42.73,1.16,2024-06-17
截短霰弹枪,久经沙场,普通,36642,截短霰弹枪 | 马赛克,20,34.53,43.53,1.26,2024-06-17
截短霰弹枪,略有磨损,普通,36628,截短霰弹枪 | 辐照警报,10,33.9,48.9,1.44,2024-06-17
截短霰弹枪,破损不堪,纪念品,38035,截短霰弹枪（纪念品） | 外表生锈,15,33.7,53.98,1.6,2024-06-17
截短霰弹枪,崭新出厂,普通,775017,截短霰弹枪 | 灌木丛,64,31.97,44.69,1.4,2024-06-17
截短霰弹枪,崭新出厂,普通,36675,截短霰弹枪 | 北海巨妖,154,31.88,45.49,1.43,2024-06-17
截短霰弹枪,略有磨损,StatTrak™,39577,截短霰弹枪（StatTrak™） | 路霸,16,31.65,40.05,1.27,2024-06-17
截短霰弹枪,崭新出厂,StatTrak™,39580,截短霰弹枪（StatTrak™） | 聚光灯,65,31.48,42.66,1.36,2024-06-17
截短霰弹枪,略有磨损,普通,900485,截短霰弹枪 | 么么,1112,30.8,41.79,1.36,2024-06-17
截短霰弹枪,崭新出厂,普通,36594,截短霰弹枪 | 竹影,53,30.05,38.45,1.28,2024-06-17
截短霰弹枪,略有磨损,普通,774679,截短霰弹枪 | 灌木丛,24,29.57,37.72,1.28,2024-06-17
截短霰弹枪,久经沙场,普通,759365,截短霰弹枪 | 吞噬,112,29.5,38.74,1.31,2024-06-17
截短霰弹枪,略有磨损,StatTrak™,39601,截短霰弹枪（StatTrak™） | 祥和之翼,19,29.34,45.12,1.54,2024-06-17
截短霰弹枪,久经沙场,普通,774784,截短霰弹枪 | 灌木丛,30,28.79,35.48,1.23,2024-06-17
截短霰弹枪,破损不堪,普通,759429,截短霰弹枪 | 吞噬,13,28.69,37.14,1.29,2024-06-17
截短霰弹枪,战痕累累,普通,775223,截短霰弹枪 | 灌木丛,11,28.63,38.09,1.33,2024-06-17
截短霰弹枪,破损不堪,StatTrak™,39611,截短霰弹枪（StatTrak™） | 荒野公主,6,28.59,25.61,0.9,2024-06-17
截短霰弹枪,久经沙场,StatTrak™,900486,截短霰弹枪（StatTrak™） | 么么,266,28.2,37.29,1.32,2024-06-17
截短霰弹枪,破损不堪,普通,36597,截短霰弹枪 | 竹影,17,27.68,28.73,1.04,2024-06-17
截短霰弹枪,略有磨损,普通,36596,截短霰弹枪 | 竹影,15,25.89,31.34,1.21,2024-06-17
截短霰弹枪,崭新出厂,StatTrak™,779403,截短霰弹枪（StatTrak™） | 启示录,72,24.7,38.09,1.54,2024-06-17
截短霰弹枪,破损不堪,StatTrak™,900639,截短霰弹枪（StatTrak™） | 么么,68,24.2,32.21,1.33,2024-06-17
截短霰弹枪,战痕累累,普通,759274,截短霰弹枪 | 吞噬,12,23.9,30.18,1.26,2024-06-17
截短霰弹枪,略有磨损,普通,36677,截短霰弹枪 | 北海巨妖,114,22.8,32.65,1.43,2024-06-17
截短霰弹枪,崭新出厂,纪念品,38032,截短霰弹枪（纪念品） | 外表生锈,57,22.72,33.73,1.48,2024-06-17
截短霰弹枪,战痕累累,StatTrak™,900658,截短霰弹枪（StatTrak™） | 么么,47,22.64,27.35,1.21,2024-06-17
截短霰弹枪,破损不堪,StatTrak™,39602,截短霰弹枪（StatTrak™） | 祥和之翼,9,22.47,32.65,1.45,2024-06-17
截短霰弹枪,久经沙场,StatTrak™,39609,截短霰弹枪（StatTrak™） | 荒野公主,65,22.36,31.99,1.43,2024-06-17
截短霰弹枪,久经沙场,StatTrak™,39600,截短霰弹枪（StatTrak™） | 祥和之翼,18,22.28,28.58,1.28,2024-06-17
截短霰弹枪,战痕累累,StatTrak™,39607,截短霰弹枪（StatTrak™） | 荒野公主,7,21.79,29.45,1.35,2024-06-17
截短霰弹枪,略有磨损,StatTrak™,956466,截短霰弹枪（StatTrak™） | 模拟输入,98,21.5,28.58,1.33,2024-06-17
截短霰弹枪,久经沙场,普通,36595,截短霰弹枪 | 竹影,56,21.2,26.7,1.26,2024-06-17
截短霰弹枪,战痕累累,普通,36593,截短霰弹枪 | 竹影,1,20.9,26.7,1.28,2024-06-17
截短霰弹枪,久经沙场,普通,36627,截短霰弹枪 | 辐照警报,36,20.83,30.47,1.46,2024-06-17
截短霰弹枪,崭新出厂,纪念品,38019,截短霰弹枪（纪念品） | 渐变琥珀,116,20.79,29.38,1.41,2024-06-17
截短霰弹枪,久经沙场,普通,36676,截短霰弹枪 | 北海巨妖,54,20.3,28.73,1.42,2024-06-17
截短霰弹枪,略有磨损,普通,36682,截短霰弹枪 | 荒野公主,134,20.18,31.2,1.55,2024-06-17
截短霰弹枪,破损不堪,普通,36629,截短霰弹枪 | 辐照警报,9,19.86,15.82,0.8,2024-06-17
截短霰弹枪,战痕累累,纪念品,38031,截短霰弹枪（纪念品） | 外表生锈,44,19.79,30.47,1.54,2024-06-17
截短霰弹枪,久经沙场,普通,900497,截短霰弹枪 | 么么,987,17.86,24.16,1.35,2024-06-17
截短霰弹枪,战痕累累,StatTrak™,39598,截短霰弹枪（StatTrak™） | 祥和之翼,4,17.52,26.84,1.53,2024-06-17
截短霰弹枪,崭新出厂,普通,36666,截短霰弹枪 | 祥和之翼,142,16.97,24.59,1.45,2024-06-17
截短霰弹枪,破损不堪,普通,900559,截短霰弹枪 | 么么,246,15.49,19.52,1.26,2024-06-17
截短霰弹枪,略有磨损,StatTrak™,39582,截短霰弹枪（StatTrak™） | 聚光灯,94,14.09,20.02,1.42,2024-06-17
截短霰弹枪,久经沙场,StatTrak™,956494,截短霰弹枪（StatTrak™） | 模拟输入,153,13.9,18.06,1.3,2024-06-17
截短霰弹枪,破损不堪,StatTrak™,39578,截短霰弹枪（StatTrak™） | 路霸,7,13.78,15.24,1.11,2024-06-17
截短霰弹枪,崭新出厂,普通,956480,截短霰弹枪 | 模拟输入,378,13.7,17.48,1.28,2024-06-17
截短霰弹枪,战痕累累,普通,900596,截短霰弹枪 | 么么,274,13.6,17.56,1.29,2024-06-17
截短霰弹枪,久经沙场,StatTrak™,39576,截短霰弹枪（StatTrak™） | 路霸,17,13.52,17.7,1.31,2024-06-17
截短霰弹枪,崭新出厂,普通,36621,截短霰弹枪 | 路霸,37,13.5,17.7,1.31,2024-06-17
截短霰弹枪,战痕累累,普通,36625,截短霰弹枪 | 辐照警报,13,12.99,24.23,1.87,2024-06-17
截短霰弹枪,崭新出厂,StatTrak™,39613,截短霰弹枪（StatTrak™） | 弄臣之颅,35,12.93,20.1,1.55,2024-06-17
截短霰弹枪,破损不堪,StatTrak™,956623,截短霰弹枪（StatTrak™） | 模拟输入,12,12.8,15.53,1.21,2024-06-17
截短霰弹枪,略有磨损,普通,36668,截短霰弹枪 | 祥和之翼,73,12.48,16.18,1.3,2024-06-17
截短霰弹枪,战痕累累,StatTrak™,956548,截短霰弹枪（StatTrak™） | 模拟输入,38,12.29,14.73,1.2,2024-06-17
截短霰弹枪,崭新出厂,普通,36631,截短霰弹枪 | 聚光灯,96,12.09,16.03,1.33,2024-06-17
截短霰弹枪,战痕累累,StatTrak™,39574,截短霰弹枪（StatTrak™） | 路霸,11,10.38,14.8,1.43,2024-06-17
截短霰弹枪,破损不堪,普通,36683,截短霰弹枪 | 荒野公主,14,10.2,13.78,1.35,2024-06-17
截短霰弹枪,崭新出厂,普通,779296,截短霰弹枪 | 启示录,187,9.33,12.99,1.39,2024-06-17
截短霰弹枪,战痕累累,普通,36679,截短霰弹枪 | 荒野公主,41,9.02,12.77,1.42,2024-06-17
截短霰弹枪,略有磨损,StatTrak™,779312,截短霰弹枪（StatTrak™） | 启示录,128,9.19,13.42,1.46,2024-06-17
截短霰弹枪,略有磨损,纪念品,761398,截短霰弹枪（纪念品） | 刹车灯,17,8.99,9.21,1.02,2024-06-17
截短霰弹枪,略有磨损,纪念品,38021,截短霰弹枪（纪念品） | 渐变琥珀,100,8.9,14.36,1.61,2024-06-17
截短霰弹枪,久经沙场,普通,36681,截短霰弹枪 | 荒野公主,178,8.79,12.12,1.38,2024-06-17
截短霰弹枪,略有磨损,普通,956486,截短霰弹枪 | 模拟输入,381,8.34,11.1,1.33,2024-06-17
截短霰弹枪,久经沙场,普通,36667,截短霰弹枪 | 祥和之翼,70,8.26,10.81,1.31,2024-06-17
截短霰弹枪,崭新出厂,StatTrak™,39618,截短霰弹枪（StatTrak™） | 梭鲈,25,7.91,14.15,1.79,2024-06-17
截短霰弹枪,破损不堪,普通,36669,截短霰弹枪 | 祥和之翼,6,7.87,9.58,1.22,2024-06-17
截短霰弹枪,战痕累累,普通,36665,截短霰弹枪 | 祥和之翼,7,7.33,10.3,1.41,2024-06-17
截短霰弹枪,略有磨损,普通,36623,截短霰弹枪 | 路霸,34,7.23,10.01,1.38,2024-06-17
截短霰弹枪,略有磨损,普通,36663,截短霰弹枪 | 贤者涂装,83,6.95,10.01,1.44,2024-06-17
截短霰弹枪,略有磨损,纪念品,38034,截短霰弹枪（纪念品） | 外表生锈,104,6.88,8.78,1.28,2024-06-17
截短霰弹枪,久经沙场,StatTrak™,39581,截短霰弹枪（StatTrak™） | 聚光灯,115,6.64,9.29,1.4,2024-06-17
截短霰弹枪,略有磨损,StatTrak™,39615,截短霰弹枪（StatTrak™） | 弄臣之颅,34,5.96,10.01,1.68,2024-06-17
截短霰弹枪,久经沙场,纪念品,38020,截短霰弹枪（纪念品） | 渐变琥珀,82,5.56,7.69,1.38,2024-06-17
截短霰弹枪,崭新出厂,普通,871158,截短霰弹枪 | 旱地之花,160,5.54,7.25,1.31,2024-06-17
截短霰弹枪,久经沙场,普通,956476,截短霰弹枪 | 模拟输入,635,5.49,6.96,1.27,2024-06-17
截短霰弹枪,久经沙场,普通,871067,截短霰弹枪 | 旱地之花,115,5.37,6.67,1.24,2024-06-17
截短霰弹枪,崭新出厂,普通,835562,截短霰弹枪 | 伏击者,184,5.27,6.67,1.27,2024-06-17
截短霰弹枪,破损不堪,普通,871065,截短霰弹枪 | 旱地之花,32,5.21,6.67,1.28,2024-06-17
截短霰弹枪,略有磨损,普通,871182,截短霰弹枪 | 旱地之花,118,5.2,6.46,1.24,2024-06-17
截短霰弹枪,战痕累累,普通,871278,截短霰弹枪 | 旱地之花,47,5.19,6.46,1.24,2024-06-17
截短霰弹枪,略有磨损,纪念品,38044,截短霰弹枪（纪念品） | 蝮蛇迷彩,71,5.1,7.47,1.46,2024-06-17
截短霰弹枪,破损不堪,普通,36664,截短霰弹枪 | 贤者涂装,7,5.09,4.72,0.93,2024-06-17
截短霰弹枪,破损不堪,普通,956582,截短霰弹枪 | 模拟输入,98,5,6.17,1.23,2024-06-17
截短霰弹枪,略有磨损,普通,36633,截短霰弹枪 | 聚光灯,195,4.89,6.82,1.39,2024-06-17
截短霰弹枪,崭新出厂,StatTrak™,39594,截短霰弹枪（StatTrak™） | 千纸鹤,208,4.88,6.75,1.38,2024-06-17
截短霰弹枪,战痕累累,普通,956591,截短霰弹枪 | 模拟输入,184,4.84,5.8,1.2,2024-06-17
截短霰弹枪,崭新出厂,StatTrak™,763380,截短霰弹枪（StatTrak™） | 黑砂,65,4.78,6.38,1.33,2024-06-17
截短霰弹枪,略有磨损,普通,835539,截短霰弹枪 | 伏击者,43,4.77,5.59,1.17,2024-06-17
截短霰弹枪,崭新出厂,纪念品,38037,截短霰弹枪（纪念品） | 贤者涂装,83,4.69,6.38,1.36,2024-06-17
截短霰弹枪,略有磨损,纪念品,38029,截短霰弹枪（纪念品） | 辐照警报,130,4.69,6.89,1.47,2024-06-17
截短霰弹枪,破损不堪,StatTrak™,39583,截短霰弹枪（StatTrak™） | 聚光灯,40,4.57,6.24,1.37,2024-06-17
截短霰弹枪,久经沙场,StatTrak™,779271,截短霰弹枪（StatTrak™） | 启示录,176,4.55,5.8,1.27,2024-06-17
截短霰弹枪,崭新出厂,StatTrak™,39585,截短霰弹枪（StatTrak™） | 夜百合,106,4.44,6.82,1.54,2024-06-17
截短霰弹枪,战痕累累,StatTrak™,39579,截短霰弹枪（StatTrak™） | 聚光灯,36,4.26,5.8,1.36,2024-06-17
截短霰弹枪,略有磨损,普通,779248,截短霰弹枪 | 启示录,474,4.24,5.66,1.33,2024-06-17
截短霰弹枪,崭新出厂,普通,762158,截短霰弹枪 | 刹车灯,1927,4.21,5.44,1.29,2024-06-17
截短霰弹枪,略有磨损,普通,762237,截短霰弹枪 | 刹车灯,92,4.13,5.22,1.26,2024-06-17
截短霰弹枪,久经沙场,纪念品,38033,截短霰弹枪（纪念品） | 外表生锈,172,4.08,5.88,1.44,2024-06-17
截短霰弹枪,崭新出厂,StatTrak™,887018,截短霰弹枪（StatTrak™） | 灵应牌,118,3.96,5.8,1.46,2024-06-17
截短霰弹枪,久经沙场,普通,36622,截短霰弹枪 | 路霸,49,3.95,5.66,1.43,2024-06-17
截短霰弹枪,战痕累累,普通,835625,截短霰弹枪 | 伏击者,12,3.93,4.57,1.16,2024-06-17
截短霰弹枪,略有磨损,StatTrak™,39620,截短霰弹枪（StatTrak™） | 梭鲈,25,3.93,5.3,1.35,2024-06-17
截短霰弹枪,破损不堪,普通,835538,截短霰弹枪 | 伏击者,14,3.89,4.72,1.21,2024-06-17
截短霰弹枪,久经沙场,普通,36662,截短霰弹枪 | 贤者涂装,71,3.89,4.64,1.19,2024-06-17
截短霰弹枪,战痕累累,普通,36660,截短霰弹枪 | 贤者涂装,4,3.87,4.35,1.12,2024-06-17
截短霰弹枪,破损不堪,普通,36624,截短霰弹枪 | 路霸,49,3.87,4.57,1.18,2024-06-17
截短霰弹枪,久经沙场,普通,835446,截短霰弹枪 | 伏击者,165,3.8,5.01,1.32,2024-06-17
截短霰弹枪,战痕累累,StatTrak™,779390,截短霰弹枪（StatTrak™） | 启示录,68,3.8,5.08,1.34,2024-06-17
截短霰弹枪,破损不堪,StatTrak™,779363,截短霰弹枪（StatTrak™） | 启示录,86,3.8,5.08,1.34,2024-06-17
截短霰弹枪,破损不堪,纪念品,38045,截短霰弹枪（纪念品） | 蝮蛇迷彩,12,3.77,4.5,1.19,2024-06-17
截短霰弹枪,破损不堪,纪念品,38030,截短霰弹枪（纪念品） | 辐照警报,35,3.48,3.12,0.9,2024-06-17
截短霰弹枪,战痕累累,纪念品,38041,截短霰弹枪（纪念品） | 蝮蛇迷彩,30,3.45,4.35,1.26,2024-06-17
截短霰弹枪,战痕累累,普通,36620,截短霰弹枪 | 路霸,22,3.26,4.64,1.42,2024-06-17
截短霰弹枪,崭新出厂,普通,36589,截短霰弹枪 | 渐变琥珀,712,3.21,4.28,1.33,2024-06-17
截短霰弹枪,崭新出厂,普通,36616,截短霰弹枪 | 逮捕者,297,3.2,4.28,1.34,2024-06-17
截短霰弹枪,久经沙场,普通,36632,截短霰弹枪 | 聚光灯,161,3.11,4.21,1.35,2024-06-17
截短霰弹枪,崭新出厂,纪念品,761360,截短霰弹枪（纪念品） | 刹车灯,372,2.97,3.34,1.12,2024-06-17
截短霰弹枪,略有磨损,StatTrak™,39596,截短霰弹枪（StatTrak™） | 千纸鹤,181,2.81,3.48,1.24,2024-06-17
截短霰弹枪,崭新出厂,普通,36685,截短霰弹枪 | 弄臣之颅,103,2.75,3.85,1.4,2024-06-17
截短霰弹枪,战痕累累,纪念品,38026,截短霰弹枪（纪念品） | 辐照警报,55,2.69,3.12,1.16,2024-06-17
截短霰弹枪,破损不堪,普通,36634,截短霰弹枪 | 聚光灯,27,2.66,3.34,1.26,2024-06-17
截短霰弹枪,崭新出厂,普通,36690,截短霰弹枪 | 梭鲈,28,2.39,3.77,1.58,2024-06-17
截短霰弹枪,战痕累累,普通,36630,截短霰弹枪 | 聚光灯,49,2.22,2.83,1.27,2024-06-17
截短霰弹枪,久经沙场,普通,779210,截短霰弹枪 | 启示录,726,2.11,2.97,1.41,2024-06-17
截短霰弹枪,破损不堪,普通,779262,截短霰弹枪 | 启示录,228,2.1,2.47,1.18,2024-06-17
截短霰弹枪,久经沙场,StatTrak™,39619,截短霰弹枪（StatTrak™） | 梭鲈,75,2.05,2.68,1.31,2024-06-17
截短霰弹枪,破损不堪,StatTrak™,39621,截短霰弹枪（StatTrak™） | 梭鲈,86,1.96,2.47,1.26,2024-06-17
截短霰弹枪,略有磨损,普通,36591,截短霰弹枪 | 渐变琥珀,557,1.95,2.47,1.27,2024-06-17
截短霰弹枪,久经沙场,StatTrak™,39614,截短霰弹枪（StatTrak™） | 弄臣之颅,42,1.91,2.32,1.21,2024-06-17
截短霰弹枪,战痕累累,StatTrak™,39617,截短霰弹枪（StatTrak™） | 梭鲈,29,1.9,2.18,1.15,2024-06-17
截短霰弹枪,略有磨损,普通,36618,截短霰弹枪 | 逮捕者,395,1.88,2.47,1.31,2024-06-17
截短霰弹枪,破损不堪,普通,36592,截短霰弹枪 | 渐变琥珀,34,1.88,1.67,0.89,2024-06-17
截短霰弹枪,略有磨损,StatTrak™,763412,截短霰弹枪（StatTrak™） | 黑砂,107,1.86,2.47,1.33,2024-06-17
截短霰弹枪,崭新出厂,普通,36651,截短霰弹枪 | 千纸鹤,447,1.81,2.32,1.28,2024-06-17
截短霰弹枪,破损不堪,StatTrak™,39597,截短霰弹枪（StatTrak™） | 千纸鹤,37,1.77,2.54,1.44,2024-06-17
截短霰弹枪,战痕累累,StatTrak™,43934,截短霰弹枪（StatTrak™） | 千纸鹤,24,1.76,2.76,1.57,2024-06-17
截短霰弹枪,战痕累累,普通,779253,截短霰弹枪 | 启示录,239,1.71,2.47,1.44,2024-06-17
截短霰弹枪,略有磨损,普通,36692,截短霰弹枪 | 梭鲈,58,1.68,2.32,1.38,2024-06-17
截短霰弹枪,略有磨损,StatTrak™,39587,截短霰弹枪（StatTrak™） | 夜百合,156,1.63,2.25,1.38,2024-06-17
截短霰弹枪,崭新出厂,普通,36636,截短霰弹枪 | 夜百合,171,1.57,2.1,1.34,2024-06-17
截短霰弹枪,久经沙场,纪念品,38043,截短霰弹枪（纪念品） | 蝮蛇迷彩,145,1.49,2.1,1.41,2024-06-17
截短霰弹枪,破损不堪,StatTrak™,39573,截短霰弹枪（StatTrak™） | 破铜烂铁,22,1.48,1.89,1.28,2024-06-17
截短霰弹枪,久经沙场,StatTrak™,39595,截短霰弹枪（StatTrak™） | 千纸鹤,208,1.47,2.18,1.48,2024-06-17
截短霰弹枪,略有磨损,普通,36687,截短霰弹枪 | 弄臣之颅,155,1.36,1.67,1.23,2024-06-17
截短霰弹枪,久经沙场,普通,36590,截短霰弹枪 | 渐变琥珀,328,1.36,1.74,1.28,2024-06-17
截短霰弹枪,久经沙场,普通,36691,截短霰弹枪 | 梭鲈,65,1.33,1.81,1.36,2024-06-17
截短霰弹枪,久经沙场,普通,36617,截短霰弹枪 | 逮捕者,332,1.33,1.67,1.26,2024-06-17
截短霰弹枪,崭新出厂,普通,763317,截短霰弹枪 | 黑砂,95,1.32,1.81,1.37,2024-06-17
截短霰弹枪,久经沙场,纪念品,38028,截短霰弹枪（纪念品） | 辐照警报,308,1.32,2.03,1.54,2024-06-17
截短霰弹枪,战痕累累,普通,36615,截短霰弹枪 | 逮捕者,74,1.31,1.31,1.0,2024-06-17
截短霰弹枪,略有磨损,StatTrak™,886754,截短霰弹枪（StatTrak™） | 灵应牌,448,1.39,1.89,1.36,2024-06-17
截短霰弹枪,破损不堪,普通,36619,截短霰弹枪 | 逮捕者,57,1.22,1.45,1.19,2024-06-17
截短霰弹枪,破损不堪,StatTrak™,39616,截短霰弹枪（StatTrak™） | 弄臣之颅,38,1.15,1.67,1.45,2024-06-17
截短霰弹枪,破损不堪,普通,36693,截短霰弹枪 | 梭鲈,65,1.12,1.52,1.36,2024-06-17
截短霰弹枪,崭新出厂,普通,887014,截短霰弹枪 | 灵应牌,256,1.09,1.67,1.53,2024-06-17
截短霰弹枪,战痕累累,普通,36689,截短霰弹枪 | 梭鲈,77,1.08,1.31,1.21,2024-06-17
截短霰弹枪,略有磨损,普通,36653,截短霰弹枪 | 千纸鹤,229,1.02,1.16,1.14,2024-06-17
截短霰弹枪,战痕累累,StatTrak™,39612,截短霰弹枪（StatTrak™） | 弄臣之颅,58,0.95,1.45,1.53,2024-06-17
截短霰弹枪,破损不堪,StatTrak™,763415,截短霰弹枪（StatTrak™） | 黑砂,24,0.94,0.87,0.93,2024-06-17
截短霰弹枪,久经沙场,StatTrak™,763352,截短霰弹枪（StatTrak™） | 黑砂,219,0.89,1.16,1.3,2024-06-17
截短霰弹枪,崭新出厂,普通,36671,截短霰弹枪 | 蝮蛇迷彩,53,0.87,1.09,1.25,2024-06-17
截短霰弹枪,略有磨损,普通,763292,截短霰弹枪 | 黑砂,304,0.76,1.02,1.34,2024-06-17
截短霰弹枪,久经沙场,StatTrak™,39586,截短霰弹枪（StatTrak™） | 夜百合,86,0.71,1.16,1.63,2024-06-17
截短霰弹枪,战痕累累,StatTrak™,887020,截短霰弹枪（StatTrak™） | 灵应牌,163,0.68,0.87,1.28,2024-06-17
截短霰弹枪,久经沙场,普通,36686,截短霰弹枪 | 弄臣之颅,96,0.66,0.94,1.42,2024-06-17
截短霰弹枪,略有磨损,普通,36673,截短霰弹枪 | 蝮蛇迷彩,203,0.62,0.87,1.4,2024-06-17
截短霰弹枪,略有磨损,普通,36638,截短霰弹枪 | 夜百合,333,0.59,0.94,1.59,2024-06-17
截短霰弹枪,战痕累累,StatTrak™,763279,截短霰弹枪（StatTrak™） | 黑砂,38,0.58,0.87,1.5,2024-06-17
截短霰弹枪,破损不堪,StatTrak™,886671,截短霰弹枪（StatTrak™） | 灵应牌,120,0.57,0.8,1.4,2024-06-17
截短霰弹枪,破损不堪,StatTrak™,39588,截短霰弹枪（StatTrak™） | 夜百合,57,0.57,0.87,1.53,2024-06-17
截短霰弹枪,久经沙场,StatTrak™,886658,截短霰弹枪（StatTrak™） | 灵应牌,340,0.56,0.87,1.55,2024-06-17
截短霰弹枪,久经沙场,普通,36652,截短霰弹枪 | 千纸鹤,279,0.55,0.8,1.45,2024-06-17
截短霰弹枪,战痕累累,StatTrak™,39584,截短霰弹枪（StatTrak™） | 夜百合,44,0.52,0.87,1.67,2024-06-17
截短霰弹枪,破损不堪,普通,36654,截短霰弹枪 | 千纸鹤,40,0.52,0.87,1.67,2024-06-17
截短霰弹枪,战痕累累,普通,36650,截短霰弹枪 | 千纸鹤,44,0.51,0.87,1.71,2024-06-17
截短霰弹枪,战痕累累,StatTrak™,39572,截短霰弹枪（StatTrak™） | 破铜烂铁,113,0.48,0.8,1.67,2024-06-17
截短霰弹枪,破损不堪,普通,36688,截短霰弹枪 | 弄臣之颅,111,0.47,0.65,1.38,2024-06-17
截短霰弹枪,略有磨损,普通,886644,截短霰弹枪 | 灵应牌,1094,0.45,0.73,1.62,2024-06-17
截短霰弹枪,久经沙场,普通,763258,截短霰弹枪 | 黑砂,255,0.44,0.65,1.48,2024-06-17
截短霰弹枪,久经沙场,普通,36672,截短霰弹枪 | 蝮蛇迷彩,434,0.4,0.65,1.62,2024-06-17
截短霰弹枪,久经沙场,普通,36637,截短霰弹枪 | 夜百合,191,0.42,0.65,1.55,2024-06-17
截短霰弹枪,破损不堪,普通,36614,截短霰弹枪 | 破铜烂铁,43,0.35,0.73,2.09,2024-06-17
截短霰弹枪,战痕累累,普通,763313,截短霰弹枪 | 黑砂,70,0.34,0.58,1.71,2024-06-17
截短霰弹枪,破损不堪,普通,763270,截短霰弹枪 | 黑砂,49,0.31,0.58,1.87,2024-06-17
截短霰弹枪,战痕累累,普通,36684,截短霰弹枪 | 弄臣之颅,51,0.3,0.65,2.17,2024-06-17
截短霰弹枪,破损不堪,普通,36674,截短霰弹枪 | 蝮蛇迷彩,59,0.3,0.58,1.93,2024-06-17
截短霰弹枪,久经沙场,普通,886617,截短霰弹枪 | 灵应牌,1252,0.28,0.44,1.57,2024-06-17
截短霰弹枪,战痕累累,普通,36635,截短霰弹枪 | 夜百合,80,0.28,0.44,1.57,2024-06-17
截短霰弹枪,战痕累累,普通,36670,截短霰弹枪 | 蝮蛇迷彩,117,0.25,0.44,1.76,2024-06-17
截短霰弹枪,破损不堪,普通,886672,截短霰弹枪 | 灵应牌,416,0.24,0.44,1.83,2024-06-17
截短霰弹枪,战痕累累,普通,36613,截短霰弹枪 | 破铜烂铁,153,0.24,0.51,2.12,2024-06-17
截短霰弹枪,战痕累累,普通,886641,截短霰弹枪 | 灵应牌,574,0.23,0.44,1.91,2024-06-17
截短霰弹枪,破损不堪,普通,36639,截短霰弹枪 | 夜百合,64,0.22,0.51,2.32,2024-06-17
截短霰弹枪,崭新出厂,普通,36609,截短霰弹枪 | 森林 DDPAT,339,0.22,0.44,2.0,2024-06-17
截短霰弹枪,崭新出厂,纪念品,877146,截短霰弹枪（纪念品） | 旱地之花,1049,0.12,0.29,2.42,2024-06-17
截短霰弹枪,略有磨损,纪念品,38039,截短霰弹枪（纪念品） | 贤者涂装,570,0.12,0.29,2.42,2024-06-17
截短霰弹枪,久经沙场,普通,36610,截短霰弹枪 | 森林 DDPAT,613,0.09,0.22,2.44,2024-06-17
截短霰弹枪,战痕累累,纪念品,877165,截短霰弹枪（纪念品） | 旱地之花,53,0.08,0.44,5.5,2024-06-17
截短霰弹枪,略有磨损,普通,36611,截短霰弹枪 | 森林 DDPAT,145,0.08,0.29,3.62,2024-06-17
截短霰弹枪,破损不堪,纪念品,38040,截短霰弹枪（纪念品） | 贤者涂装,164,0.05,0.22,4.4,2024-06-17
截短霰弹枪,战痕累累,纪念品,38036,截短霰弹枪（纪念品） | 贤者涂装,257,0.05,0.22,4.4,2024-06-17
截短霰弹枪,破损不堪,普通,36612,截短霰弹枪 | 森林 DDPAT,84,0.05,0.22,4.4,2024-06-17
截短霰弹枪,破损不堪,纪念品,877155,截短霰弹枪（纪念品） | 旱地之花,84,0.04,0.22,5.5,2024-06-17
截短霰弹枪,略有磨损,纪念品,877150,截短霰弹枪（纪念品） | 旱地之花,839,0.04,0.22,5.5,2024-06-17
截短霰弹枪,久经沙场,纪念品,877129,截短霰弹枪（纪念品） | 旱地之花,3385,0.04,0.22,5.5,2024-06-17
截短霰弹枪,战痕累累,普通,36608,截短霰弹枪 | 森林 DDPAT,149,0.05,0.22,4.4,2024-06-17
截短霰弹枪,久经沙场,纪念品,38038,截短霰弹枪（纪念品） | 贤者涂装,1202,0.03,0.22,7.33,2024-06-17
截短霰弹枪,久经沙场,普通,886617,截短霰弹枪 | 灵应牌,1252,0.28,0.44,1.57,2024-06-17
截短霰弹枪,战痕累累,普通,36635,截短霰弹枪 | 夜百合,80,0.28,0.44,1.57,2024-06-17
截短霰弹枪,战痕累累,普通,36670,截短霰弹枪 | 蝮蛇迷彩,117,0.25,0.44,1.76,2024-06-17
截短霰弹枪,破损不堪,普通,886672,截短霰弹枪 | 灵应牌,416,0.24,0.44,1.83,2024-06-17
截短霰弹枪,战痕累累,普通,36613,截短霰弹枪 | 破铜烂铁,153,0.24,0.51,2.12,2024-06-17
截短霰弹枪,战痕累累,普通,886641,截短霰弹枪 | 灵应牌,574,0.23,0.44,1.91,2024-06-17
截短霰弹枪,破损不堪,普通,36639,截短霰弹枪 | 夜百合,64,0.22,0.51,2.32,2024-06-17
截短霰弹枪,崭新出厂,普通,36609,截短霰弹枪 | 森林 DDPAT,339,0.22,0.44,2.0,2024-06-17
截短霰弹枪,崭新出厂,纪念品,877146,截短霰弹枪（纪念品） | 旱地之花,1049,0.12,0.29,2.42,2024-06-17
截短霰弹枪,略有磨损,纪念品,38039,截短霰弹枪（纪念品） | 贤者涂装,570,0.12,0.29,2.42,2024-06-17
截短霰弹枪,久经沙场,普通,36610,截短霰弹枪 | 森林 DDPAT,613,0.09,0.22,2.44,2024-06-17
截短霰弹枪,战痕累累,纪念品,877165,截短霰弹枪（纪念品） | 旱地之花,53,0.08,0.44,5.5,2024-06-17
截短霰弹枪,略有磨损,普通,36611,截短霰弹枪 | 森林 DDPAT,145,0.08,0.29,3.62,2024-06-17
截短霰弹枪,破损不堪,纪念品,38040,截短霰弹枪（纪念品） | 贤者涂装,164,0.05,0.22,4.4,2024-06-17
截短霰弹枪,战痕累累,纪念品,38036,截短霰弹枪（纪念品） | 贤者涂装,257,0.05,0.22,4.4,2024-06-17
截短霰弹枪,破损不堪,普通,36612,截短霰弹枪 | 森林 DDPAT,84,0.05,0.22,4.4,2024-06-17
截短霰弹枪,破损不堪,纪念品,877155,截短霰弹枪（纪念品） | 旱地之花,84,0.04,0.22,5.5,2024-06-17
截短霰弹枪,略有磨损,纪念品,877150,截短霰弹枪（纪念品） | 旱地之花,839,0.04,0.22,5.5,2024-06-17
截短霰弹枪,久经沙场,纪念品,877129,截短霰弹枪（纪念品） | 旱地之花,3385,0.04,0.22,5.5,2024-06-17
截短霰弹枪,战痕累累,普通,36608,截短霰弹枪 | 森林 DDPAT,149,0.05,0.22,4.4,2024-06-17
截短霰弹枪,久经沙场,纪念品,38038,截短霰弹枪（纪念品） | 贤者涂装,1202,0.03,0.22,7.33,2024-06-17
截短霰弹枪,久经沙场,普通,886617,截短霰弹枪 | 灵应牌,1252,0.28,0.44,1.57,2024-06-17
截短霰弹枪,战痕累累,普通,36635,截短霰弹枪 | 夜百合,80,0.28,0.44,1.57,2024-06-17
截短霰弹枪,战痕累累,普通,36670,截短霰弹枪 | 蝮蛇迷彩,117,0.25,0.44,1.76,2024-06-17
截短霰弹枪,破损不堪,普通,886672,截短霰弹枪 | 灵应牌,416,0.24,0.44,1.83,2024-06-17
截短霰弹枪,战痕累累,普通,36613,截短霰弹枪 | 破铜烂铁,153,0.24,0.51,2.12,2024-06-17
截短霰弹枪,战痕累累,普通,886641,截短霰弹枪 | 灵应牌,574,0.23,0.44,1.91,2024-06-17
截短霰弹枪,破损不堪,普通,36639,截短霰弹枪 | 夜百合,64,0.22,0.51,2.32,2024-06-17
截短霰弹枪,崭新出厂,普通,36609,截短霰弹枪 | 森林 DDPAT,339,0.22,0.44,2.0,2024-06-17
截短霰弹枪,崭新出厂,纪念品,877146,截短霰弹枪（纪念品） | 旱地之花,1049,0.12,0.29,2.42,2024-06-17
截短霰弹枪,略有磨损,纪念品,38039,截短霰弹枪（纪念品） | 贤者涂装,570,0.12,0.29,2.42,2024-06-17
截短霰弹枪,久经沙场,普通,36610,截短霰弹枪 | 森林 DDPAT,613,0.09,0.22,2.44,2024-06-17
截短霰弹枪,战痕累累,纪念品,877165,截短霰弹枪（纪念品） | 旱地之花,53,0.08,0.44,5.5,2024-06-17
截短霰弹枪,略有磨损,普通,36611,截短霰弹枪 | 森林 DDPAT,145,0.08,0.29,3.62,2024-06-17
截短霰弹枪,破损不堪,纪念品,38040,截短霰弹枪（纪念品） | 贤者涂装,164,0.05,0.22,4.4,2024-06-17
截短霰弹枪,战痕累累,纪念品,38036,截短霰弹枪（纪念品） | 贤者涂装,257,0.05,0.22,4.4,2024-06-17
截短霰弹枪,破损不堪,普通,36612,截短霰弹枪 | 森林 DDPAT,84,0.05,0.22,4.4,2024-06-17
截短霰弹枪,破损不堪,纪念品,877155,截短霰弹枪（纪念品） | 旱地之花,84,0.04,0.22,5.5,2024-06-17
截短霰弹枪,略有磨损,纪念品,877150,截短霰弹枪（纪念品） | 旱地之花,839,0.04,0.22,5.5,2024-06-17
截短霰弹枪,久经沙场,纪念品,877129,截短霰弹枪（纪念品） | 旱地之花,3385,0.04,0.22,5.5,2024-06-17
截短霰弹枪,战痕累累,普通,36608,截短霰弹枪 | 森林 DDPAT,149,0.05,0.22,4.4,2024-06-17
截短霰弹枪,久经沙场,纪念品,38038,截短霰弹枪（纪念品） | 贤者涂装,1202,0.03,0.22,7.33,2024-06-17
截短霰弹枪,崭新出厂,纪念品,43912,截短霰弹枪（纪念品） | 逮捕者,1,3999.5,3053.12,0.76,2024-06-20
截短霰弹枪,崭新出厂,StatTrak™,39590,截短霰弹枪（StatTrak™） | 橙黄 DDPAT,3,932.5,1161.11,1.25,2024-06-20
截短霰弹枪,略有磨损,纪念品,38025,截短霰弹枪（纪念品） | 逮捕者,1,849.5,1392.4,1.64,2024-06-20
截短霰弹枪,崭新出厂,普通,36599,截短霰弹枪 | 镀铜,10,739.5,1246.97,1.69,2024-06-20
截短霰弹枪,略有磨损,普通,36601,截短霰弹枪 | 镀铜,2,719.5,1030.7,1.43,2024-06-20
截短霰弹枪,久经沙场,普通,36600,截短霰弹枪 | 镀铜,5,654.5,904.93,1.38,2024-06-20
截短霰弹枪,破损不堪,普通,36602,截短霰弹枪 | 镀铜,3,653.5,887.43,1.36,2024-06-20
截短霰弹枪,破损不堪,普通,36607,截短霰弹枪 | 至高皮革,1,499.5,400.75,0.8,2024-06-20
截短霰弹枪,崭新出厂,纪念品,38042,截短霰弹枪（纪念品） | 蝮蛇迷彩,2,349.5,212.57,0.61,2024-06-20
截短霰弹枪,战痕累累,普通,36645,截短霰弹枪 | 橙黄 DDPAT,2,298.49,109.95,0.37,2024-06-20
截短霰弹枪,崭新出厂,普通,36604,截短霰弹枪 | 至高皮革,15,284,454.24,1.6,2024-06-20
截短霰弹枪,崭新出厂,普通,36646,截短霰弹枪 | 橙黄 DDPAT,7,263.27,350.75,1.33,2024-06-20
截短霰弹枪,略有磨损,StatTrak™,39592,截短霰弹枪（StatTrak™） | 橙黄 DDPAT,13,233.39,364.32,1.56,2024-06-20
截短霰弹枪,略有磨损,普通,36606,截短霰弹枪 | 至高皮革,5,229.5,339.94,1.48,2024-06-20
截短霰弹枪,崭新出厂,StatTrak™,39603,截短霰弹枪（StatTrak™） | 北海巨妖,36,227.48,305.68,1.34,2024-06-20
截短霰弹枪,战痕累累,StatTrak™,39589,截短霰弹枪（StatTrak™） | 橙黄 DDPAT,5,209.49,114.45,0.55,2024-06-20
截短霰弹枪,久经沙场,普通,36605,截短霰弹枪 | 至高皮革,3,205.81,287.39,1.4,2024-06-20
截短霰弹枪,崭新出厂,StatTrak™,759437,截短霰弹枪（StatTrak™） | 吞噬,22,177.69,269.76,1.52,2024-06-20
截短霰弹枪,久经沙场,StatTrak™,39591,截短霰弹枪（StatTrak™） | 橙黄 DDPAT,18,174.88,166.92,0.95,2024-06-20
截短霰弹枪,崭新出厂,纪念品,38027,截短霰弹枪（纪念品） | 辐照警报,4,167.5,189.56,1.13,2024-06-20
截短霰弹枪,崭新出厂,普通,36626,截短霰弹枪 | 辐照警报,3,146.49,155.82,1.06,2024-06-20
截短霰弹枪,崭新出厂,StatTrak™,900648,截短霰弹枪（StatTrak™） | 么么,104,143.5,200.74,1.4,2024-06-20
截短霰弹枪,崭新出厂,普通,36656,截短霰弹枪 | 外表生锈,13,131.49,203.21,1.55,2024-06-20
截短霰弹枪,崭新出厂,普通,36641,截短霰弹枪 | 马赛克,5,128.5,175.63,1.37,2024-06-20
截短霰弹枪,略有磨损,普通,36658,截短霰弹枪 | 外表生锈,12,121.38,179.91,1.48,2024-06-20
截短霰弹枪,略有磨损,普通,36648,截短霰弹枪 | 橙黄 DDPAT,14,118.8,147.18,1.24,2024-06-20
截短霰弹枪,战痕累累,普通,36655,截短霰弹枪 | 外表生锈,10,118.46,144.86,1.22,2024-06-20
截短霰弹枪,久经沙场,普通,36657,截短霰弹枪 | 外表生锈,11,110.5,140.43,1.27,2024-06-20
截短霰弹枪,略有磨损,StatTrak™,39605,截短霰弹枪（StatTrak™） | 北海巨妖,18,102.3,143.04,1.4,2024-06-20
截短霰弹枪,久经沙场,普通,36647,截短霰弹枪 | 橙黄 DDPAT,12,99.88,122.94,1.23,2024-06-20
截短霰弹枪,崭新出厂,StatTrak™,39608,截短霰弹枪（StatTrak™） | 荒野公主,41,95.87,135.28,1.41,2024-06-20
截短霰弹枪,略有磨损,StatTrak™,759314,截短霰弹枪（StatTrak™） | 吞噬,35,88.03,120.33,1.37,2024-06-20
截短霰弹枪,破损不堪,普通,36649,截短霰弹枪 | 橙黄 DDPAT,2,80.56,116.48,1.45,2024-06-20
截短霰弹枪,崭新出厂,普通,759275,截短霰弹枪 | 吞噬,56,79.9,103.56,1.3,2024-06-20
截短霰弹枪,久经沙场,StatTrak™,39604,截短霰弹枪（StatTrak™） | 北海巨妖,20,79.8,108.79,1.36,2024-06-20
截短霰弹枪,崭新出厂,普通,36661,截短霰弹枪 | 贤者涂装,4,59.9,148.63,2.48,2024-06-20
截短霰弹枪,崭新出厂,普通,900607,截短霰弹枪 | 么么,424,59.4,82.37,1.39,2024-06-20
截短霰弹枪,略有磨损,StatTrak™,900549,截短霰弹枪（StatTrak™） | 么么,194,55.9,79.9,1.43,2024-06-20
截短霰弹枪,破损不堪,纪念品,38022,截短霰弹枪（纪念品） | 渐变琥珀,4,55.21,89.77,1.63,2024-06-20
截短霰弹枪,崭新出厂,StatTrak™,39575,截短霰弹枪（StatTrak™） | 路霸,9,54.8,68.44,1.25,2024-06-20
截短霰弹枪,久经沙场,StatTrak™,759382,截短霰弹枪（StatTrak™） | 吞噬,54,53.59,71.99,1.34,2024-06-20
截短霰弹枪,崭新出厂,StatTrak™,39599,截短霰弹枪（StatTrak™） | 祥和之翼,60,45.75,59.44,1.3,2024-06-20
截短霰弹枪,略有磨损,普通,36643,截短霰弹枪 | 马赛克,4,44.79,53.56,1.2,2024-06-20
截短霰弹枪,略有磨损,普通,759276,截短霰弹枪 | 吞噬,120,44.69,62.2,1.39,2024-06-20
截短霰弹枪,破损不堪,StatTrak™,759704,截短霰弹枪（StatTrak™） | 吞噬,5,43.21,70.9,1.64,2024-06-20
截短霰弹枪,破损不堪,普通,36678,截短霰弹枪 | 北海巨妖,12,42.96,71.92,1.67,2024-06-20
截短霰弹枪,略有磨损,StatTrak™,39610,截短霰弹枪（StatTrak™） | 荒野公主,65,42.75,56.39,1.32,2024-06-20
截短霰弹枪,崭新出厂,普通,36680,截短霰弹枪 | 荒野公主,92,40.88,53.78,1.32,2024-06-20
截短霰弹枪,战痕累累,StatTrak™,759381,截短霰弹枪（StatTrak™） | 吞噬,21,37.8,47.32,1.25,2024-06-20
截短霰弹枪,崭新出厂,StatTrak™,956635,截短霰弹枪（StatTrak™） | 模拟输入,108,35.77,44.85,1.25,2024-06-20
截短霰弹枪,略有磨损,普通,36628,截短霰弹枪 | 辐照警报,5,33.45,41.88,1.25,2024-06-20
截短霰弹枪,破损不堪,普通,36644,截短霰弹枪 | 马赛克,7,33.24,43.18,1.3,2024-06-20
截短霰弹枪,略有磨损,StatTrak™,39601,截短霰弹枪（StatTrak™） | 祥和之翼,21,32.89,43.4,1.32,2024-06-20
截短霰弹枪,破损不堪,纪念品,38035,截短霰弹枪（纪念品） | 外表生锈,13,32.82,54.0,1.65,2024-06-20
截短霰弹枪,崭新出厂,普通,775017,截短霰弹枪 | 灌木丛,63,32.18,41.22,1.28,2024-06-20
截短霰弹枪,略有磨损,StatTrak™,39577,截短霰弹枪（StatTrak™） | 路霸,16,31.46,37.01,1.18,2024-06-20
截短霰弹枪,崭新出厂,普通,36675,截短霰弹枪 | 北海巨妖,150,31.3,43.91,1.4,2024-06-20
截短霰弹枪,久经沙场,普通,36642,截短霰弹枪 | 马赛克,20,31.08,43.83,1.41,2024-06-20
截短霰弹枪,略有磨损,普通,900485,截短霰弹枪 | 么么,1225,30.4,40.93,1.35,2024-06-20
截短霰弹枪,崭新出厂,普通,36594,截短霰弹枪 | 竹影,55,29.79,37.96,1.27,2024-06-20
截短霰弹枪,略有磨损,普通,774679,截短霰弹枪 | 灌木丛,18,29.78,36.0,1.21,2024-06-20
截短霰弹枪,崭新出厂,StatTrak™,39580,截短霰弹枪（StatTrak™） | 聚光灯,61,29.7,44.85,1.51,2024-06-20
截短霰弹枪,久经沙场,StatTrak™,900486,截短霰弹枪（StatTrak™） | 么么,253,28.53,39.19,1.37,2024-06-20
截短霰弹枪,战痕累累,普通,775223,截短霰弹枪 | 灌木丛,7,28.43,36.43,1.28,2024-06-20
截短霰弹枪,久经沙场,普通,759365,截短霰弹枪 | 吞噬,138,28.38,39.19,1.38,2024-06-20
截短霰弹枪,破损不堪,StatTrak™,39611,截短霰弹枪（StatTrak™） | 荒野公主,9,28.19,29.83,1.06,2024-06-20
截短霰弹枪,破损不堪,普通,775209,截短霰弹枪 | 灌木丛,10,27.87,48.48,1.74,2024-06-20
截短霰弹枪,久经沙场,普通,774784,截短霰弹枪 | 灌木丛,45,27.7,34.33,1.24,2024-06-20
截短霰弹枪,破损不堪,普通,36597,截短霰弹枪 | 竹影,19,27.68,29.03,1.05,2024-06-20
截短霰弹枪,破损不堪,普通,759429,截短霰弹枪 | 吞噬,19,25.9,34.18,1.32,2024-06-20
截短霰弹枪,破损不堪,StatTrak™,900639,截短霰弹枪（StatTrak™） | 么么,61,25.8,35.05,1.36,2024-06-20
截短霰弹枪,略有磨损,普通,36596,截短霰弹枪 | 竹影,17,25.76,30.41,1.18,2024-06-20
截短霰弹枪,崭新出厂,StatTrak™,779403,截短霰弹枪（StatTrak™） | 启示录,71,25.2,34.69,1.38,2024-06-20
截短霰弹枪,略有磨损,普通,36677,截短霰弹枪 | 北海巨妖,115,24.09,34.04,1.41,2024-06-20
截短霰弹枪,战痕累累,普通,759274,截短霰弹枪 | 吞噬,17,23.48,28.16,1.2,2024-06-20
截短霰弹枪,久经沙场,StatTrak™,39609,截短霰弹枪（StatTrak™） | 荒野公主,56,22.92,31.86,1.39,2024-06-20
截短霰弹枪,破损不堪,StatTrak™,39602,截短霰弹枪（StatTrak™） | 祥和之翼,9,22.13,32.66,1.48,2024-06-20
截短霰弹枪,战痕累累,StatTrak™,39607,截短霰弹枪（StatTrak™） | 荒野公主,6,21.69,28.88,1.33,2024-06-20
截短霰弹枪,久经沙场,普通,36676,截短霰弹枪 | 北海巨妖,59,21.56,30.05,1.39,2024-06-20
截短霰弹枪,战痕累累,StatTrak™,39598,截短霰弹枪（StatTrak™） | 祥和之翼,5,21.25,26.85,1.26,2024-06-20
截短霰弹枪,略有磨损,StatTrak™,39620,截短霰弹枪（StatTrak™） | 梭鲈,26,3.79,4.79,1.26,2024-06-20
截短霰弹枪,战痕累累,纪念品,38041,截短霰弹枪（纪念品） | 蝮蛇迷彩,28,3.76,4.35,1.16,2024-06-20
截短霰弹枪,破损不堪,普通,36624,截短霰弹枪 | 路霸,36,3.74,4.5,1.2,2024-06-20
截短霰弹枪,久经沙场,普通,36662,截短霰弹枪 | 贤者涂装,68,3.73,4.79,1.28,2024-06-20
截短霰弹枪,久经沙场,普通,36632,截短霰弹枪 | 聚光灯,194,3.69,4.72,1.28,2024-06-20
截短霰弹枪,破损不堪,纪念品,38030,截短霰弹枪（纪念品） | 辐照警报,37,3.48,3.12,0.9,2024-06-20
截短霰弹枪,崭新出厂,普通,36616,截短霰弹枪 | 逮捕者,308,3.35,4.43,1.32,2024-06-20
截短霰弹枪,战痕累累,普通,36620,截短霰弹枪 | 路霸,23,3.32,4.64,1.4,2024-06-20
截短霰弹枪,崭新出厂,普通,36589,截短霰弹枪 | 渐变琥珀,779,3.31,4.5,1.36,2024-06-20
截短霰弹枪,崭新出厂,普通,36685,截短霰弹枪 | 弄臣之颅,103,2.78,3.56,1.28,2024-06-20
截短霰弹枪,略有磨损,StatTrak™,39596,截短霰弹枪（StatTrak™） | 千纸鹤,194,2.74,3.34,1.22,2024-06-20
截短霰弹枪,破损不堪,普通,36634,截短霰弹枪 | 聚光灯,12,2.64,3.34,1.27,2024-06-20
截短霰弹枪,崭新出厂,纪念品,761360,截短霰弹枪（纪念品） | 刹车灯,377,2.62,3.41,1.3,2024-06-20
截短霰弹枪,崭新出厂,普通,36690,截短霰弹枪 | 梭鲈,34,2.45,3.12,1.27,2024-06-20
截短霰弹枪,战痕累累,普通,36630,截短霰弹枪 | 聚光灯,50,2.27,2.83,1.25,2024-06-20
截短霰弹枪,战痕累累,纪念品,38026,截短霰弹枪（纪念品） | 辐照警报,56,2.13,2.76,1.3,2024-06-20
截短霰弹枪,久经沙场,StatTrak™,39619,截短霰弹枪（StatTrak™） | 梭鲈,77,2.11,2.61,1.24,2024-06-20
截短霰弹枪,久经沙场,普通,779210,截短霰弹枪 | 启示录,687,2.07,2.83,1.37,2024-06-20
截短霰弹枪,略有磨损,普通,36618,截短霰弹枪 | 逮捕者,350,2.06,2.69,1.31,2024-06-20
截短霰弹枪,略有磨损,普通,36591,截短霰弹枪 | 渐变琥珀,389,2.01,2.69,1.34,2024-06-20
截短霰弹枪,战痕累累,StatTrak™,43934,截短霰弹枪（StatTrak™） | 千纸鹤,16,1.98,2.61,1.32,2024-06-20
截短霰弹枪,破损不堪,StatTrak™,39621,截短霰弹枪（StatTrak™） | 梭鲈,77,1.91,2.47,1.29,2024-06-20
截短霰弹枪,略有磨损,StatTrak™,763412,截短霰弹枪（StatTrak™） | 黑砂,87,1.88,2.54,1.35,2024-06-20
截短霰弹枪,战痕累累,普通,779253,截短霰弹枪 | 启示录,263,1.73,2.47,1.43,2024-06-20
截短霰弹枪,破损不堪,普通,779262,截短霰弹枪 | 启示录,275,1.69,2.32,1.37,2024-06-20
截短霰弹枪,久经沙场,StatTrak™,39614,截短霰弹枪（StatTrak™） | 弄臣之颅,46,1.69,2.47,1.46,2024-06-20
截短霰弹枪,略有磨损,普通,36692,截短霰弹枪 | 梭鲈,55,1.63,2.25,1.38,2024-06-20
截短霰弹枪,略有磨损,StatTrak™,39587,截短霰弹枪（StatTrak™） | 夜百合,154,1.6,2.32,1.45,2024-06-20
截短霰弹枪,崭新出厂,普通,36651,截短霰弹枪 | 千纸鹤,485,1.57,2.18,1.39,2024-06-20
截短霰弹枪,崭新出厂,普通,36636,截短霰弹枪 | 夜百合,169,1.56,1.96,1.26,2024-06-20
截短霰弹枪,破损不堪,StatTrak™,39597,截短霰弹枪（StatTrak™） | 千纸鹤,36,1.49,2.25,1.51,2024-06-20
截短霰弹枪,战痕累累,StatTrak™,39617,截短霰弹枪（StatTrak™） | 梭鲈,33,1.49,2.03,1.36,2024-06-20
截短霰弹枪,久经沙场,纪念品,38043,截短霰弹枪（纪念品） | 蝮蛇迷彩,143,1.48,2.1,1.42,2024-06-20
截短霰弹枪,破损不堪,普通,36619,截短霰弹枪 | 逮捕者,56,1.47,1.52,1.03,2024-06-20
截短霰弹枪,破损不堪,普通,36592,截短霰弹枪 | 渐变琥珀,53,1.46,1.89,1.29,2024-06-20
截短霰弹枪,久经沙场,普通,36590,截短霰弹枪 | 渐变琥珀,477,1.46,1.89,1.29,2024-06-20
截短霰弹枪,久经沙场,StatTrak™,39595,截短霰弹枪（StatTrak™） | 千纸鹤,174,1.45,2.1,1.45,2024-06-20
截短霰弹枪,久经沙场,纪念品,38028,截短霰弹枪（纪念品） | 辐照警报,315,1.44,1.96,1.36,2024-06-20
截短霰弹枪,崭新出厂,普通,763317,截短霰弹枪 | 黑砂,81,1.43,1.81,1.27,2024-06-20
截短霰弹枪,久经沙场,普通,36617,截短霰弹枪 | 逮捕者,325,1.4,1.96,1.4,2024-06-20
截短霰弹枪,略有磨损,普通,36687,截短霰弹枪 | 弄臣之颅,150,1.37,1.74,1.27,2024-06-20
截短霰弹枪,破损不堪,StatTrak™,39573,截短霰弹枪（StatTrak™） | 破铜烂铁,25,1.35,1.81,1.34,2024-06-20
截短霰弹枪,破损不堪,StatTrak™,39616,截短霰弹枪（StatTrak™） | 弄臣之颅,56,1.28,1.67,1.3,2024-06-20
截短霰弹枪,久经沙场,普通,36691,截短霰弹枪 | 梭鲈,86,1.25,1.81,1.45,2024-06-20
截短霰弹枪,略有磨损,StatTrak™,886754,截短霰弹枪（StatTrak™） | 灵应牌,445,1.2,1.81,1.51,2024-06-20
截短霰弹枪,战痕累累,普通,36615,截短霰弹枪 | 逮捕者,76,1.2,1.38,1.15,2024-06-20
截短霰弹枪,战痕累累,普通,36689,截短霰弹枪 | 梭鲈,81,1.14,1.89,1.66,2024-06-20
截短霰弹枪,破损不堪,普通,36693,截短霰弹枪 | 梭鲈,59,1.07,1.45,1.36,2024-06-20
截短霰弹枪,崭新出厂,普通,36671,截短霰弹枪 | 蝮蛇迷彩,60,1.06,1.16,1.09,2024-06-20
截短霰弹枪,崭新出厂,普通,887014,截短霰弹枪 | 灵应牌,270,1.04,1.52,1.46,2024-06-20
截短霰弹枪,战痕累累,StatTrak™,39612,截短霰弹枪（StatTrak™） | 弄臣之颅,55,0.88,1.23,1.4,2024-06-20
截短霰弹枪,略有磨损,普通,36653,截短霰弹枪 | 千纸鹤,255,0.88,1.16,1.32,2024-06-20
截短霰弹枪,久经沙场,StatTrak™,763352,截短霰弹枪（StatTrak™） | 黑砂,182,0.81,1.09,1.35,2024-06-20
截短霰弹枪,破损不堪,StatTrak™,763415,截短霰弹枪（StatTrak™） | 黑砂,29,0.79,0.87,1.1,2024-06-20
截短霰弹枪,略有磨损,普通,763292,截短霰弹枪 | 黑砂,324,0.7,1.02,1.46,2024-06-20
截短霰弹枪,久经沙场,StatTrak™,39586,截短霰弹枪（StatTrak™） | 夜百合,103,0.69,1.09,1.58,2024-06-20
截短霰弹枪,战痕累累,StatTrak™,39584,截短霰弹枪（StatTrak™） | 夜百合,43,0.65,0.8,1.23,2024-06-20
截短霰弹枪,战痕累累,StatTrak™,887020,截短霰弹枪（StatTrak™） | 灵应牌,246,0.62,0.94,1.52,2024-06-20
截短霰弹枪,略有磨损,普通,36673,截短霰弹枪 | 蝮蛇迷彩,174,0.62,0.87,1.4,2024-06-20
截短霰弹枪,略有磨损,普通,36638,截短霰弹枪 | 夜百合,328,0.62,0.94,1.52,2024-06-20
截短霰弹枪,破损不堪,StatTrak™,39588,截短霰弹枪（StatTrak™） | 夜百合,53,0.61,0.8,1.31,2024-06-20
截短霰弹枪,久经沙场,普通,36686,截短霰弹枪 | 弄臣之颅,115,0.61,0.87,1.43,2024-06-20
截短霰弹枪,战痕累累,StatTrak™,763279,截短霰弹枪（StatTrak™） | 黑砂,42,0.58,0.87,1.5,2024-06-20
截短霰弹枪,久经沙场,StatTrak™,886658,截短霰弹枪（StatTrak™） | 灵应牌,363,0.56,0.87,1.55,2024-06-20
截短霰弹枪,破损不堪,StatTrak™,886671,截短霰弹枪（StatTrak™） | 灵应牌,126,0.53,0.8,1.51,2024-06-20
截短霰弹枪,久经沙场,普通,36652,截短霰弹枪 | 千纸鹤,301,0.51,0.73,1.43,2024-06-20
截短霰弹枪,战痕累累,StatTrak™,39572,截短霰弹枪（StatTrak™） | 破铜烂铁,108,0.49,0.8,1.63,2024-06-20
截短霰弹枪,破损不堪,普通,36688,截短霰弹枪 | 弄臣之颅,87,0.48,0.58,1.21,2024-06-20
截短霰弹枪,破损不堪,普通,36614,截短霰弹枪 | 破铜烂铁,34,0.47,0.73,1.55,2024-06-20
截短霰弹枪,久经沙场,普通,763258,截短霰弹枪 | 黑砂,278,0.46,0.65,1.41,2024-06-20
截短霰弹枪,略有磨损,普通,886644,截短霰弹枪 | 灵应牌,1138,0.44,0.73,1.66,2024-06-20
截短霰弹枪,战痕累累,普通,36650,截短霰弹枪 | 千纸鹤,53,0.42,0.73,1.74,2024-06-20
截短霰弹枪,破损不堪,普通,36654,截短霰弹枪 | 千纸鹤,34,0.41,0.8,1.95,2024-06-20
截短霰弹枪,久经沙场,普通,36637,截短霰弹枪 | 夜百合,292,0.42,0.58,1.38,2024-06-20
截短霰弹枪,久经沙场,普通,36672,截短霰弹枪 | 蝮蛇迷彩,485,0.37,0.65,1.76,2024-06-20
截短霰弹枪,破损不堪,普通,763270,截短霰弹枪 | 黑砂,47,0.35,0.58,1.66,2024-06-20
截短霰弹枪,破损不堪,普通,36674,截短霰弹枪 | 蝮蛇迷彩,50,0.35,0.58,1.66,2024-06-20
截短霰弹枪,战痕累累,普通,763313,截短霰弹枪 | 黑砂,74,0.33,0.51,1.55,2024-06-20
截短霰弹枪,战痕累累,普通,36684,截短霰弹枪 | 弄臣之颅,43,0.34,0.58,1.71,2024-06-20
截短霰弹枪,战痕累累,普通,886641,截短霰弹枪 | 灵应牌,598,0.24,0.44,1.83,2024-06-20
截短霰弹枪,战痕累累,普通,36613,截短霰弹枪 | 破铜烂铁,110,0.23,0.58,2.52,2024-06-20
截短霰弹枪,久经沙场,普通,886617,截短霰弹枪 | 灵应牌,1410,0.23,0.44,1.91,2024-06-20
截短霰弹枪,破损不堪,普通,36639,截短霰弹枪 | 夜百合,60,0.23,0.51,2.22,2024-06-20
截短霰弹枪,战痕累累,普通,36670,截短霰弹枪 | 蝮蛇迷彩,122,0.21,0.44,2.1,2024-06-20
截短霰弹枪,战痕累累,普通,36635,截短霰弹枪 | 夜百合,66,0.21,0.51,2.43,2024-06-20
截短霰弹枪,崭新出厂,普通,36609,截短霰弹枪 | 森林 DDPAT,341,0.18,0.44,2.44,2024-06-20
截短霰弹枪,破损不堪,普通,886672,截短霰弹枪 | 灵应牌,519,0.17,0.44,2.59,2024-06-20
截短霰弹枪,略有磨损,纪念品,38039,截短霰弹枪（纪念品） | 贤者涂装,568,0.17,0.29,1.71,2024-06-20
截短霰弹枪,崭新出厂,纪念品,877146,截短霰弹枪（纪念品） | 旱地之花,1044,0.15,0.29,1.93,2024-06-20
截短霰弹枪,战痕累累,纪念品,877165,截短霰弹枪（纪念品） | 旱地之花,53,0.08,0.29,3.62,2024-06-20
截短霰弹枪,略有磨损,普通,36611,截短霰弹枪 | 森林 DDPAT,153,0.07,0.29,4.14,2024-06-20
截短霰弹枪,久经沙场,普通,36610,截短霰弹枪 | 森林 DDPAT,614,0.05,0.29,5.8,2024-06-20
截短霰弹枪,久经沙场,纪念品,38038,截短霰弹枪（纪念品） | 贤者涂装,1206,0.04,0.22,5.5,2024-06-20
截短霰弹枪,战痕累累,纪念品,38036,截短霰弹枪（纪念品） | 贤者涂装,255,0.04,0.22,5.5,2024-06-20
截短霰弹枪,破损不堪,普通,36612,截短霰弹枪 | 森林 DDPAT,94,0.05,0.22,4.4,2024-06-20
截短霰弹枪,战痕累累,普通,36608,截短霰弹枪 | 森林 DDPAT,142,0.05,0.22,4.4,2024-06-20
截短霰弹枪,破损不堪,纪念品,877155,截短霰弹枪（纪念品） | 旱地之花,89,0.03,0.22,7.33,2024-06-20
截短霰弹枪,略有磨损,纪念品,877150,截短霰弹枪（纪念品） | 旱地之花,861,0.03,0.22,7.33,2024-06-20
截短霰弹枪,久经沙场,纪念品,877129,截短霰弹枪（纪念品） | 旱地之花,3373,0.03,0.22,7.33,2024-06-20
截短霰弹枪,破损不堪,纪念品,38040,截短霰弹枪（纪念品） | 贤者涂装,160,0.03,0.22,7.33,2024-06-20
截短霰弹枪,战痕累累,普通,36613,截短霰弹枪 | 破铜烂铁,110,0.23,0.58,2.52,2024-06-20
截短霰弹枪,久经沙场,普通,886617,截短霰弹枪 | 灵应牌,1410,0.23,0.44,1.91,2024-06-20
截短霰弹枪,破损不堪,普通,36639,截短霰弹枪 | 夜百合,60,0.23,0.51,2.22,2024-06-20
截短霰弹枪,战痕累累,普通,36670,截短霰弹枪 | 蝮蛇迷彩,122,0.21,0.44,2.1,2024-06-20
截短霰弹枪,战痕累累,普通,36635,截短霰弹枪 | 夜百合,66,0.21,0.51,2.43,2024-06-20
截短霰弹枪,崭新出厂,普通,36609,截短霰弹枪 | 森林 DDPAT,341,0.18,0.44,2.44,2024-06-20
截短霰弹枪,破损不堪,普通,886672,截短霰弹枪 | 灵应牌,519,0.17,0.44,2.59,2024-06-20
截短霰弹枪,略有磨损,纪念品,38039,截短霰弹枪（纪念品） | 贤者涂装,568,0.17,0.29,1.71,2024-06-20
截短霰弹枪,崭新出厂,纪念品,877146,截短霰弹枪（纪念品） | 旱地之花,1044,0.15,0.29,1.93,2024-06-20
截短霰弹枪,战痕累累,纪念品,877165,截短霰弹枪（纪念品） | 旱地之花,53,0.08,0.29,3.62,2024-06-20
截短霰弹枪,略有磨损,普通,36611,截短霰弹枪 | 森林 DDPAT,153,0.07,0.29,4.14,2024-06-20
截短霰弹枪,久经沙场,普通,36610,截短霰弹枪 | 森林 DDPAT,614,0.05,0.29,5.8,2024-06-20
截短霰弹枪,久经沙场,纪念品,38038,截短霰弹枪（纪念品） | 贤者涂装,1206,0.04,0.22,5.5,2024-06-20
截短霰弹枪,战痕累累,纪念品,38036,截短霰弹枪（纪念品） | 贤者涂装,255,0.04,0.22,5.5,2024-06-20
截短霰弹枪,破损不堪,普通,36612,截短霰弹枪 | 森林 DDPAT,94,0.05,0.22,4.4,2024-06-20
截短霰弹枪,战痕累累,普通,36608,截短霰弹枪 | 森林 DDPAT,142,0.05,0.22,4.4,2024-06-20
截短霰弹枪,破损不堪,纪念品,877155,截短霰弹枪（纪念品） | 旱地之花,89,0.03,0.22,7.33,2024-06-20
截短霰弹枪,略有磨损,纪念品,877150,截短霰弹枪（纪念品） | 旱地之花,861,0.03,0.22,7.33,2024-06-20
截短霰弹枪,久经沙场,纪念品,877129,截短霰弹枪（纪念品） | 旱地之花,3373,0.03,0.22,7.33,2024-06-20
截短霰弹枪,破损不堪,纪念品,38040,截短霰弹枪（纪念品） | 贤者涂装,160,0.03,0.22,7.33,2024-06-20
截短霰弹枪,战痕累累,普通,36593,截短霰弹枪 | 竹影,1,21.25,26.13,1.23,2024-06-20
截短霰弹枪,久经沙场,普通,36595,截短霰弹枪 | 竹影,74,21.21,26.92,1.27,2024-06-20
截短霰弹枪,略有磨损,普通,36682,截短霰弹枪 | 荒野公主,117,21.1,28.96,1.37,2024-06-20
截短霰弹枪,略有磨损,StatTrak™,956466,截短霰弹枪（StatTrak™） | 模拟输入,87,20.96,28.96,1.38,2024-06-20
截短霰弹枪,崭新出厂,纪念品,38032,截短霰弹枪（纪念品） | 外表生锈,58,20.42,31.13,1.52,2024-06-20
截短霰弹枪,战痕累累,StatTrak™,900658,截短霰弹枪（StatTrak™） | 么么,45,20.36,26.85,1.32,2024-06-20
截短霰弹枪,崭新出厂,纪念品,38019,截短霰弹枪（纪念品） | 渐变琥珀,120,20.33,29.32,1.44,2024-06-20
截短霰弹枪,久经沙场,StatTrak™,39600,截短霰弹枪（StatTrak™） | 祥和之翼,25,20.31,28.52,1.4,2024-06-20
截短霰弹枪,破损不堪,普通,36629,截短霰弹枪 | 辐照警报,6,19.65,15.82,0.81,2024-06-20
截短霰弹枪,战痕累累,纪念品,38031,截短霰弹枪（纪念品） | 外表生锈,45,19.35,29.61,1.53,2024-06-20
截短霰弹枪,久经沙场,普通,36627,截短霰弹枪 | 辐照警报,40,18.9,25.91,1.37,2024-06-20
截短霰弹枪,战痕累累,普通,36625,截短霰弹枪 | 辐照警报,5,17.8,21.26,1.19,2024-06-20
截短霰弹枪,久经沙场,普通,900497,截短霰弹枪 | 么么,1047,17.44,22.93,1.31,2024-06-20
截短霰弹枪,崭新出厂,普通,36666,截短霰弹枪 | 祥和之翼,135,16.41,22.21,1.35,2024-06-20
截短霰弹枪,破损不堪,普通,900559,截短霰弹枪 | 么么,286,14.2,18.72,1.32,2024-06-20
截短霰弹枪,崭新出厂,普通,36621,截短霰弹枪 | 路霸,33,13.89,16.69,1.2,2024-06-20
截短霰弹枪,略有磨损,StatTrak™,39582,截短霰弹枪（StatTrak™） | 聚光灯,87,13.8,18.58,1.35,2024-06-20
截短霰弹枪,崭新出厂,普通,956480,截短霰弹枪 | 模拟输入,383,13.67,17.64,1.29,2024-06-20
截短霰弹枪,久经沙场,StatTrak™,956494,截短霰弹枪（StatTrak™） | 模拟输入,168,13.55,17.27,1.27,2024-06-20
截短霰弹枪,久经沙场,StatTrak™,39576,截短霰弹枪（StatTrak™） | 路霸,16,13.2,17.85,1.35,2024-06-20
截短霰弹枪,战痕累累,普通,900596,截短霰弹枪 | 么么,183,13.04,17.2,1.32,2024-06-20
截短霰弹枪,战痕累累,StatTrak™,956548,截短霰弹枪（StatTrak™） | 模拟输入,41,12,14.59,1.22,2024-06-20
截短霰弹枪,崭新出厂,普通,36631,截短霰弹枪 | 聚光灯,101,11.57,16.4,1.42,2024-06-20
截短霰弹枪,破损不堪,StatTrak™,956623,截短霰弹枪（StatTrak™） | 模拟输入,17,11.54,14.3,1.24,2024-06-20
截短霰弹枪,略有磨损,普通,36668,截短霰弹枪 | 祥和之翼,86,11.26,15.39,1.37,2024-06-20
截短霰弹枪,崭新出厂,StatTrak™,39613,截短霰弹枪（StatTrak™） | 弄臣之颅,41,10.87,15.82,1.46,2024-06-20
截短霰弹枪,破损不堪,StatTrak™,39578,截短霰弹枪（StatTrak™） | 路霸,8,10.55,14.15,1.34,2024-06-20
截短霰弹枪,破损不堪,普通,36683,截短霰弹枪 | 荒野公主,11,10.2,14.22,1.39,2024-06-20
截短霰弹枪,战痕累累,普通,36665,截短霰弹枪 | 祥和之翼,2,10.18,9.72,0.95,2024-06-20
截短霰弹枪,战痕累累,普通,36679,截短霰弹枪 | 荒野公主,26,10.08,12.85,1.27,2024-06-20
截短霰弹枪,崭新出厂,普通,779296,截短霰弹枪 | 启示录,185,9.97,13.5,1.35,2024-06-20
截短霰弹枪,久经沙场,普通,36681,截短霰弹枪 | 荒野公主,136,9.38,12.77,1.36,2024-06-20
截短霰弹枪,略有磨损,StatTrak™,779312,截短霰弹枪（StatTrak™） | 启示录,134,9.27,13.43,1.45,2024-06-20
截短霰弹枪,略有磨损,纪念品,761398,截短霰弹枪（纪念品） | 刹车灯,20,8.99,10.09,1.12,2024-06-20
截短霰弹枪,略有磨损,纪念品,38021,截短霰弹枪（纪念品） | 渐变琥珀,102,8.89,13.5,1.52,2024-06-20
截短霰弹枪,战痕累累,StatTrak™,39574,截短霰弹枪（StatTrak™） | 路霸,23,8.75,13.14,1.5,2024-06-20
截短霰弹枪,略有磨损,普通,956486,截短霰弹枪 | 模拟输入,476,8.34,10.81,1.3,2024-06-20
截短霰弹枪,略有磨损,普通,36663,截短霰弹枪 | 贤者涂装,76,8.07,9.22,1.14,2024-06-20
截短霰弹枪,崭新出厂,StatTrak™,39618,截短霰弹枪（StatTrak™） | 梭鲈,20,7.85,14.01,1.78,2024-06-20
截短霰弹枪,破损不堪,普通,36669,截短霰弹枪 | 祥和之翼,9,7.81,8.85,1.13,2024-06-20
截短霰弹枪,久经沙场,普通,36667,截短霰弹枪 | 祥和之翼,96,7.75,10.23,1.32,2024-06-20
截短霰弹枪,略有磨损,普通,36623,截短霰弹枪 | 路霸,33,7.19,8.93,1.24,2024-06-20
截短霰弹枪,崭新出厂,StatTrak™,39594,截短霰弹枪（StatTrak™） | 千纸鹤,155,6.96,7.48,1.07,2024-06-20
截短霰弹枪,略有磨损,纪念品,38034,截短霰弹枪（纪念品） | 外表生锈,111,6.41,8.85,1.38,2024-06-20
截短霰弹枪,久经沙场,StatTrak™,39581,截短霰弹枪（StatTrak™） | 聚光灯,108,6.39,8.35,1.31,2024-06-20
截短霰弹枪,略有磨损,StatTrak™,39615,截短霰弹枪（StatTrak™） | 弄臣之颅,47,6.02,7.98,1.33,2024-06-20
截短霰弹枪,略有磨损,普通,779248,截短霰弹枪 | 启示录,335,5.99,6.68,1.12,2024-06-20
截短霰弹枪,崭新出厂,普通,871158,截短霰弹枪 | 旱地之花,160,5.93,6.68,1.13,2024-06-20
截短霰弹枪,久经沙场,普通,956476,截短霰弹枪 | 模拟输入,679,5.49,7.04,1.28,2024-06-20
截短霰弹枪,久经沙场,纪念品,38020,截短霰弹枪（纪念品） | 渐变琥珀,83,5.48,7.77,1.42,2024-06-20
截短霰弹枪,崭新出厂,StatTrak™,39585,截短霰弹枪（StatTrak™） | 夜百合,99,5.46,6.75,1.24,2024-06-20
截短霰弹枪,略有磨损,普通,871182,截短霰弹枪 | 旱地之花,127,5.28,6.68,1.27,2024-06-20
截短霰弹枪,战痕累累,普通,871278,截短霰弹枪 | 旱地之花,26,5.18,6.82,1.32,2024-06-20
截短霰弹枪,破损不堪,普通,871065,截短霰弹枪 | 旱地之花,27,5.17,6.39,1.24,2024-06-20
截短霰弹枪,久经沙场,普通,871067,截短霰弹枪 | 旱地之花,172,5.14,6.39,1.24,2024-06-20
截短霰弹枪,崭新出厂,普通,835562,截短霰弹枪 | 伏击者,189,5.1,6.68,1.31,2024-06-20
截短霰弹枪,破损不堪,普通,36664,截短霰弹枪 | 贤者涂装,14,5.09,4.14,0.81,2024-06-20
截短霰弹枪,破损不堪,普通,956582,截短霰弹枪 | 模拟输入,116,4.99,5.95,1.19,2024-06-20
截短霰弹枪,略有磨损,纪念品,38044,截短霰弹枪（纪念品） | 蝮蛇迷彩,72,4.98,6.75,1.36,2024-06-20
截短霰弹枪,略有磨损,纪念品,38029,截短霰弹枪（纪念品） | 辐照警报,122,4.89,6.75,1.38,2024-06-20
截短霰弹枪,略有磨损,普通,36633,截短霰弹枪 | 聚光灯,195,4.88,6.68,1.37,2024-06-20
截短霰弹枪,战痕累累,普通,956591,截短霰弹枪 | 模拟输入,248,4.73,5.95,1.26,2024-06-20
截短霰弹枪,崭新出厂,StatTrak™,763380,截短霰弹枪（StatTrak™） | 黑砂,76,4.69,5.81,1.24,2024-06-20
截短霰弹枪,久经沙场,普通,36622,截短霰弹枪 | 路霸,41,4.66,6.1,1.31,2024-06-20
截短霰弹枪,崭新出厂,纪念品,38037,截短霰弹枪（纪念品） | 贤者涂装,89,4.62,6.68,1.45,2024-06-20
截短霰弹枪,破损不堪,StatTrak™,39583,截短霰弹枪（StatTrak™） | 聚光灯,37,4.54,5.81,1.28,2024-06-20
截短霰弹枪,战痕累累,StatTrak™,39579,截短霰弹枪（StatTrak™） | 聚光灯,35,4.47,6.17,1.38,2024-06-20
截短霰弹枪,破损不堪,StatTrak™,779363,截短霰弹枪（StatTrak™） | 启示录,65,4.39,5.15,1.17,2024-06-20
截短霰弹枪,略有磨损,普通,835539,截短霰弹枪 | 伏击者,53,4.28,5.23,1.22,2024-06-20
截短霰弹枪,战痕累累,StatTrak™,779390,截短霰弹枪（StatTrak™） | 启示录,61,4.19,5.08,1.21,2024-06-20
截短霰弹枪,崭新出厂,普通,762158,截短霰弹枪 | 刹车灯,2463,4.19,5.3,1.26,2024-06-20
截短霰弹枪,破损不堪,纪念品,38045,截短霰弹枪（纪念品） | 蝮蛇迷彩,11,4.1,4.57,1.11,2024-06-20
截短霰弹枪,久经沙场,纪念品,38033,截短霰弹枪（纪念品） | 外表生锈,166,4.1,5.88,1.43,2024-06-20
截短霰弹枪,久经沙场,StatTrak™,779271,截短霰弹枪（StatTrak™） | 启示录,200,4.19,5.66,1.35,2024-06-20
截短霰弹枪,略有磨损,普通,762237,截短霰弹枪 | 刹车灯,102,3.9,5.01,1.28,2024-06-20
截短霰弹枪,破损不堪,普通,835538,截短霰弹枪 | 伏击者,15,3.88,4.79,1.23,2024-06-20
截短霰弹枪,崭新出厂,StatTrak™,887018,截短霰弹枪（StatTrak™） | 灵应牌,121,3.86,5.95,1.54,2024-06-20
截短霰弹枪,战痕累累,普通,835625,截短霰弹枪 | 伏击者,18,3.86,4.28,1.11,2024-06-20
截短霰弹枪,战痕累累,普通,36660,截短霰弹枪 | 贤者涂装,4,3.86,3.77,0.98,2024-06-20
截短霰弹枪,久经沙场,普通,835446,截短霰弹枪 | 伏击者,101,3.84,4.64,1.21,2024-06-20
截短霰弹枪,战痕累累,普通,36613,截短霰弹枪 | 破铜烂铁,110,0.23,0.58,2.52,2024-06-20
截短霰弹枪,久经沙场,普通,886617,截短霰弹枪 | 灵应牌,1410,0.23,0.44,1.91,2024-06-20
截短霰弹枪,破损不堪,普通,36639,截短霰弹枪 | 夜百合,60,0.23,0.51,2.22,2024-06-20
截短霰弹枪,战痕累累,普通,36670,截短霰弹枪 | 蝮蛇迷彩,122,0.21,0.44,2.1,2024-06-20
截短霰弹枪,战痕累累,普通,36635,截短霰弹枪 | 夜百合,66,0.21,0.51,2.43,2024-06-20
截短霰弹枪,崭新出厂,普通,36609,截短霰弹枪 | 森林 DDPAT,341,0.18,0.44,2.44,2024-06-20
截短霰弹枪,破损不堪,普通,886672,截短霰弹枪 | 灵应牌,519,0.17,0.44,2.59,2024-06-20
截短霰弹枪,略有磨损,纪念品,38039,截短霰弹枪（纪念品） | 贤者涂装,568,0.17,0.29,1.71,2024-06-20
截短霰弹枪,崭新出厂,纪念品,877146,截短霰弹枪（纪念品） | 旱地之花,1044,0.15,0.29,1.93,2024-06-20
截短霰弹枪,战痕累累,纪念品,877165,截短霰弹枪（纪念品） | 旱地之花,53,0.08,0.29,3.62,2024-06-20
截短霰弹枪,略有磨损,普通,36611,截短霰弹枪 | 森林 DDPAT,153,0.07,0.29,4.14,2024-06-20
截短霰弹枪,久经沙场,普通,36610,截短霰弹枪 | 森林 DDPAT,614,0.05,0.29,5.8,2024-06-20
截短霰弹枪,久经沙场,纪念品,38038,截短霰弹枪（纪念品） | 贤者涂装,1206,0.04,0.22,5.5,2024-06-20
截短霰弹枪,战痕累累,纪念品,38036,截短霰弹枪（纪念品） | 贤者涂装,255,0.04,0.22,5.5,2024-06-20
截短霰弹枪,破损不堪,普通,36612,截短霰弹枪 | 森林 DDPAT,94,0.05,0.22,4.4,2024-06-20
截短霰弹枪,战痕累累,普通,36608,截短霰弹枪 | 森林 DDPAT,142,0.05,0.22,4.4,2024-06-20
截短霰弹枪,破损不堪,纪念品,877155,截短霰弹枪（纪念品） | 旱地之花,89,0.03,0.22,7.33,2024-06-20
截短霰弹枪,略有磨损,纪念品,877150,截短霰弹枪（纪念品） | 旱地之花,861,0.03,0.22,7.33,2024-06-20
截短霰弹枪,久经沙场,纪念品,877129,截短霰弹枪（纪念品） | 旱地之花,3373,0.03,0.22,7.33,2024-06-20
截短霰弹枪,破损不堪,纪念品,38040,截短霰弹枪（纪念品） | 贤者涂装,160,0.03,0.22,7.33,2024-06-20
