蝴蝶刀,久经沙场,★,42552,蝴蝶刀（★） | 大马士革钢,103,6699.5,6783.02,1.01,2024-06-17
蝴蝶刀,破损不堪,★,42535,蝴蝶刀（★） | 蓝钢,120,6698.5,6833.01,1.02,2024-06-17
蝴蝶刀,破损不堪,★,872010,蝴蝶刀（★） | 传说,131,6668.5,6640.17,1.0,2024-06-17
蝴蝶刀,久经沙场,★ StatTrak™,43403,蝴蝶刀（★ StatTrak™） | 深红之网,61,6665.5,6487.17,0.97,2024-06-17
蝴蝶刀,久经沙场,★,42547,蝴蝶刀（★） | 深红之网,426,6665.5,6783.02,1.02,2024-06-17
蝴蝶刀,战痕累累,★,42531,蝴蝶刀（★） | 蓝钢,122,6665.5,6799.34,1.02,2024-06-17
蝴蝶刀,战痕累累,★ StatTrak™,43390,蝴蝶刀（★ StatTrak™） | 蓝钢,17,6665,6630.02,0.99,2024-06-17
蝴蝶刀,略有磨损,★ StatTrak™,872043,蝴蝶刀（★ StatTrak™） | 自由之手,33,6649.5,6783.02,1.02,2024-06-17
蝴蝶刀,崭新出厂,★,755670,蝴蝶刀（★） | 都市伪装,8,6599.5,6732.02,1.02,2024-06-17
蝴蝶刀,破损不堪,★ StatTrak™,43394,蝴蝶刀（★ StatTrak™） | 蓝钢,19,6545.5,6426.01,0.98,2024-06-17
蝴蝶刀,破损不堪,★ StatTrak™,872472,蝴蝶刀（★ StatTrak™） | 传说,25,6499.5,6630.02,1.02,2024-06-17
蝴蝶刀,久经沙场,★,42543,蝴蝶刀（★） | 表面淬火,282,6499,6629.51,1.02,2024-06-17
蝴蝶刀,破损不堪,★,871868,蝴蝶刀（★） | 黑色层压板,64,6458.5,6568.79,1.02,2024-06-17
蝴蝶刀,崭新出厂,★,42537,蝴蝶刀（★） | 北方森林,5,6454.5,6488.19,1.01,2024-06-17
蝴蝶刀,久经沙场,★ StatTrak™,872054,蝴蝶刀（★ StatTrak™） | 黑色层压板,33,6399.5,6528.01,1.02,2024-06-17
蝴蝶刀,战痕累累,★ StatTrak™,43406,蝴蝶刀（★ StatTrak™） | 大马士革钢,7,6399.5,6222.01,0.97,2024-06-17
蝴蝶刀,战痕累累,★,871838,蝴蝶刀（★） | 黑色层压板,79,6394.5,6487.17,1.01,2024-06-17
蝴蝶刀,略有磨损,★,42567,蝴蝶刀（★） | 噩梦之夜,94,6349.5,6477.01,1.02,2024-06-17
蝴蝶刀,略有磨损,★,871917,蝴蝶刀（★） | 澄澈之水,106,6299.5,6425.5,1.02,2024-06-17
蝴蝶刀,略有磨损,★ StatTrak™,872117,蝴蝶刀（★ StatTrak™） | 澄澈之水,24,6289.5,6375.01,1.01,2024-06-17
蝴蝶刀,久经沙场,★ StatTrak™,43408,蝴蝶刀（★ StatTrak™） | 大马士革钢,20,6229.5,6324.01,1.02,2024-06-17
蝴蝶刀,略有磨损,★ StatTrak™,43422,蝴蝶刀（★ StatTrak™） | 噩梦之夜,14,6199.5,6273.01,1.01,2024-06-17
蝴蝶刀,破损不堪,★,42554,蝴蝶刀（★） | 大马士革钢,15,6199.5,6313.78,1.02,2024-06-17
蝴蝶刀,破损不堪,★ StatTrak™,872178,蝴蝶刀（★ StatTrak™） | 黑色层压板,23,6198,6018.0,0.97,2024-06-17
蝴蝶刀,战痕累累,★,42550,蝴蝶刀（★） | 大马士革钢,19,6165.5,6283.16,1.02,2024-06-17
蝴蝶刀,破损不堪,★ StatTrak™,43410,蝴蝶刀（★ StatTrak™） | 大马士革钢,3,6149.5,5865.0,0.95,2024-06-17
蝴蝶刀,久经沙场,★,871888,蝴蝶刀（★） | 自由之手,168,6099.5,6216.93,1.02,2024-06-17
蝴蝶刀,崭新出厂,★,755657,蝴蝶刀（★） | 枯焦之色,6,6099.5,6120.0,1.0,2024-06-17
蝴蝶刀,战痕累累,★ StatTrak™,871900,蝴蝶刀（★ StatTrak™） | 黑色层压板,35,6097.5,6158.74,1.01,2024-06-17
蝴蝶刀,略有磨损,★ StatTrak™,43433,蝴蝶刀（★ StatTrak™） | 人工染色,9,6049,6139.37,1.01,2024-06-17
蝴蝶刀,久经沙场,★ StatTrak™,872098,蝴蝶刀（★ StatTrak™） | 自由之手,33,6045.49,6120.0,1.01,2024-06-17
蝴蝶刀,破损不堪,★ StatTrak™,43401,蝴蝶刀（★ StatTrak™） | 表面淬火,17,5999.5,5809.43,0.97,2024-06-17
蝴蝶刀,略有磨损,★,42585,蝴蝶刀（★） | 人工染色,91,5999.5,6118.99,1.02,2024-06-17
蝴蝶刀,破损不堪,★ StatTrak™,43405,蝴蝶刀（★ StatTrak™） | 深红之网,12,5947,6024.31,1.01,2024-06-17
蝴蝶刀,破损不堪,★,42549,蝴蝶刀（★） | 深红之网,47,5914.5,9210.98,1.56,2024-06-17
蝴蝶刀,战痕累累,★ StatTrak™,871989,蝴蝶刀（★ StatTrak™） | 传说,13,5799.5,8600.86,1.48,2024-06-17
蝴蝶刀,崭新出厂,★,42559,蝴蝶刀（★） | 森林 DDPAT,8,5799.5,5893.29,1.02,2024-06-17
蝴蝶刀,破损不堪,★,42545,蝴蝶刀（★） | 表面淬火,146,5787.5,9338.02,1.61,2024-06-17
蝴蝶刀,破损不堪,★ StatTrak™,873071,蝴蝶刀（★ StatTrak™） | 自由之手,5,5759.5,6531.42,1.13,2024-06-17
蝴蝶刀,久经沙场,★,872000,蝴蝶刀（★） | 澄澈之水,159,5747.5,9420.5,1.64,2024-06-17
蝴蝶刀,战痕累累,★,871914,蝴蝶刀（★） | 传说,102,5689.5,9099.77,1.6,2024-06-17
蝴蝶刀,战痕累累,★ StatTrak™,43398,蝴蝶刀（★ StatTrak™） | 表面淬火,8,5649.5,8051.09,1.43,2024-06-17
蝴蝶刀,久经沙场,★,42590,蝴蝶刀（★） | 致命紫罗兰,244,5619.5,8656.72,1.54,2024-06-17
蝴蝶刀,久经沙场,★,42584,蝴蝶刀（★） | 人工染色,99,5579.5,7585.98,1.36,2024-06-17
蝴蝶刀,久经沙场,★ StatTrak™,43432,蝴蝶刀（★ StatTrak™） | 人工染色,15,5537.5,9791.95,1.77,2024-06-17
蝴蝶刀,久经沙场,★ StatTrak™,872179,蝴蝶刀（★ StatTrak™） | 澄澈之水,51,5519.5,8901.71,1.61,2024-06-17
蝴蝶刀,崭新出厂,★,45548,蝴蝶刀（★） | 狩猎网格,5,5499.5,8877.92,1.61,2024-06-17
蝴蝶刀,久经沙场,★ StatTrak™,43437,蝴蝶刀（★ StatTrak™） | 致命紫罗兰,53,5499,8795.36,1.6,2024-06-17
蝴蝶刀,战痕累累,★,42541,蝴蝶刀（★） | 表面淬火,112,5447.9,7326.11,1.34,2024-06-17
蝴蝶刀,破损不堪,★,872055,蝴蝶刀（★） | 自由之手,35,5425,11572.35,2.13,2024-06-17
蝴蝶刀,破损不堪,★ StatTrak™,872137,蝴蝶刀（★ StatTrak™） | 澄澈之水,6,5399.5,9068.5,1.68,2024-06-17
蝴蝶刀,战痕累累,★,872038,蝴蝶刀（★） | 自由之手,18,5316.5,9189.51,1.73,2024-06-17
蝴蝶刀,破损不堪,★ StatTrak™,755721,蝴蝶刀（★ StatTrak™） | 致命紫罗兰,8,5299.5,7919.77,1.49,2024-06-17
蝴蝶刀,破损不堪,★,871925,蝴蝶刀（★） | 澄澈之水,23,5299.4,9864.13,1.86,2024-06-17
蝴蝶刀,战痕累累,★ StatTrak™,872835,蝴蝶刀（★ StatTrak™） | 自由之手,2,5298.5,13912.53,2.63,2024-06-17
蝴蝶刀,战痕累累,★ StatTrak™,872533,蝴蝶刀（★ StatTrak™） | 澄澈之水,3,5199.5,8028.23,1.54,2024-06-17
蝴蝶刀,破损不堪,★,42592,蝴蝶刀（★） | 致命紫罗兰,37,5195.5,9223.17,1.78,2024-06-17
蝴蝶刀,破损不堪,★,42570,蝴蝶刀（★） | 外表生锈,20,5189.5,8901.71,1.72,2024-06-17
蝴蝶刀,战痕累累,★ StatTrak™,43402,蝴蝶刀（★ StatTrak™） | 深红之网,20,5184.99,10676.38,2.06,2024-06-17
蝴蝶刀,战痕累累,★,42546,蝴蝶刀（★） | 深红之网,112,5169,7345.99,1.42,2024-06-17
蝴蝶刀,久经沙场,★,42566,蝴蝶刀（★） | 噩梦之夜,191,5164.5,7121.38,1.38,2024-06-17
蝴蝶刀,破损不堪,★ StatTrak™,43434,蝴蝶刀（★ StatTrak™） | 人工染色,10,5129.5,9431.24,1.84,2024-06-17
蝴蝶刀,破损不堪,★,42586,蝴蝶刀（★） | 人工染色,64,5119.5,8009.3,1.56,2024-06-17
蝴蝶刀,破损不堪,★ StatTrak™,757432,蝴蝶刀（★ StatTrak™） | 外表生锈,5,5099.5,5171.0,1.01,2024-06-17
蝴蝶刀,战痕累累,★,871847,蝴蝶刀（★） | 澄澈之水,20,5098.5,11506.33,2.26,2024-06-17
蝴蝶刀,战痕累累,★,42569,蝴蝶刀（★） | 外表生锈,295,5079.5,6750.81,1.33,2024-06-17
蝴蝶刀,久经沙场,★ StatTrak™,43421,蝴蝶刀（★ StatTrak™） | 噩梦之夜,36,5038.5,8131.54,1.61,2024-06-17
蝴蝶刀,战痕累累,★ StatTrak™,43971,蝴蝶刀（★ StatTrak™） | 人工染色,7,4974.5,9335.33,1.88,2024-06-17
蝴蝶刀,战痕累累,★ StatTrak™,43423,蝴蝶刀（★ StatTrak™） | 外表生锈,56,4949.5,6695.82,1.35,2024-06-17
蝴蝶刀,略有磨损,★ StatTrak™,43397,蝴蝶刀（★ StatTrak™） | 北方森林,19,4939.5,8343.02,1.69,2024-06-17
蝴蝶刀,战痕累累,★,42582,蝴蝶刀（★） | 人工染色,54,4879.5,7792.09,1.6,2024-06-17
蝴蝶刀,破损不堪,★,42568,蝴蝶刀（★） | 噩梦之夜,26,4838.5,6692.48,1.38,2024-06-17
蝴蝶刀,破损不堪,★ StatTrak™,44055,蝴蝶刀（★ StatTrak™） | 噩梦之夜,5,4794.5,8410.56,1.75,2024-06-17
蝴蝶刀,略有磨损,★ StatTrak™,43441,蝴蝶刀（★ StatTrak™） | 都市伪装,21,4698.5,8799.78,1.87,2024-06-17
蝴蝶刀,略有磨损,★,42539,蝴蝶刀（★） | 北方森林,83,4698.5,8286.51,1.76,2024-06-17
蝴蝶刀,略有磨损,★,42595,蝴蝶刀（★） | 都市伪装,100,4659,6759.95,1.45,2024-06-17
蝴蝶刀,略有磨损,★ StatTrak™,43428,蝴蝶刀（★ StatTrak™） | 枯焦之色,7,4637.5,10156.57,2.19,2024-06-17
蝴蝶刀,略有磨损,★,42577,蝴蝶刀（★） | 枯焦之色,52,4619.5,11486.89,2.49,2024-06-17
蝴蝶刀,战痕累累,★,42589,蝴蝶刀（★） | 致命紫罗兰,68,4551.99,8363.26,1.84,2024-06-17
蝴蝶刀,战痕累累,★ StatTrak™,43420,蝴蝶刀（★ StatTrak™） | 噩梦之夜,13,4514.5,4615.43,1.02,2024-06-17
蝴蝶刀,战痕累累,★,42565,蝴蝶刀（★） | 噩梦之夜,66,4499.5,7740.87,1.72,2024-06-17
蝴蝶刀,战痕累累,★ StatTrak™,43436,蝴蝶刀（★ StatTrak™） | 致命紫罗兰,16,4499,6258.14,1.39,2024-06-17
蝴蝶刀,略有磨损,★ StatTrak™,43416,蝴蝶刀（★ StatTrak™） | 森林 DDPAT,13,4449,8514.89,1.91,2024-06-17
蝴蝶刀,略有磨损,★,42561,蝴蝶刀（★） | 森林 DDPAT,51,4439.5,8430.08,1.9,2024-06-17
蝴蝶刀,久经沙场,★,42538,蝴蝶刀（★） | 北方森林,156,4249.5,6192.62,1.46,2024-06-17
蝴蝶刀,略有磨损,★ StatTrak™,43426,蝴蝶刀（★ StatTrak™） | 狩猎网格,22,4221.5,6889.23,1.63,2024-06-17
蝴蝶刀,略有磨损,★,42573,蝴蝶刀（★） | 狩猎网格,60,4204,6599.98,1.57,2024-06-17
蝴蝶刀,破损不堪,★ StatTrak™,43417,蝴蝶刀（★ StatTrak™） | 森林 DDPAT,4,4198,7106.29,1.69,2024-06-17
蝴蝶刀,久经沙场,★,42576,蝴蝶刀（★） | 枯焦之色,100,4188,6192.62,1.48,2024-06-17
蝴蝶刀,破损不堪,★ StatTrak™,44647,蝴蝶刀（★ StatTrak™） | 枯焦之色,4,4187.5,7353.76,1.76,2024-06-17
蝴蝶刀,久经沙场,★,42560,蝴蝶刀（★） | 森林 DDPAT,124,4183.9,6166.58,1.47,2024-06-17
蝴蝶刀,久经沙场,★ StatTrak™,43396,蝴蝶刀（★ StatTrak™） | 北方森林,27,4178.5,7617.54,1.82,2024-06-17
蝴蝶刀,战痕累累,★ StatTrak™,44542,蝴蝶刀（★ StatTrak™） | 枯焦之色,12,4168.5,6384.22,1.53,2024-06-17
蝴蝶刀,久经沙场,★,42594,蝴蝶刀（★） | 都市伪装,152,4149.5,5919.19,1.43,2024-06-17
蝴蝶刀,久经沙场,★ StatTrak™,43440,蝴蝶刀（★ StatTrak™） | 都市伪装,27,4119,6735.14,1.64,2024-06-17
蝴蝶刀,破损不堪,★ StatTrak™,645513,蝴蝶刀（★ StatTrak™） | 北方森林,5,4099.5,5993.12,1.46,2024-06-17
蝴蝶刀,破损不堪,★ StatTrak™,43442,蝴蝶刀（★ StatTrak™） | 都市伪装,5,4099.5,6028.74,1.47,2024-06-17
蝴蝶刀,破损不堪,★,42540,蝴蝶刀（★） | 北方森林,25,4099.5,6763.43,1.65,2024-06-17
蝴蝶刀,战痕累累,★ StatTrak™,43439,蝴蝶刀（★ StatTrak™） | 都市伪装,19,4099.4,11701.48,2.85,2024-06-17
蝴蝶刀,战痕累累,★,42593,蝴蝶刀（★） | 都市伪装,50,4098.5,9670.65,2.36,2024-06-17
蝴蝶刀,久经沙场,★ StatTrak™,43427,蝴蝶刀（★ StatTrak™） | 枯焦之色,34,4094,6363.77,1.55,2024-06-17
蝴蝶刀,久经沙场,★ StatTrak™,43415,蝴蝶刀（★ StatTrak™） | 森林 DDPAT,28,4090.5,6676.37,1.63,2024-06-17
蝴蝶刀,破损不堪,★,42596,蝴蝶刀（★） | 都市伪装,28,4088.99,6192.62,1.51,2024-06-17
蝴蝶刀,破损不堪,★,42578,蝴蝶刀（★） | 枯焦之色,29,4079,7925.87,1.94,2024-06-17
蝴蝶刀,战痕累累,★ StatTrak™,45014,蝴蝶刀（★ StatTrak™） | 北方森林,10,4074.5,5437.18,1.33,2024-06-17
蝴蝶刀,破损不堪,★ StatTrak™,45474,蝴蝶刀（★ StatTrak™） | 狩猎网格,8,4069,11843.32,2.91,2024-06-17
蝴蝶刀,久经沙场,★,42572,蝴蝶刀（★） | 狩猎网格,73,4068.5,5948.94,1.46,2024-06-17
蝴蝶刀,久经沙场,★ StatTrak™,43425,蝴蝶刀（★ StatTrak™） | 狩猎网格,31,4059.5,5840.11,1.44,2024-06-17
蝴蝶刀,战痕累累,★,42575,蝴蝶刀（★） | 枯焦之色,59,4059.5,6579.67,1.62,2024-06-17
蝴蝶刀,破损不堪,★,42562,蝴蝶刀（★） | 森林 DDPAT,24,4049.5,5508.71,1.36,2024-06-17
蝴蝶刀,战痕累累,★,42536,蝴蝶刀（★） | 北方森林,53,4049.5,6187.18,1.53,2024-06-17
蝴蝶刀,战痕累累,★ StatTrak™,43424,蝴蝶刀（★ StatTrak™） | 狩猎网格,14,4048.5,5840.11,1.44,2024-06-17
蝴蝶刀,战痕累累,★,42558,蝴蝶刀（★） | 森林 DDPAT,49,4039.5,5986.59,1.48,2024-06-17
蝴蝶刀,战痕累累,★,42571,蝴蝶刀（★） | 狩猎网格,46,4036,6166.58,1.53,2024-06-17
蝴蝶刀,破损不堪,★,42574,蝴蝶刀（★） | 狩猎网格,23,4033.5,9436.9,2.34,2024-06-17
蝴蝶刀,战痕累累,★ StatTrak™,43414,蝴蝶刀（★ StatTrak™） | 森林 DDPAT,13,4032.49,5960.47,1.48,2024-06-17
蝴蝶刀,战痕累累,★,42565,蝴蝶刀（★） | 噩梦之夜,66,4499.5,7740.87,1.72,2024-06-17
蝴蝶刀,战痕累累,★ StatTrak™,43436,蝴蝶刀（★ StatTrak™） | 致命紫罗兰,16,4499,6258.14,1.39,2024-06-17
蝴蝶刀,略有磨损,★ StatTrak™,43416,蝴蝶刀（★ StatTrak™） | 森林 DDPAT,13,4449,8514.89,1.91,2024-06-17
蝴蝶刀,略有磨损,★,42561,蝴蝶刀（★） | 森林 DDPAT,51,4439.5,8430.08,1.9,2024-06-17
蝴蝶刀,久经沙场,★,42538,蝴蝶刀（★） | 北方森林,156,4249.5,6192.62,1.46,2024-06-17
蝴蝶刀,略有磨损,★ StatTrak™,43426,蝴蝶刀（★ StatTrak™） | 狩猎网格,22,4221.5,6889.23,1.63,2024-06-17
蝴蝶刀,略有磨损,★,42573,蝴蝶刀（★） | 狩猎网格,60,4204,6599.98,1.57,2024-06-17
蝴蝶刀,破损不堪,★ StatTrak™,43417,蝴蝶刀（★ StatTrak™） | 森林 DDPAT,4,4198,7106.29,1.69,2024-06-17
蝴蝶刀,久经沙场,★,42576,蝴蝶刀（★） | 枯焦之色,100,4188,6192.62,1.48,2024-06-17
蝴蝶刀,破损不堪,★ StatTrak™,44647,蝴蝶刀（★ StatTrak™） | 枯焦之色,4,4187.5,7353.76,1.76,2024-06-17
蝴蝶刀,久经沙场,★,42560,蝴蝶刀（★） | 森林 DDPAT,124,4183.9,6166.58,1.47,2024-06-17
蝴蝶刀,久经沙场,★ StatTrak™,43396,蝴蝶刀（★ StatTrak™） | 北方森林,27,4178.5,7617.54,1.82,2024-06-17
蝴蝶刀,战痕累累,★ StatTrak™,44542,蝴蝶刀（★ StatTrak™） | 枯焦之色,12,4168.5,6384.22,1.53,2024-06-17
蝴蝶刀,久经沙场,★,42594,蝴蝶刀（★） | 都市伪装,152,4149.5,5919.19,1.43,2024-06-17
蝴蝶刀,久经沙场,★ StatTrak™,43440,蝴蝶刀（★ StatTrak™） | 都市伪装,27,4119,6735.14,1.64,2024-06-17
蝴蝶刀,破损不堪,★ StatTrak™,645513,蝴蝶刀（★ StatTrak™） | 北方森林,5,4099.5,5993.12,1.46,2024-06-17
蝴蝶刀,破损不堪,★ StatTrak™,43442,蝴蝶刀（★ StatTrak™） | 都市伪装,5,4099.5,6028.74,1.47,2024-06-17
蝴蝶刀,破损不堪,★,42540,蝴蝶刀（★） | 北方森林,25,4099.5,6763.43,1.65,2024-06-17
蝴蝶刀,战痕累累,★ StatTrak™,43439,蝴蝶刀（★ StatTrak™） | 都市伪装,19,4099.4,11701.48,2.85,2024-06-17
蝴蝶刀,战痕累累,★,42593,蝴蝶刀（★） | 都市伪装,50,4098.5,9670.65,2.36,2024-06-17
蝴蝶刀,久经沙场,★ StatTrak™,43427,蝴蝶刀（★ StatTrak™） | 枯焦之色,34,4094,6363.77,1.55,2024-06-17
蝴蝶刀,久经沙场,★ StatTrak™,43415,蝴蝶刀（★ StatTrak™） | 森林 DDPAT,28,4090.5,6676.37,1.63,2024-06-17
蝴蝶刀,破损不堪,★,42596,蝴蝶刀（★） | 都市伪装,28,4088.99,6192.62,1.51,2024-06-17
蝴蝶刀,破损不堪,★,42578,蝴蝶刀（★） | 枯焦之色,29,4079,7925.87,1.94,2024-06-17
蝴蝶刀,战痕累累,★ StatTrak™,45014,蝴蝶刀（★ StatTrak™） | 北方森林,10,4074.5,5437.18,1.33,2024-06-17
蝴蝶刀,破损不堪,★ StatTrak™,45474,蝴蝶刀（★ StatTrak™） | 狩猎网格,8,4069,11843.32,2.91,2024-06-17
蝴蝶刀,久经沙场,★,42572,蝴蝶刀（★） | 狩猎网格,73,4068.5,5948.94,1.46,2024-06-17
蝴蝶刀,久经沙场,★ StatTrak™,43425,蝴蝶刀（★ StatTrak™） | 狩猎网格,31,4059.5,5840.11,1.44,2024-06-17
蝴蝶刀,战痕累累,★,42575,蝴蝶刀（★） | 枯焦之色,59,4059.5,6579.67,1.62,2024-06-17
蝴蝶刀,破损不堪,★,42562,蝴蝶刀（★） | 森林 DDPAT,24,4049.5,5508.71,1.36,2024-06-17
蝴蝶刀,战痕累累,★,42536,蝴蝶刀（★） | 北方森林,53,4049.5,6187.18,1.53,2024-06-17
蝴蝶刀,战痕累累,★ StatTrak™,43424,蝴蝶刀（★ StatTrak™） | 狩猎网格,14,4048.5,5840.11,1.44,2024-06-17
蝴蝶刀,战痕累累,★,42558,蝴蝶刀（★） | 森林 DDPAT,49,4039.5,5986.59,1.48,2024-06-17
蝴蝶刀,战痕累累,★,42571,蝴蝶刀（★） | 狩猎网格,46,4036,6166.58,1.53,2024-06-17
蝴蝶刀,破损不堪,★,42574,蝴蝶刀（★） | 狩猎网格,23,4033.5,9436.9,2.34,2024-06-17
蝴蝶刀,战痕累累,★ StatTrak™,43414,蝴蝶刀（★ StatTrak™） | 森林 DDPAT,13,4032.49,5960.47,1.48,2024-06-17
蝴蝶刀,战痕累累,★,42565,蝴蝶刀（★） | 噩梦之夜,66,4499.5,7740.87,1.72,2024-06-17
蝴蝶刀,战痕累累,★ StatTrak™,43436,蝴蝶刀（★ StatTrak™） | 致命紫罗兰,16,4499,6258.14,1.39,2024-06-17
蝴蝶刀,略有磨损,★ StatTrak™,43416,蝴蝶刀（★ StatTrak™） | 森林 DDPAT,13,4449,8514.89,1.91,2024-06-17
蝴蝶刀,略有磨损,★,42561,蝴蝶刀（★） | 森林 DDPAT,51,4439.5,8430.08,1.9,2024-06-17
蝴蝶刀,久经沙场,★,42538,蝴蝶刀（★） | 北方森林,156,4249.5,6192.62,1.46,2024-06-17
蝴蝶刀,略有磨损,★ StatTrak™,43426,蝴蝶刀（★ StatTrak™） | 狩猎网格,22,4221.5,6889.23,1.63,2024-06-17
蝴蝶刀,略有磨损,★,42573,蝴蝶刀（★） | 狩猎网格,60,4204,6599.98,1.57,2024-06-17
蝴蝶刀,破损不堪,★ StatTrak™,43417,蝴蝶刀（★ StatTrak™） | 森林 DDPAT,4,4198,7106.29,1.69,2024-06-17
蝴蝶刀,久经沙场,★,42576,蝴蝶刀（★） | 枯焦之色,100,4188,6192.62,1.48,2024-06-17
蝴蝶刀,破损不堪,★ StatTrak™,44647,蝴蝶刀（★ StatTrak™） | 枯焦之色,4,4187.5,7353.76,1.76,2024-06-17
蝴蝶刀,久经沙场,★,42560,蝴蝶刀（★） | 森林 DDPAT,124,4183.9,6166.58,1.47,2024-06-17
蝴蝶刀,久经沙场,★ StatTrak™,43396,蝴蝶刀（★ StatTrak™） | 北方森林,27,4178.5,7617.54,1.82,2024-06-17
蝴蝶刀,战痕累累,★ StatTrak™,44542,蝴蝶刀（★ StatTrak™） | 枯焦之色,12,4168.5,6384.22,1.53,2024-06-17
蝴蝶刀,久经沙场,★,42594,蝴蝶刀（★） | 都市伪装,152,4149.5,5919.19,1.43,2024-06-17
蝴蝶刀,久经沙场,★ StatTrak™,43440,蝴蝶刀（★ StatTrak™） | 都市伪装,27,4119,6735.14,1.64,2024-06-17
蝴蝶刀,破损不堪,★ StatTrak™,645513,蝴蝶刀（★ StatTrak™） | 北方森林,5,4099.5,5993.12,1.46,2024-06-17
蝴蝶刀,破损不堪,★ StatTrak™,43442,蝴蝶刀（★ StatTrak™） | 都市伪装,5,4099.5,6028.74,1.47,2024-06-17
蝴蝶刀,破损不堪,★,42540,蝴蝶刀（★） | 北方森林,25,4099.5,6763.43,1.65,2024-06-17
蝴蝶刀,战痕累累,★ StatTrak™,43439,蝴蝶刀（★ StatTrak™） | 都市伪装,19,4099.4,11701.48,2.85,2024-06-17
蝴蝶刀,战痕累累,★,42593,蝴蝶刀（★） | 都市伪装,50,4098.5,9670.65,2.36,2024-06-17
蝴蝶刀,久经沙场,★ StatTrak™,43427,蝴蝶刀（★ StatTrak™） | 枯焦之色,34,4094,6363.77,1.55,2024-06-17
蝴蝶刀,久经沙场,★ StatTrak™,43415,蝴蝶刀（★ StatTrak™） | 森林 DDPAT,28,4090.5,6676.37,1.63,2024-06-17
蝴蝶刀,破损不堪,★,42596,蝴蝶刀（★） | 都市伪装,28,4088.99,6192.62,1.51,2024-06-17
蝴蝶刀,破损不堪,★,42578,蝴蝶刀（★） | 枯焦之色,29,4079,7925.87,1.94,2024-06-17
蝴蝶刀,战痕累累,★ StatTrak™,45014,蝴蝶刀（★ StatTrak™） | 北方森林,10,4074.5,5437.18,1.33,2024-06-17
蝴蝶刀,破损不堪,★ StatTrak™,45474,蝴蝶刀（★ StatTrak™） | 狩猎网格,8,4069,11843.32,2.91,2024-06-17
蝴蝶刀,久经沙场,★,42572,蝴蝶刀（★） | 狩猎网格,73,4068.5,5948.94,1.46,2024-06-17
蝴蝶刀,久经沙场,★ StatTrak™,43425,蝴蝶刀（★ StatTrak™） | 狩猎网格,31,4059.5,5840.11,1.44,2024-06-17
蝴蝶刀,战痕累累,★,42575,蝴蝶刀（★） | 枯焦之色,59,4059.5,6579.67,1.62,2024-06-17
蝴蝶刀,破损不堪,★,42562,蝴蝶刀（★） | 森林 DDPAT,24,4049.5,5508.71,1.36,2024-06-17
蝴蝶刀,战痕累累,★,42536,蝴蝶刀（★） | 北方森林,53,4049.5,6187.18,1.53,2024-06-17
蝴蝶刀,战痕累累,★ StatTrak™,43424,蝴蝶刀（★ StatTrak™） | 狩猎网格,14,4048.5,5840.11,1.44,2024-06-17
蝴蝶刀,战痕累累,★,42558,蝴蝶刀（★） | 森林 DDPAT,49,4039.5,5986.59,1.48,2024-06-17
蝴蝶刀,战痕累累,★,42571,蝴蝶刀（★） | 狩猎网格,46,4036,6166.58,1.53,2024-06-17
蝴蝶刀,破损不堪,★,42574,蝴蝶刀（★） | 狩猎网格,23,4033.5,9436.9,2.34,2024-06-17
蝴蝶刀,战痕累累,★ StatTrak™,43414,蝴蝶刀（★ StatTrak™） | 森林 DDPAT,13,4032.49,5960.47,1.48,2024-06-17
蝴蝶刀,战痕累累,★,42565,蝴蝶刀（★） | 噩梦之夜,66,4499.5,7740.87,1.72,2024-06-17
蝴蝶刀,战痕累累,★ StatTrak™,43436,蝴蝶刀（★ StatTrak™） | 致命紫罗兰,16,4499,6258.14,1.39,2024-06-17
蝴蝶刀,略有磨损,★ StatTrak™,43416,蝴蝶刀（★ StatTrak™） | 森林 DDPAT,13,4449,8514.89,1.91,2024-06-17
蝴蝶刀,略有磨损,★,42561,蝴蝶刀（★） | 森林 DDPAT,51,4439.5,8430.08,1.9,2024-06-17
蝴蝶刀,久经沙场,★,42538,蝴蝶刀（★） | 北方森林,156,4249.5,6192.62,1.46,2024-06-17
蝴蝶刀,略有磨损,★ StatTrak™,43426,蝴蝶刀（★ StatTrak™） | 狩猎网格,22,4221.5,6889.23,1.63,2024-06-17
蝴蝶刀,略有磨损,★,42573,蝴蝶刀（★） | 狩猎网格,60,4204,6599.98,1.57,2024-06-17
蝴蝶刀,破损不堪,★ StatTrak™,43417,蝴蝶刀（★ StatTrak™） | 森林 DDPAT,4,4198,7106.29,1.69,2024-06-17
蝴蝶刀,久经沙场,★,42576,蝴蝶刀（★） | 枯焦之色,100,4188,6192.62,1.48,2024-06-17
蝴蝶刀,破损不堪,★ StatTrak™,44647,蝴蝶刀（★ StatTrak™） | 枯焦之色,4,4187.5,7353.76,1.76,2024-06-17
蝴蝶刀,久经沙场,★,42560,蝴蝶刀（★） | 森林 DDPAT,124,4183.9,6166.58,1.47,2024-06-17
蝴蝶刀,久经沙场,★ StatTrak™,43396,蝴蝶刀（★ StatTrak™） | 北方森林,27,4178.5,7617.54,1.82,2024-06-17
蝴蝶刀,战痕累累,★ StatTrak™,44542,蝴蝶刀（★ StatTrak™） | 枯焦之色,12,4168.5,6384.22,1.53,2024-06-17
蝴蝶刀,久经沙场,★,42594,蝴蝶刀（★） | 都市伪装,152,4149.5,5919.19,1.43,2024-06-17
蝴蝶刀,久经沙场,★ StatTrak™,43440,蝴蝶刀（★ StatTrak™） | 都市伪装,27,4119,6735.14,1.64,2024-06-17
蝴蝶刀,破损不堪,★ StatTrak™,645513,蝴蝶刀（★ StatTrak™） | 北方森林,5,4099.5,5993.12,1.46,2024-06-17
蝴蝶刀,破损不堪,★ StatTrak™,43442,蝴蝶刀（★ StatTrak™） | 都市伪装,5,4099.5,6028.74,1.47,2024-06-17
蝴蝶刀,破损不堪,★,42540,蝴蝶刀（★） | 北方森林,25,4099.5,6763.43,1.65,2024-06-17
蝴蝶刀,战痕累累,★ StatTrak™,43439,蝴蝶刀（★ StatTrak™） | 都市伪装,19,4099.4,11701.48,2.85,2024-06-17
蝴蝶刀,战痕累累,★,42593,蝴蝶刀（★） | 都市伪装,50,4098.5,9670.65,2.36,2024-06-17
蝴蝶刀,久经沙场,★ StatTrak™,43427,蝴蝶刀（★ StatTrak™） | 枯焦之色,34,4094,6363.77,1.55,2024-06-17
蝴蝶刀,久经沙场,★ StatTrak™,43415,蝴蝶刀（★ StatTrak™） | 森林 DDPAT,28,4090.5,6676.37,1.63,2024-06-17
蝴蝶刀,破损不堪,★,42596,蝴蝶刀（★） | 都市伪装,28,4088.99,6192.62,1.51,2024-06-17
蝴蝶刀,破损不堪,★,42578,蝴蝶刀（★） | 枯焦之色,29,4079,7925.87,1.94,2024-06-17
蝴蝶刀,战痕累累,★ StatTrak™,45014,蝴蝶刀（★ StatTrak™） | 北方森林,10,4074.5,5437.18,1.33,2024-06-17
蝴蝶刀,破损不堪,★ StatTrak™,45474,蝴蝶刀（★ StatTrak™） | 狩猎网格,8,4069,11843.32,2.91,2024-06-17
蝴蝶刀,久经沙场,★,42572,蝴蝶刀（★） | 狩猎网格,73,4068.5,5948.94,1.46,2024-06-17
蝴蝶刀,久经沙场,★ StatTrak™,43425,蝴蝶刀（★ StatTrak™） | 狩猎网格,31,4059.5,5840.11,1.44,2024-06-17
蝴蝶刀,战痕累累,★,42575,蝴蝶刀（★） | 枯焦之色,59,4059.5,6579.67,1.62,2024-06-17
蝴蝶刀,破损不堪,★,42562,蝴蝶刀（★） | 森林 DDPAT,24,4049.5,5508.71,1.36,2024-06-17
蝴蝶刀,战痕累累,★,42536,蝴蝶刀（★） | 北方森林,53,4049.5,6187.18,1.53,2024-06-17
蝴蝶刀,战痕累累,★ StatTrak™,43424,蝴蝶刀（★ StatTrak™） | 狩猎网格,14,4048.5,5840.11,1.44,2024-06-17
蝴蝶刀,战痕累累,★,42558,蝴蝶刀（★） | 森林 DDPAT,49,4039.5,5986.59,1.48,2024-06-17
蝴蝶刀,战痕累累,★,42571,蝴蝶刀（★） | 狩猎网格,46,4036,6166.58,1.53,2024-06-17
蝴蝶刀,破损不堪,★,42574,蝴蝶刀（★） | 狩猎网格,23,4033.5,9436.9,2.34,2024-06-17
蝴蝶刀,战痕累累,★ StatTrak™,43414,蝴蝶刀（★ StatTrak™） | 森林 DDPAT,13,4032.49,5960.47,1.48,2024-06-17
蝴蝶刀,崭新出厂,★ StatTrak™,758867,蝴蝶刀（★ StatTrak™） | 深红之网,1,128999,107100.0,0.83,2024-06-17
蝴蝶刀,崭新出厂,★,45456,蝴蝶刀（★） | 深红之网,14,38887.5,39665.76,1.02,2024-06-17
蝴蝶刀,崭新出厂,★,872125,蝴蝶刀（★） | 传说,73,31297.5,31923.95,1.02,2024-06-17
蝴蝶刀,崭新出厂,★ StatTrak™,758105,蝴蝶刀（★ StatTrak™） | 致命紫罗兰,1,29999.5,30600.02,1.02,2024-06-17
蝴蝶刀,崭新出厂,★ StatTrak™,882379,蝴蝶刀（★ StatTrak™） | 传说,7,27564.5,23215.21,0.84,2024-06-17
蝴蝶刀,崭新出厂,★,42556,蝴蝶刀（★） | 渐变之色,867,23486.5,23956.73,1.02,2024-06-17
蝴蝶刀,略有磨损,★ StatTrak™,43413,蝴蝶刀（★ StatTrak™） | 渐变之色,6,21665.5,22099.35,1.02,2024-06-17
蝴蝶刀,略有磨损,★,42557,蝴蝶刀（★） | 渐变之色,36,20949.5,21369.01,1.02,2024-06-17
蝴蝶刀,崭新出厂,★ StatTrak™,43412,蝴蝶刀（★ StatTrak™） | 渐变之色,111,20799,20910.0,1.01,2024-06-17
蝴蝶刀,略有磨损,★ StatTrak™,755862,蝴蝶刀（★ StatTrak™） | 多普勒,4,19999.5,15045.0,0.75,2024-06-17
蝴蝶刀,崭新出厂,★ StatTrak™,43391,蝴蝶刀（★ StatTrak™） | 蓝钢,2,19999.5,9065.74,0.45,2024-06-17
蝴蝶刀,略有磨损,★ StatTrak™,872121,蝴蝶刀（★ StatTrak™） | 伽玛多普勒,2,19989.5,17850.0,0.89,2024-06-17
蝴蝶刀,崭新出厂,★,871747,蝴蝶刀（★） | 伽玛多普勒,837,18399.5,19257.07,1.05,2024-06-17
蝴蝶刀,崭新出厂,★ StatTrak™,871916,蝴蝶刀（★ StatTrak™） | 伽玛多普勒,107,18099.5,18635.4,1.03,2024-06-17
蝴蝶刀,略有磨损,★,872144,蝴蝶刀（★） | 伽玛多普勒,57,17999.5,18360.01,1.02,2024-06-17
蝴蝶刀,崭新出厂,★ StatTrak™,43411,蝴蝶刀（★ StatTrak™） | 多普勒,81,17599.5,17952.0,1.02,2024-06-17
蝴蝶刀,略有磨损,★,44001,蝴蝶刀（★） | 多普勒,47,17565.5,17917.32,1.02,2024-06-17
蝴蝶刀,崭新出厂,★,42555,蝴蝶刀（★） | 多普勒,759,16886.5,17225.72,1.02,2024-06-17
蝴蝶刀,崭新出厂,★ StatTrak™,872576,蝴蝶刀（★ StatTrak™） | 自动化,6,15887,14145.34,0.89,2024-06-17
蝴蝶刀,崭新出厂,★,871988,蝴蝶刀（★） | 自动化,35,15099.5,14994.0,0.99,2024-06-17
蝴蝶刀,崭新出厂,★,45601,蝴蝶刀（★） | 致命紫罗兰,7,15099.5,14959.98,0.99,2024-06-17
蝴蝶刀,略有磨损,★ StatTrak™,43419,蝴蝶刀（★ StatTrak™） | 渐变大理石,10,14665.5,13973.98,0.95,2024-06-17
蝴蝶刀,略有磨损,★,871909,蝴蝶刀（★） | 传说,260,14399.5,14688.0,1.02,2024-06-17
蝴蝶刀,崭新出厂,★,42563,蝴蝶刀（★） | 渐变大理石,884,14394,14681.9,1.02,2024-06-17
蝴蝶刀,略有磨损,★,42564,蝴蝶刀（★） | 渐变大理石,42,14165,14279.99,1.01,2024-06-17
蝴蝶刀,崭新出厂,★ StatTrak™,43418,蝴蝶刀（★ StatTrak™） | 渐变大理石,91,14086.5,14368.71,1.02,2024-06-17
蝴蝶刀,崭新出厂,★,42579,蝴蝶刀（★） | 屠夫,120,13248.5,13513.95,1.02,2024-06-17
蝴蝶刀,略有磨损,★ StatTrak™,872518,蝴蝶刀（★ StatTrak™） | 传说,45,13099.5,12597.02,0.96,2024-06-17
蝴蝶刀,崭新出厂,★ StatTrak™,44009,蝴蝶刀（★ StatTrak™） | 表面淬火,5,12999.5,13260.03,1.02,2024-06-17
蝴蝶刀,崭新出厂,★ StatTrak™,43429,蝴蝶刀（★ StatTrak™） | 屠夫,17,12599.5,12852.02,1.02,2024-06-17
蝴蝶刀,无涂装,★,42530,蝴蝶刀（★）,459,12519.5,12760.18,1.02,2024-06-17
蝴蝶刀,略有磨损,★,42548,蝴蝶刀（★） | 深红之网,225,11329.5,11423.99,1.01,2024-06-17
蝴蝶刀,略有磨损,★ StatTrak™,43404,蝴蝶刀（★ StatTrak™） | 深红之网,37,11259,11484.71,1.02,2024-06-17
蝴蝶刀,略有磨损,★,871951,蝴蝶刀（★） | 自动化,176,11249,11474.48,1.02,2024-06-17
蝴蝶刀,崭新出厂,★,42587,蝴蝶刀（★） | 虎牙,408,11239.5,11321.99,1.01,2024-06-17
蝴蝶刀,无涂装,★ StatTrak™,43389,蝴蝶刀（★ StatTrak™）,59,11098.49,10618.2,0.96,2024-06-17
蝴蝶刀,略有磨损,★,42588,蝴蝶刀（★） | 虎牙,33,10949.5,11168.98,1.02,2024-06-17
蝴蝶刀,略有磨损,★,42581,蝴蝶刀（★） | 屠夫,147,10898.5,10964.98,1.01,2024-06-17
蝴蝶刀,崭新出厂,★ StatTrak™,43435,蝴蝶刀（★ StatTrak™） | 虎牙,67,10799.5,10913.98,1.01,2024-06-17
蝴蝶刀,崭新出厂,★,42542,蝴蝶刀（★） | 表面淬火,34,10594,10806.39,1.02,2024-06-17
蝴蝶刀,略有磨损,★ StatTrak™,45124,蝴蝶刀（★ StatTrak™） | 虎牙,3,10587.5,10200.03,0.96,2024-06-17
蝴蝶刀,崭新出厂,★,45197,蝴蝶刀（★） | 噩梦之夜,7,10349.5,10200.03,0.99,2024-06-17
蝴蝶刀,略有磨损,★ StatTrak™,43431,蝴蝶刀（★ StatTrak™） | 屠夫,19,10279.5,10464.18,1.02,2024-06-17
蝴蝶刀,略有磨损,★ StatTrak™,872059,蝴蝶刀（★ StatTrak™） | 自动化,41,10189,10342.81,1.02,2024-06-17
蝴蝶刀,久经沙场,★,42580,蝴蝶刀（★） | 屠夫,38,9648.5,9842.01,1.02,2024-06-17
蝴蝶刀,久经沙场,★ StatTrak™,43430,蝴蝶刀（★ StatTrak™） | 屠夫,9,9499.5,8680.22,0.91,2024-06-17
蝴蝶刀,崭新出厂,★,42532,蝴蝶刀（★） | 蓝钢,28,9439.5,9519.68,1.01,2024-06-17
蝴蝶刀,久经沙场,★,871856,蝴蝶刀（★） | 自动化,252,9089.5,9098.39,1.0,2024-06-17
蝴蝶刀,久经沙场,★,872004,蝴蝶刀（★） | 传说,232,8699,8873.49,1.02,2024-06-17
蝴蝶刀,崭新出厂,★,871934,蝴蝶刀（★） | 黑色层压板,32,8687.5,8861.74,1.02,2024-06-17
蝴蝶刀,崭新出厂,★ StatTrak™,888022,蝴蝶刀（★ StatTrak™） | 黑色层压板,5,8499.5,8333.37,0.98,2024-06-17
蝴蝶刀,破损不堪,★,872047,蝴蝶刀（★） | 自动化,25,8298.5,8464.97,1.02,2024-06-17
蝴蝶刀,久经沙场,★ StatTrak™,871977,蝴蝶刀（★ StatTrak™） | 自动化,51,8249.5,8312.99,1.01,2024-06-17
蝴蝶刀,破损不堪,★ StatTrak™,873110,蝴蝶刀（★ StatTrak™） | 自动化,5,8049.4,8045.79,1.0,2024-06-17
蝴蝶刀,崭新出厂,★ StatTrak™,755736,蝴蝶刀（★ StatTrak™） | 人工染色,2,7999.5,7038.03,0.88,2024-06-17
蝴蝶刀,略有磨损,★ StatTrak™,43400,蝴蝶刀（★ StatTrak™） | 表面淬火,20,7999,8159.47,1.02,2024-06-17
蝴蝶刀,崭新出厂,★ StatTrak™,43407,蝴蝶刀（★ StatTrak™） | 大马士革钢,23,7987.5,8129.37,1.02,2024-06-17
蝴蝶刀,久经沙场,★ StatTrak™,872105,蝴蝶刀（★ StatTrak™） | 传说,48,7887,7772.43,0.99,2024-06-17
蝴蝶刀,崭新出厂,★,42551,蝴蝶刀（★） | 大马士革钢,106,7688.38,7535.78,0.98,2024-06-17
蝴蝶刀,略有磨损,★,42534,蝴蝶刀（★） | 蓝钢,80,7578.38,7730.42,1.02,2024-06-17
蝴蝶刀,略有磨损,★,42544,蝴蝶刀（★） | 表面淬火,216,7545,7696.4,1.02,2024-06-17
蝴蝶刀,略有磨损,★ StatTrak™,43438,蝴蝶刀（★ StatTrak™） | 致命紫罗兰,21,7499.5,7068.57,0.94,2024-06-17
蝴蝶刀,略有磨损,★,42591,蝴蝶刀（★） | 致命紫罗兰,137,7298.5,7242.03,0.99,2024-06-17
蝴蝶刀,略有磨损,★,871903,蝴蝶刀（★） | 黑色层压板,90,7288.3,7394.96,1.01,2024-06-17
蝴蝶刀,崭新出厂,★ StatTrak™,872095,蝴蝶刀（★ StatTrak™） | 自由之手,38,7199.5,7476.58,1.04,2024-06-17
蝴蝶刀,略有磨损,★ StatTrak™,43393,蝴蝶刀（★ StatTrak™） | 蓝钢,10,7179.5,7323.58,1.02,2024-06-17
蝴蝶刀,崭新出厂,★,871931,蝴蝶刀（★） | 自由之手,167,7154.5,7261.69,1.01,2024-06-17
蝴蝶刀,久经沙场,★,42533,蝴蝶刀（★） | 蓝钢,89,7148.5,7261.4,1.02,2024-06-17
蝴蝶刀,略有磨损,★,42553,蝴蝶刀（★） | 大马士革钢,99,7129.5,7272.57,1.02,2024-06-17
蝴蝶刀,崭新出厂,★,871992,蝴蝶刀（★） | 澄澈之水,126,6999,7097.15,1.01,2024-06-17
蝴蝶刀,崭新出厂,★,42583,蝴蝶刀（★） | 人工染色,29,6999,7139.01,1.02,2024-06-17
蝴蝶刀,久经沙场,★,871765,蝴蝶刀（★） | 黑色层压板,112,6979.5,7136.91,1.02,2024-06-17
蝴蝶刀,战痕累累,★,871935,蝴蝶刀（★） | 自动化,76,6945.5,6813.64,0.98,2024-06-17
蝴蝶刀,略有磨损,★ StatTrak™,43409,蝴蝶刀（★ StatTrak™） | 大马士革钢,28,6939,7025.77,1.01,2024-06-17
蝴蝶刀,战痕累累,★ StatTrak™,872103,蝴蝶刀（★ StatTrak™） | 自动化,20,6899,6834.02,0.99,2024-06-17
蝴蝶刀,久经沙场,★ StatTrak™,43399,蝴蝶刀（★ StatTrak™） | 表面淬火,27,6889.5,6799.34,0.99,2024-06-17
蝴蝶刀,崭新出厂,★ StatTrak™,871990,蝴蝶刀（★ StatTrak™） | 澄澈之水,40,6872.5,7010.46,1.02,2024-06-17
蝴蝶刀,略有磨损,★ StatTrak™,872102,蝴蝶刀（★ StatTrak™） | 黑色层压板,28,6799.5,6933.99,1.02,2024-06-17
蝴蝶刀,久经沙场,★ StatTrak™,43392,蝴蝶刀（★ StatTrak™） | 蓝钢,16,6729,6864.06,1.02,2024-06-17
蝴蝶刀,略有磨损,★,871874,蝴蝶刀（★） | 自由之手,155,6718.5,6853.9,1.02,2024-06-17
蝴蝶刀,战痕累累,★,42589,蝴蝶刀（★） | 致命紫罗兰,66,4539.5,8260.08,1.82,2024-06-20
蝴蝶刀,战痕累累,★,42565,蝴蝶刀（★） | 噩梦之夜,62,4499.5,7717.88,1.72,2024-06-20
蝴蝶刀,战痕累累,★ StatTrak™,43420,蝴蝶刀（★ StatTrak™） | 噩梦之夜,12,4499,4617.09,1.03,2024-06-20
蝴蝶刀,略有磨损,★,42561,蝴蝶刀（★） | 森林 DDPAT,48,4488.5,7348.26,1.64,2024-06-20
蝴蝶刀,破损不堪,★ StatTrak™,44647,蝴蝶刀（★ StatTrak™） | 枯焦之色,2,4399.5,7405.23,1.68,2024-06-20
蝴蝶刀,久经沙场,★,42538,蝴蝶刀（★） | 北方森林,160,4229.5,6182.72,1.46,2024-06-20
蝴蝶刀,略有磨损,★ StatTrak™,43426,蝴蝶刀（★ StatTrak™） | 狩猎网格,22,4220.5,6937.64,1.64,2024-06-20
蝴蝶刀,久经沙场,★,42576,蝴蝶刀（★） | 枯焦之色,93,4199.5,5842.21,1.39,2024-06-20
蝴蝶刀,久经沙场,★,42560,蝴蝶刀（★） | 森林 DDPAT,117,4197,6158.12,1.47,2024-06-20
蝴蝶刀,久经沙场,★,42594,蝴蝶刀（★） | 都市伪装,150,4189,5802.36,1.39,2024-06-20
蝴蝶刀,略有磨损,★,42573,蝴蝶刀（★） | 狩猎网格,62,4189,6650.46,1.59,2024-06-20
蝴蝶刀,破损不堪,★ StatTrak™,43417,蝴蝶刀（★ StatTrak™） | 森林 DDPAT,5,4185,7108.84,1.7,2024-06-20
蝴蝶刀,久经沙场,★ StatTrak™,43396,蝴蝶刀（★ StatTrak™） | 北方森林,24,4169.5,7620.27,1.83,2024-06-20
蝴蝶刀,久经沙场,★ StatTrak™,43440,蝴蝶刀（★ StatTrak™） | 都市伪装,29,4159.5,7928.71,1.91,2024-06-20
蝴蝶刀,破损不堪,★,42540,蝴蝶刀（★） | 北方森林,25,4138.5,6766.36,1.63,2024-06-20
蝴蝶刀,久经沙场,★ StatTrak™,43415,蝴蝶刀（★ StatTrak™） | 森林 DDPAT,27,4137.5,6723.11,1.62,2024-06-20
蝴蝶刀,破损不堪,★ StatTrak™,645513,蝴蝶刀（★ StatTrak™） | 北方森林,4,4119.5,5995.27,1.46,2024-06-20
蝴蝶刀,战痕累累,★,42593,蝴蝶刀（★） | 都市伪装,59,4099.5,8184.75,2.0,2024-06-20
蝴蝶刀,破损不堪,★ StatTrak™,43442,蝴蝶刀（★ StatTrak™） | 都市伪装,6,4099,6030.9,1.47,2024-06-20
蝴蝶刀,战痕累累,★ StatTrak™,43439,蝴蝶刀（★ StatTrak™） | 都市伪装,18,4098.9,11705.68,2.86,2024-06-20
蝴蝶刀,久经沙场,★,42572,蝴蝶刀（★） | 狩猎网格,75,4074.5,5951.07,1.46,2024-06-20
蝴蝶刀,破损不堪,★,42578,蝴蝶刀（★） | 枯焦之色,30,4069,6023.64,1.48,2024-06-20
蝴蝶刀,破损不堪,★,42596,蝴蝶刀（★） | 都市伪装,33,4066,6236.14,1.53,2024-06-20
蝴蝶刀,战痕累累,★,42575,蝴蝶刀（★） | 枯焦之色,64,4064,6625.86,1.63,2024-06-20
蝴蝶刀,战痕累累,★,42536,蝴蝶刀（★） | 北方森林,50,4059,6479.91,1.6,2024-06-20
蝴蝶刀,战痕累累,★ StatTrak™,44542,蝴蝶刀（★ StatTrak™） | 枯焦之色,15,4049.5,5181.78,1.28,2024-06-20
蝴蝶刀,破损不堪,★,42562,蝴蝶刀（★） | 森林 DDPAT,19,4046.5,5510.69,1.36,2024-06-20
蝴蝶刀,久经沙场,★ StatTrak™,43425,蝴蝶刀（★ StatTrak™） | 狩猎网格,30,4044.5,5842.21,1.44,2024-06-20
蝴蝶刀,久经沙场,★ StatTrak™,43427,蝴蝶刀（★ StatTrak™） | 枯焦之色,33,4038.5,6234.11,1.54,2024-06-20
蝴蝶刀,破损不堪,★ StatTrak™,45474,蝴蝶刀（★ StatTrak™） | 狩猎网格,6,4029.5,11926.45,2.96,2024-06-20
蝴蝶刀,战痕累累,★ StatTrak™,45014,蝴蝶刀（★ StatTrak™） | 北方森林,11,4029.5,5439.13,1.35,2024-06-20
蝴蝶刀,战痕累累,★ StatTrak™,43424,蝴蝶刀（★ StatTrak™） | 狩猎网格,11,4028.5,5842.21,1.45,2024-06-20
蝴蝶刀,破损不堪,★,42574,蝴蝶刀（★） | 狩猎网格,26,4028.5,5231.35,1.3,2024-06-20
蝴蝶刀,战痕累累,★,42571,蝴蝶刀（★） | 狩猎网格,48,4024.5,6168.79,1.53,2024-06-20
蝴蝶刀,战痕累累,★,42558,蝴蝶刀（★） | 森林 DDPAT,51,3999.5,6009.78,1.5,2024-06-20
蝴蝶刀,战痕累累,★ StatTrak™,43414,蝴蝶刀（★ StatTrak™） | 森林 DDPAT,8,3999,6002.23,1.5,2024-06-20
蝴蝶刀,战痕累累,★,42589,蝴蝶刀（★） | 致命紫罗兰,66,4539.5,8260.08,1.82,2024-06-20
蝴蝶刀,战痕累累,★,42565,蝴蝶刀（★） | 噩梦之夜,62,4499.5,7717.88,1.72,2024-06-20
蝴蝶刀,战痕累累,★ StatTrak™,43420,蝴蝶刀（★ StatTrak™） | 噩梦之夜,12,4499,4617.09,1.03,2024-06-20
蝴蝶刀,略有磨损,★,42561,蝴蝶刀（★） | 森林 DDPAT,48,4488.5,7348.26,1.64,2024-06-20
蝴蝶刀,破损不堪,★ StatTrak™,44647,蝴蝶刀（★ StatTrak™） | 枯焦之色,2,4399.5,7405.23,1.68,2024-06-20
蝴蝶刀,久经沙场,★,42538,蝴蝶刀（★） | 北方森林,160,4229.5,6182.72,1.46,2024-06-20
蝴蝶刀,略有磨损,★ StatTrak™,43426,蝴蝶刀（★ StatTrak™） | 狩猎网格,22,4220.5,6937.64,1.64,2024-06-20
蝴蝶刀,久经沙场,★,42576,蝴蝶刀（★） | 枯焦之色,93,4199.5,5842.21,1.39,2024-06-20
蝴蝶刀,久经沙场,★,42560,蝴蝶刀（★） | 森林 DDPAT,117,4197,6158.12,1.47,2024-06-20
蝴蝶刀,久经沙场,★,42594,蝴蝶刀（★） | 都市伪装,150,4189,5802.36,1.39,2024-06-20
蝴蝶刀,略有磨损,★,42573,蝴蝶刀（★） | 狩猎网格,62,4189,6650.46,1.59,2024-06-20
蝴蝶刀,破损不堪,★ StatTrak™,43417,蝴蝶刀（★ StatTrak™） | 森林 DDPAT,5,4185,7108.84,1.7,2024-06-20
蝴蝶刀,久经沙场,★ StatTrak™,43396,蝴蝶刀（★ StatTrak™） | 北方森林,24,4169.5,7620.27,1.83,2024-06-20
蝴蝶刀,久经沙场,★ StatTrak™,43440,蝴蝶刀（★ StatTrak™） | 都市伪装,29,4159.5,7928.71,1.91,2024-06-20
蝴蝶刀,破损不堪,★,42540,蝴蝶刀（★） | 北方森林,25,4138.5,6766.36,1.63,2024-06-20
蝴蝶刀,久经沙场,★ StatTrak™,43415,蝴蝶刀（★ StatTrak™） | 森林 DDPAT,27,4137.5,6723.11,1.62,2024-06-20
蝴蝶刀,破损不堪,★ StatTrak™,645513,蝴蝶刀（★ StatTrak™） | 北方森林,4,4119.5,5995.27,1.46,2024-06-20
蝴蝶刀,战痕累累,★,42593,蝴蝶刀（★） | 都市伪装,59,4099.5,8184.75,2.0,2024-06-20
蝴蝶刀,破损不堪,★ StatTrak™,43442,蝴蝶刀（★ StatTrak™） | 都市伪装,6,4099,6030.9,1.47,2024-06-20
蝴蝶刀,战痕累累,★ StatTrak™,43439,蝴蝶刀（★ StatTrak™） | 都市伪装,18,4098.9,11705.68,2.86,2024-06-20
蝴蝶刀,久经沙场,★,42572,蝴蝶刀（★） | 狩猎网格,75,4074.5,5951.07,1.46,2024-06-20
蝴蝶刀,破损不堪,★,42578,蝴蝶刀（★） | 枯焦之色,30,4069,6023.64,1.48,2024-06-20
蝴蝶刀,破损不堪,★,42596,蝴蝶刀（★） | 都市伪装,33,4066,6236.14,1.53,2024-06-20
蝴蝶刀,战痕累累,★,42575,蝴蝶刀（★） | 枯焦之色,64,4064,6625.86,1.63,2024-06-20
蝴蝶刀,战痕累累,★,42536,蝴蝶刀（★） | 北方森林,50,4059,6479.91,1.6,2024-06-20
蝴蝶刀,战痕累累,★ StatTrak™,44542,蝴蝶刀（★ StatTrak™） | 枯焦之色,15,4049.5,5181.78,1.28,2024-06-20
蝴蝶刀,破损不堪,★,42562,蝴蝶刀（★） | 森林 DDPAT,19,4046.5,5510.69,1.36,2024-06-20
蝴蝶刀,久经沙场,★ StatTrak™,43425,蝴蝶刀（★ StatTrak™） | 狩猎网格,30,4044.5,5842.21,1.44,2024-06-20
蝴蝶刀,久经沙场,★ StatTrak™,43427,蝴蝶刀（★ StatTrak™） | 枯焦之色,33,4038.5,6234.11,1.54,2024-06-20
蝴蝶刀,破损不堪,★ StatTrak™,45474,蝴蝶刀（★ StatTrak™） | 狩猎网格,6,4029.5,11926.45,2.96,2024-06-20
蝴蝶刀,战痕累累,★ StatTrak™,45014,蝴蝶刀（★ StatTrak™） | 北方森林,11,4029.5,5439.13,1.35,2024-06-20
蝴蝶刀,战痕累累,★ StatTrak™,43424,蝴蝶刀（★ StatTrak™） | 狩猎网格,11,4028.5,5842.21,1.45,2024-06-20
蝴蝶刀,破损不堪,★,42574,蝴蝶刀（★） | 狩猎网格,26,4028.5,5231.35,1.3,2024-06-20
蝴蝶刀,战痕累累,★,42571,蝴蝶刀（★） | 狩猎网格,48,4024.5,6168.79,1.53,2024-06-20
蝴蝶刀,战痕累累,★,42558,蝴蝶刀（★） | 森林 DDPAT,51,3999.5,6009.78,1.5,2024-06-20
蝴蝶刀,战痕累累,★ StatTrak™,43414,蝴蝶刀（★ StatTrak™） | 森林 DDPAT,8,3999,6002.23,1.5,2024-06-20
蝴蝶刀,崭新出厂,★ StatTrak™,758867,蝴蝶刀（★ StatTrak™） | 深红之网,1,125987.5,107099.99,0.85,2024-06-20
蝴蝶刀,崭新出厂,★,45456,蝴蝶刀（★） | 深红之网,14,38887.5,39665.76,1.02,2024-06-20
蝴蝶刀,崭新出厂,★,872125,蝴蝶刀（★） | 传说,73,30999.5,31619.98,1.02,2024-06-20
蝴蝶刀,崭新出厂,★ StatTrak™,758105,蝴蝶刀（★ StatTrak™） | 致命紫罗兰,1,29999.5,30600.03,1.02,2024-06-20
蝴蝶刀,崭新出厂,★ StatTrak™,882379,蝴蝶刀（★ StatTrak™） | 传说,8,25988.5,23215.19,0.89,2024-06-20
蝴蝶刀,崭新出厂,★,42556,蝴蝶刀（★） | 渐变之色,874,23334.5,23801.73,1.02,2024-06-20
蝴蝶刀,略有磨损,★ StatTrak™,43413,蝴蝶刀（★ StatTrak™） | 渐变之色,5,21665.5,22099.29,1.02,2024-06-20
蝴蝶刀,略有磨损,★,42557,蝴蝶刀（★） | 渐变之色,39,20949,21367.96,1.02,2024-06-20
蝴蝶刀,崭新出厂,★ StatTrak™,43412,蝴蝶刀（★ StatTrak™） | 渐变之色,110,20699,20502.01,0.99,2024-06-20
蝴蝶刀,略有磨损,★ StatTrak™,755862,蝴蝶刀（★ StatTrak™） | 多普勒,3,19999.5,15045.03,0.75,2024-06-20
蝴蝶刀,略有磨损,★ StatTrak™,872121,蝴蝶刀（★ StatTrak™） | 伽玛多普勒,2,18999.5,17850.01,0.94,2024-06-20
蝴蝶刀,崭新出厂,★,871747,蝴蝶刀（★） | 伽玛多普勒,863,18776.5,19174.49,1.02,2024-06-20
蝴蝶刀,略有磨损,★,872144,蝴蝶刀（★） | 伽玛多普勒,54,18299.5,17136.03,0.94,2024-06-20
蝴蝶刀,略有磨损,★,44001,蝴蝶刀（★） | 多普勒,44,17999.5,18359.99,1.02,2024-06-20
蝴蝶刀,崭新出厂,★ StatTrak™,871916,蝴蝶刀（★ StatTrak™） | 伽玛多普勒,116,17949.5,18358.97,1.02,2024-06-20
蝴蝶刀,崭新出厂,★ StatTrak™,43411,蝴蝶刀（★ StatTrak™） | 多普勒,86,17281.5,17627.64,1.02,2024-06-20
蝴蝶刀,崭新出厂,★,42555,蝴蝶刀（★） | 多普勒,765,16498.5,16828.97,1.02,2024-06-20
蝴蝶刀,崭新出厂,★,45601,蝴蝶刀（★） | 致命紫罗兰,6,15169.5,15402.02,1.02,2024-06-20
蝴蝶刀,崭新出厂,★ StatTrak™,872576,蝴蝶刀（★ StatTrak™） | 自动化,5,15098.5,15401.0,1.02,2024-06-20
蝴蝶刀,崭新出厂,★,871988,蝴蝶刀（★） | 自动化,40,15098.5,15045.03,1.0,2024-06-20
蝴蝶刀,略有磨损,★ StatTrak™,43419,蝴蝶刀（★ StatTrak™） | 渐变大理石,10,14665.5,13973.98,0.95,2024-06-20
蝴蝶刀,崭新出厂,★,42563,蝴蝶刀（★） | 渐变大理石,887,14299.5,14642.09,1.02,2024-06-20
蝴蝶刀,略有磨损,★,871909,蝴蝶刀（★） | 传说,274,14299,14534.98,1.02,2024-06-20
蝴蝶刀,崭新出厂,★ StatTrak™,43418,蝴蝶刀（★ StatTrak™） | 渐变大理石,90,14065.5,14347.3,1.02,2024-06-20
蝴蝶刀,略有磨损,★,42564,蝴蝶刀（★） | 渐变大理石,46,13965.66,13474.23,0.96,2024-06-20
蝴蝶刀,略有磨损,★ StatTrak™,872518,蝴蝶刀（★ StatTrak™） | 传说,47,13238.5,12750.02,0.96,2024-06-20
蝴蝶刀,崭新出厂,★ StatTrak™,44009,蝴蝶刀（★ StatTrak™） | 表面淬火,5,12999.5,11831.01,0.91,2024-06-20
蝴蝶刀,崭新出厂,★,42579,蝴蝶刀（★） | 屠夫,146,12829.5,12647.98,0.99,2024-06-20
蝴蝶刀,崭新出厂,★ StatTrak™,43429,蝴蝶刀（★ StatTrak™） | 屠夫,17,12699.5,12954.02,1.02,2024-06-20
蝴蝶刀,无涂装,★,42530,蝴蝶刀（★）,456,12499.5,12683.69,1.01,2024-06-20
蝴蝶刀,略有磨损,★,42548,蝴蝶刀（★） | 深红之网,222,11296,11423.0,1.01,2024-06-20
蝴蝶刀,略有磨损,★ StatTrak™,43404,蝴蝶刀（★ StatTrak™） | 深红之网,36,11249,11474.46,1.02,2024-06-20
蝴蝶刀,略有磨损,★,871951,蝴蝶刀（★） | 自动化,183,11179.5,11373.0,1.02,2024-06-20
蝴蝶刀,崭新出厂,★,42587,蝴蝶刀（★） | 虎牙,426,11099.49,11117.97,1.0,2024-06-20
蝴蝶刀,略有磨损,★ StatTrak™,43431,蝴蝶刀（★ StatTrak™） | 屠夫,16,10999.5,10485.56,0.95,2024-06-20
蝴蝶刀,无涂装,★ StatTrak™,43389,蝴蝶刀（★ StatTrak™）,63,10999,10863.02,0.99,2024-06-20
蝴蝶刀,略有磨损,★,42588,蝴蝶刀（★） | 虎牙,35,10787,10710.04,0.99,2024-06-20
蝴蝶刀,略有磨损,★ StatTrak™,45124,蝴蝶刀（★ StatTrak™） | 虎牙,3,10749.5,10199.99,0.95,2024-06-20
蝴蝶刀,略有磨损,★,42581,蝴蝶刀（★） | 屠夫,157,10699.5,10901.78,1.02,2024-06-20
蝴蝶刀,崭新出厂,★ StatTrak™,43435,蝴蝶刀（★ StatTrak™） | 虎牙,64,10499.5,10710.04,1.02,2024-06-20
蝴蝶刀,崭新出厂,★,42542,蝴蝶刀（★） | 表面淬火,33,10397.5,10198.97,0.98,2024-06-20
蝴蝶刀,略有磨损,★ StatTrak™,872059,蝴蝶刀（★ StatTrak™） | 自动化,48,10179.5,9741.03,0.96,2024-06-20
蝴蝶刀,崭新出厂,★ StatTrak™,43391,蝴蝶刀（★ StatTrak™） | 蓝钢,2,9999.5,9065.73,0.91,2024-06-20
蝴蝶刀,崭新出厂,★,45197,蝴蝶刀（★） | 噩梦之夜,7,9887.5,10085.75,1.02,2024-06-20
蝴蝶刀,久经沙场,★,42580,蝴蝶刀（★） | 屠夫,44,9499.5,9690.01,1.02,2024-06-20
蝴蝶刀,崭新出厂,★,42532,蝴蝶刀（★） | 蓝钢,27,9449.5,9585.94,1.01,2024-06-20
蝴蝶刀,久经沙场,★ StatTrak™,43430,蝴蝶刀（★ StatTrak™） | 屠夫,10,9249.5,9434.98,1.02,2024-06-20
蝴蝶刀,久经沙场,★,871856,蝴蝶刀（★） | 自动化,248,8999.5,8976.02,1.0,2024-06-20
蝴蝶刀,崭新出厂,★,871934,蝴蝶刀（★） | 黑色层压板,33,8879.5,8527.23,0.96,2024-06-20
蝴蝶刀,久经沙场,★,872004,蝴蝶刀（★） | 传说,243,8809.5,8608.8,0.98,2024-06-20
蝴蝶刀,崭新出厂,★ StatTrak™,888022,蝴蝶刀（★ StatTrak™） | 黑色层压板,4,8399.5,8250.65,0.98,2024-06-20
蝴蝶刀,破损不堪,★,872047,蝴蝶刀（★） | 自动化,24,8349.5,8464.96,1.01,2024-06-20
蝴蝶刀,久经沙场,★ StatTrak™,872105,蝴蝶刀（★ StatTrak™） | 传说,46,8297.5,7996.78,0.96,2024-06-20
蝴蝶刀,破损不堪,★ StatTrak™,873110,蝴蝶刀（★ StatTrak™） | 自动化,5,8049.4,8045.77,1.0,2024-06-20
蝴蝶刀,崭新出厂,★ StatTrak™,755736,蝴蝶刀（★ StatTrak™） | 人工染色,2,7999.5,7038.01,0.88,2024-06-20
蝴蝶刀,略有磨损,★ StatTrak™,43400,蝴蝶刀（★ StatTrak™） | 表面淬火,20,7999,8159.49,1.02,2024-06-20
蝴蝶刀,久经沙场,★ StatTrak™,871977,蝴蝶刀（★ StatTrak™） | 自动化,57,7996.5,8156.95,1.02,2024-06-20
蝴蝶刀,崭新出厂,★ StatTrak™,43407,蝴蝶刀（★ StatTrak™） | 大马士革钢,23,7899,8057.46,1.02,2024-06-20
蝴蝶刀,崭新出厂,★,42551,蝴蝶刀（★） | 大马士革钢,105,7659.5,7813.17,1.02,2024-06-20
蝴蝶刀,略有磨损,★,42534,蝴蝶刀（★） | 蓝钢,104,7447.5,7596.97,1.02,2024-06-20
蝴蝶刀,略有磨损,★,42544,蝴蝶刀（★） | 表面淬火,222,7442.98,7592.84,1.02,2024-06-20
蝴蝶刀,略有磨损,★,42591,蝴蝶刀（★） | 致命紫罗兰,134,7399.5,7547.99,1.02,2024-06-20
蝴蝶刀,略有磨损,★ StatTrak™,43438,蝴蝶刀（★ StatTrak™） | 致命紫罗兰,18,7349.5,7496.97,1.02,2024-06-20
蝴蝶刀,崭新出厂,★ StatTrak™,872095,蝴蝶刀（★ StatTrak™） | 自由之手,35,7198.5,7342.96,1.02,2024-06-20
蝴蝶刀,略有磨损,★,871903,蝴蝶刀（★） | 黑色层压板,97,7187.5,7364.37,1.02,2024-06-20
蝴蝶刀,略有磨损,★ StatTrak™,43393,蝴蝶刀（★ StatTrak™） | 蓝钢,10,7168.5,7109.42,0.99,2024-06-20
蝴蝶刀,久经沙场,★,42533,蝴蝶刀（★） | 蓝钢,97,7149.5,7293.03,1.02,2024-06-20
蝴蝶刀,崭新出厂,★,871931,蝴蝶刀（★） | 自由之手,184,7119.5,7262.41,1.02,2024-06-20
蝴蝶刀,略有磨损,★,42553,蝴蝶刀（★） | 大马士革钢,93,7119.5,7272.57,1.02,2024-06-20
蝴蝶刀,崭新出厂,★,42583,蝴蝶刀（★） | 人工染色,28,6999,7089.54,1.01,2024-06-20
蝴蝶刀,战痕累累,★,871935,蝴蝶刀（★） | 自动化,62,6949.5,7089.03,1.02,2024-06-20
蝴蝶刀,久经沙场,★,871765,蝴蝶刀（★） | 黑色层压板,111,6949.5,7089.03,1.02,2024-06-20
蝴蝶刀,略有磨损,★ StatTrak™,43409,蝴蝶刀（★ StatTrak™） | 大马士革钢,27,6949.5,6986.99,1.01,2024-06-20
蝴蝶刀,战痕累累,★ StatTrak™,872103,蝴蝶刀（★ StatTrak™） | 自动化,21,6899,7037.5,1.02,2024-06-20
蝴蝶刀,崭新出厂,★,871992,蝴蝶刀（★） | 澄澈之水,127,6885.5,7023.71,1.02,2024-06-20
蝴蝶刀,久经沙场,★ StatTrak™,43399,蝴蝶刀（★ StatTrak™） | 表面淬火,27,6849.5,6986.99,1.02,2024-06-20
蝴蝶刀,略有磨损,★ StatTrak™,872102,蝴蝶刀（★ StatTrak™） | 黑色层压板,29,6749.5,6885.02,1.02,2024-06-20
蝴蝶刀,破损不堪,★,42535,蝴蝶刀（★） | 蓝钢,122,6729.5,6864.63,1.02,2024-06-20
蝴蝶刀,略有磨损,★ StatTrak™,872043,蝴蝶刀（★ StatTrak™） | 自由之手,31,6719.5,6782.98,1.01,2024-06-20
蝴蝶刀,战痕累累,★,42531,蝴蝶刀（★） | 蓝钢,114,6709.5,6844.24,1.02,2024-06-20
蝴蝶刀,略有磨损,★,871874,蝴蝶刀（★） | 自由之手,151,6699.5,6834.0,1.02,2024-06-20
蝴蝶刀,崭新出厂,★,755670,蝴蝶刀（★） | 都市伪装,7,6699.49,6515.77,0.97,2024-06-20
蝴蝶刀,久经沙场,★,42552,蝴蝶刀（★） | 大马士革钢,103,6689.5,6609.6,0.99,2024-06-20
蝴蝶刀,破损不堪,★,872010,蝴蝶刀（★） | 传说,130,6669.5,6803.38,1.02,2024-06-20
蝴蝶刀,战痕累累,★ StatTrak™,43390,蝴蝶刀（★ StatTrak™） | 蓝钢,16,6647,6630.0,1.0,2024-06-20
蝴蝶刀,久经沙场,★,42547,蝴蝶刀（★） | 深红之网,428,6634,6767.16,1.02,2024-06-20
蝴蝶刀,破损不堪,★ StatTrak™,872472,蝴蝶刀（★ StatTrak™） | 传说,25,6599.5,6681.02,1.01,2024-06-20
蝴蝶刀,久经沙场,★ StatTrak™,43392,蝴蝶刀（★ StatTrak™） | 蓝钢,20,6599.5,6731.96,1.02,2024-06-20
蝴蝶刀,破损不堪,★ StatTrak™,43394,蝴蝶刀（★ StatTrak™） | 蓝钢,18,6579.5,6477.01,0.98,2024-06-20
蝴蝶刀,久经沙场,★,42543,蝴蝶刀（★） | 表面淬火,288,6499.5,6630.0,1.02,2024-06-20
蝴蝶刀,久经沙场,★ StatTrak™,43403,蝴蝶刀（★ StatTrak™） | 深红之网,65,6498,6334.19,0.97,2024-06-20
蝴蝶刀,崭新出厂,★ StatTrak™,871990,蝴蝶刀（★ StatTrak™） | 澄澈之水,45,6430.5,6572.88,1.02,2024-06-20
蝴蝶刀,久经沙场,★ StatTrak™,872054,蝴蝶刀（★ StatTrak™） | 黑色层压板,31,6379.5,6507.57,1.02,2024-06-20
蝴蝶刀,战痕累累,★,871838,蝴蝶刀（★） | 黑色层压板,80,6365.5,6507.57,1.02,2024-06-20
蝴蝶刀,崭新出厂,★,42537,蝴蝶刀（★） | 北方森林,7,6348,6475.49,1.02,2024-06-20
蝴蝶刀,略有磨损,★,871917,蝴蝶刀（★） | 澄澈之水,118,6332.5,6436.23,1.02,2024-06-20
蝴蝶刀,破损不堪,★,871868,蝴蝶刀（★） | 黑色层压板,65,6319.5,6446.39,1.02,2024-06-20
蝴蝶刀,略有磨损,★ StatTrak™,872117,蝴蝶刀（★ StatTrak™） | 澄澈之水,24,6299,6425.48,1.02,2024-06-20
蝴蝶刀,略有磨损,★ StatTrak™,43422,蝴蝶刀（★ StatTrak™） | 噩梦之夜,14,6298.5,6289.34,1.0,2024-06-20
蝴蝶刀,战痕累累,★ StatTrak™,43406,蝴蝶刀（★ StatTrak™） | 大马士革钢,7,6298.5,6221.99,0.99,2024-06-20
蝴蝶刀,略有磨损,★,42567,蝴蝶刀（★） | 噩梦之夜,89,6264.5,6242.38,1.0,2024-06-20
蝴蝶刀,久经沙场,★ StatTrak™,43408,蝴蝶刀（★ StatTrak™） | 大马士革钢,24,6229.5,6354.58,1.02,2024-06-20
蝴蝶刀,崭新出厂,★,42559,蝴蝶刀（★） | 森林 DDPAT,5,6199,5912.89,0.95,2024-06-20
蝴蝶刀,破损不堪,★ StatTrak™,872178,蝴蝶刀（★ StatTrak™） | 黑色层压板,24,6189,6017.98,0.97,2024-06-20
蝴蝶刀,战痕累累,★,42550,蝴蝶刀（★） | 大马士革钢,24,6154.5,6278.09,1.02,2024-06-20
蝴蝶刀,崭新出厂,★,755657,蝴蝶刀（★） | 枯焦之色,6,6099.5,6120.02,1.0,2024-06-20
蝴蝶刀,破损不堪,★ StatTrak™,43410,蝴蝶刀（★ StatTrak™） | 大马士革钢,4,6099.5,5865.0,0.96,2024-06-20
蝴蝶刀,破损不堪,★,42554,蝴蝶刀（★） | 大马士革钢,17,6099.5,6221.99,1.02,2024-06-20
蝴蝶刀,久经沙场,★,871888,蝴蝶刀（★） | 自由之手,167,6097.5,6219.95,1.02,2024-06-20
蝴蝶刀,略有磨损,★ StatTrak™,43433,蝴蝶刀（★ StatTrak™） | 人工染色,10,6048.5,6139.4,1.02,2024-06-20
蝴蝶刀,久经沙场,★ StatTrak™,872098,蝴蝶刀（★ StatTrak™） | 自由之手,33,6024.5,6149.56,1.02,2024-06-20
蝴蝶刀,略有磨损,★,42585,蝴蝶刀（★） | 人工染色,83,6019,6130.18,1.02,2024-06-20
蝴蝶刀,破损不堪,★ StatTrak™,43401,蝴蝶刀（★ StatTrak™） | 表面淬火,18,5999.5,6120.02,1.02,2024-06-20
蝴蝶刀,战痕累累,★ StatTrak™,871900,蝴蝶刀（★ StatTrak™） | 黑色层压板,34,5997.5,6122.42,1.02,2024-06-20
蝴蝶刀,破损不堪,★,42549,蝴蝶刀（★） | 深红之网,37,5959.5,9052.23,1.52,2024-06-20
蝴蝶刀,破损不堪,★ StatTrak™,43405,蝴蝶刀（★ StatTrak™） | 深红之网,12,5949.5,6026.47,1.01,2024-06-20
蝴蝶刀,破损不堪,★,42545,蝴蝶刀（★） | 表面淬火,139,5944.5,8821.44,1.48,2024-06-20
蝴蝶刀,久经沙场,★,872000,蝴蝶刀（★） | 澄澈之水,162,5797.5,9289.4,1.6,2024-06-20
蝴蝶刀,破损不堪,★ StatTrak™,873071,蝴蝶刀（★ StatTrak™） | 自由之手,7,5749.5,6533.76,1.14,2024-06-20
蝴蝶刀,战痕累累,★,871914,蝴蝶刀（★） | 传说,108,5699,8996.13,1.58,2024-06-20
蝴蝶刀,战痕累累,★ StatTrak™,43398,蝴蝶刀（★ StatTrak™） | 表面淬火,9,5649.5,8273.44,1.46,2024-06-20
蝴蝶刀,久经沙场,★,42590,蝴蝶刀（★） | 致命紫罗兰,249,5608,7784.5,1.39,2024-06-20
蝴蝶刀,战痕累累,★ StatTrak™,871989,蝴蝶刀（★ StatTrak™） | 传说,18,5598.5,8603.94,1.54,2024-06-20
蝴蝶刀,久经沙场,★ StatTrak™,43432,蝴蝶刀（★ StatTrak™） | 人工染色,16,5596.5,7983.14,1.43,2024-06-20
蝴蝶刀,久经沙场,★,42584,蝴蝶刀（★） | 人工染色,101,5594.5,7810.27,1.4,2024-06-20
蝴蝶刀,久经沙场,★ StatTrak™,872179,蝴蝶刀（★ StatTrak™） | 澄澈之水,44,5548.5,8194.19,1.48,2024-06-20
蝴蝶刀,久经沙场,★ StatTrak™,43437,蝴蝶刀（★ StatTrak™） | 致命紫罗兰,53,5434.3,8808.38,1.62,2024-06-20
蝴蝶刀,战痕累累,★,42541,蝴蝶刀（★） | 表面淬火,102,5399.5,7826.53,1.45,2024-06-20
蝴蝶刀,破损不堪,★ StatTrak™,872137,蝴蝶刀（★ StatTrak™） | 澄澈之水,6,5398.5,9071.75,1.68,2024-06-20
蝴蝶刀,崭新出厂,★,45548,蝴蝶刀（★） | 狩猎网格,5,5387.5,8881.1,1.65,2024-06-20
蝴蝶刀,破损不堪,★,872055,蝴蝶刀（★） | 自由之手,38,5369,10886.1,2.03,2024-06-20
蝴蝶刀,战痕累累,★,872038,蝴蝶刀（★） | 自由之手,16,5299.5,11809.75,2.23,2024-06-20
蝴蝶刀,战痕累累,★ StatTrak™,872835,蝴蝶刀（★ StatTrak™） | 自由之手,4,5298.5,13917.52,2.63,2024-06-20
蝴蝶刀,破损不堪,★,871925,蝴蝶刀（★） | 澄澈之水,28,5199.5,8966.08,1.72,2024-06-20
蝴蝶刀,战痕累累,★,42546,蝴蝶刀（★） | 深红之网,109,5199.5,7397.47,1.42,2024-06-20
蝴蝶刀,战痕累累,★ StatTrak™,43402,蝴蝶刀（★ StatTrak™） | 深红之网,21,5184.49,10688.19,2.06,2024-06-20
蝴蝶刀,久经沙场,★,42566,蝴蝶刀（★） | 噩梦之夜,181,5163.5,7405.23,1.43,2024-06-20
蝴蝶刀,战痕累累,★ StatTrak™,872533,蝴蝶刀（★ StatTrak™） | 澄澈之水,4,5149.5,7521.5,1.46,2024-06-20
蝴蝶刀,破损不堪,★,42592,蝴蝶刀（★） | 致命紫罗兰,41,5149.5,9186.05,1.78,2024-06-20
蝴蝶刀,破损不堪,★,42570,蝴蝶刀（★） | 外表生锈,22,5149.5,6951.5,1.35,2024-06-20
蝴蝶刀,久经沙场,★ StatTrak™,43421,蝴蝶刀（★ StatTrak™） | 噩梦之夜,40,5149.49,8257.25,1.6,2024-06-20
蝴蝶刀,破损不堪,★ StatTrak™,43434,蝴蝶刀（★ StatTrak™） | 人工染色,9,5124.5,9434.62,1.84,2024-06-20
蝴蝶刀,破损不堪,★,42586,蝴蝶刀（★） | 人工染色,64,5124,8012.17,1.56,2024-06-20
蝴蝶刀,战痕累累,★,871847,蝴蝶刀（★） | 澄澈之水,22,5089.5,11510.45,2.26,2024-06-20
蝴蝶刀,战痕累累,★,42569,蝴蝶刀（★） | 外表生锈,282,5079.5,7218.06,1.42,2024-06-20
蝴蝶刀,破损不堪,★ StatTrak™,757432,蝴蝶刀（★ StatTrak™） | 外表生锈,5,5019.5,5172.86,1.03,2024-06-20
蝴蝶刀,破损不堪,★ StatTrak™,755721,蝴蝶刀（★ StatTrak™） | 致命紫罗兰,10,4999.5,7922.61,1.58,2024-06-20
蝴蝶刀,战痕累累,★ StatTrak™,43971,蝴蝶刀（★ StatTrak™） | 人工染色,9,4948.5,9400.73,1.9,2024-06-20
蝴蝶刀,战痕累累,★ StatTrak™,43423,蝴蝶刀（★ StatTrak™） | 外表生锈,59,4939,7795.17,1.58,2024-06-20
蝴蝶刀,战痕累累,★,42582,蝴蝶刀（★） | 人工染色,53,4869.5,7864.12,1.61,2024-06-20
蝴蝶刀,略有磨损,★ StatTrak™,43441,蝴蝶刀（★ StatTrak™） | 都市伪装,18,4840.99,6555.39,1.35,2024-06-20
蝴蝶刀,破损不堪,★,42568,蝴蝶刀（★） | 噩梦之夜,21,4839.5,7710.62,1.59,2024-06-20
蝴蝶刀,破损不堪,★ StatTrak™,44055,蝴蝶刀（★ StatTrak™） | 噩梦之夜,6,4819.5,8413.58,1.75,2024-06-20
蝴蝶刀,略有磨损,★ StatTrak™,43397,蝴蝶刀（★ StatTrak™） | 北方森林,21,4799,8346.01,1.74,2024-06-20
蝴蝶刀,略有磨损,★,42539,蝴蝶刀（★） | 北方森林,84,4719.5,7983.14,1.69,2024-06-20
蝴蝶刀,略有磨损,★,42595,蝴蝶刀（★） | 都市伪装,98,4668.5,6739.51,1.44,2024-06-20
蝴蝶刀,略有磨损,★ StatTrak™,43428,蝴蝶刀（★ StatTrak™） | 枯焦之色,4,4649.5,10160.21,2.19,2024-06-20
蝴蝶刀,略有磨损,★,42577,蝴蝶刀（★） | 枯焦之色,48,4619,11491.8,2.49,2024-06-20
蝴蝶刀,战痕累累,★ StatTrak™,43436,蝴蝶刀（★ StatTrak™） | 致命紫罗兰,15,4599.5,6260.38,1.36,2024-06-20
蝴蝶刀,略有磨损,★ StatTrak™,43416,蝴蝶刀（★ StatTrak™） | 森林 DDPAT,13,4579.5,8964.2,1.96,2024-06-20
蝴蝶刀,战痕累累,★,42589,蝴蝶刀（★） | 致命紫罗兰,66,4539.5,8260.08,1.82,2024-06-20
蝴蝶刀,战痕累累,★,42565,蝴蝶刀（★） | 噩梦之夜,62,4499.5,7717.88,1.72,2024-06-20
蝴蝶刀,战痕累累,★ StatTrak™,43420,蝴蝶刀（★ StatTrak™） | 噩梦之夜,12,4499,4617.09,1.03,2024-06-20
蝴蝶刀,略有磨损,★,42561,蝴蝶刀（★） | 森林 DDPAT,48,4488.5,7348.26,1.64,2024-06-20
蝴蝶刀,破损不堪,★ StatTrak™,44647,蝴蝶刀（★ StatTrak™） | 枯焦之色,2,4399.5,7405.23,1.68,2024-06-20
蝴蝶刀,久经沙场,★,42538,蝴蝶刀（★） | 北方森林,160,4229.5,6182.72,1.46,2024-06-20
蝴蝶刀,略有磨损,★ StatTrak™,43426,蝴蝶刀（★ StatTrak™） | 狩猎网格,22,4220.5,6937.64,1.64,2024-06-20
蝴蝶刀,久经沙场,★,42576,蝴蝶刀（★） | 枯焦之色,93,4199.5,5842.21,1.39,2024-06-20
蝴蝶刀,久经沙场,★,42560,蝴蝶刀（★） | 森林 DDPAT,117,4197,6158.12,1.47,2024-06-20
蝴蝶刀,久经沙场,★,42594,蝴蝶刀（★） | 都市伪装,150,4189,5802.36,1.39,2024-06-20
蝴蝶刀,略有磨损,★,42573,蝴蝶刀（★） | 狩猎网格,62,4189,6650.46,1.59,2024-06-20
蝴蝶刀,破损不堪,★ StatTrak™,43417,蝴蝶刀（★ StatTrak™） | 森林 DDPAT,5,4185,7108.84,1.7,2024-06-20
蝴蝶刀,久经沙场,★ StatTrak™,43396,蝴蝶刀（★ StatTrak™） | 北方森林,24,4169.5,7620.27,1.83,2024-06-20
蝴蝶刀,久经沙场,★ StatTrak™,43440,蝴蝶刀（★ StatTrak™） | 都市伪装,29,4159.5,7928.71,1.91,2024-06-20
蝴蝶刀,破损不堪,★,42540,蝴蝶刀（★） | 北方森林,25,4138.5,6766.36,1.63,2024-06-20
蝴蝶刀,久经沙场,★ StatTrak™,43415,蝴蝶刀（★ StatTrak™） | 森林 DDPAT,27,4137.5,6723.11,1.62,2024-06-20
蝴蝶刀,破损不堪,★ StatTrak™,645513,蝴蝶刀（★ StatTrak™） | 北方森林,4,4119.5,5995.27,1.46,2024-06-20
蝴蝶刀,战痕累累,★,42593,蝴蝶刀（★） | 都市伪装,59,4099.5,8184.75,2.0,2024-06-20
蝴蝶刀,破损不堪,★ StatTrak™,43442,蝴蝶刀（★ StatTrak™） | 都市伪装,6,4099,6030.9,1.47,2024-06-20
蝴蝶刀,战痕累累,★ StatTrak™,43439,蝴蝶刀（★ StatTrak™） | 都市伪装,18,4098.9,11705.68,2.86,2024-06-20
蝴蝶刀,久经沙场,★,42572,蝴蝶刀（★） | 狩猎网格,75,4074.5,5951.07,1.46,2024-06-20
蝴蝶刀,破损不堪,★,42578,蝴蝶刀（★） | 枯焦之色,30,4069,6023.64,1.48,2024-06-20
蝴蝶刀,破损不堪,★,42596,蝴蝶刀（★） | 都市伪装,33,4066,6236.14,1.53,2024-06-20
蝴蝶刀,战痕累累,★,42575,蝴蝶刀（★） | 枯焦之色,64,4064,6625.86,1.63,2024-06-20
蝴蝶刀,战痕累累,★,42536,蝴蝶刀（★） | 北方森林,50,4059,6479.91,1.6,2024-06-20
蝴蝶刀,战痕累累,★ StatTrak™,44542,蝴蝶刀（★ StatTrak™） | 枯焦之色,15,4049.5,5181.78,1.28,2024-06-20
蝴蝶刀,破损不堪,★,42562,蝴蝶刀（★） | 森林 DDPAT,19,4046.5,5510.69,1.36,2024-06-20
蝴蝶刀,久经沙场,★ StatTrak™,43425,蝴蝶刀（★ StatTrak™） | 狩猎网格,30,4044.5,5842.21,1.44,2024-06-20
蝴蝶刀,久经沙场,★ StatTrak™,43427,蝴蝶刀（★ StatTrak™） | 枯焦之色,33,4038.5,6234.11,1.54,2024-06-20
蝴蝶刀,破损不堪,★ StatTrak™,45474,蝴蝶刀（★ StatTrak™） | 狩猎网格,6,4029.5,11926.45,2.96,2024-06-20
蝴蝶刀,战痕累累,★ StatTrak™,45014,蝴蝶刀（★ StatTrak™） | 北方森林,11,4029.5,5439.13,1.35,2024-06-20
蝴蝶刀,战痕累累,★ StatTrak™,43424,蝴蝶刀（★ StatTrak™） | 狩猎网格,11,4028.5,5842.21,1.45,2024-06-20
蝴蝶刀,破损不堪,★,42574,蝴蝶刀（★） | 狩猎网格,26,4028.5,5231.35,1.3,2024-06-20
蝴蝶刀,战痕累累,★,42571,蝴蝶刀（★） | 狩猎网格,48,4024.5,6168.79,1.53,2024-06-20
蝴蝶刀,战痕累累,★,42558,蝴蝶刀（★） | 森林 DDPAT,51,3999.5,6009.78,1.5,2024-06-20
蝴蝶刀,战痕累累,★ StatTrak™,43414,蝴蝶刀（★ StatTrak™） | 森林 DDPAT,8,3999,6002.23,1.5,2024-06-20
蝴蝶刀,战痕累累,★,42589,蝴蝶刀（★） | 致命紫罗兰,66,4539.5,8260.08,1.82,2024-06-20
蝴蝶刀,战痕累累,★,42565,蝴蝶刀（★） | 噩梦之夜,62,4499.5,7717.88,1.72,2024-06-20
蝴蝶刀,战痕累累,★ StatTrak™,43420,蝴蝶刀（★ StatTrak™） | 噩梦之夜,12,4499,4617.09,1.03,2024-06-20
蝴蝶刀,略有磨损,★,42561,蝴蝶刀（★） | 森林 DDPAT,48,4488.5,7348.26,1.64,2024-06-20
蝴蝶刀,破损不堪,★ StatTrak™,44647,蝴蝶刀（★ StatTrak™） | 枯焦之色,2,4399.5,7405.23,1.68,2024-06-20
蝴蝶刀,久经沙场,★,42538,蝴蝶刀（★） | 北方森林,160,4229.5,6182.72,1.46,2024-06-20
蝴蝶刀,略有磨损,★ StatTrak™,43426,蝴蝶刀（★ StatTrak™） | 狩猎网格,22,4220.5,6937.64,1.64,2024-06-20
蝴蝶刀,久经沙场,★,42576,蝴蝶刀（★） | 枯焦之色,93,4199.5,5842.21,1.39,2024-06-20
蝴蝶刀,久经沙场,★,42560,蝴蝶刀（★） | 森林 DDPAT,117,4197,6158.12,1.47,2024-06-20
蝴蝶刀,久经沙场,★,42594,蝴蝶刀（★） | 都市伪装,150,4189,5802.36,1.39,2024-06-20
蝴蝶刀,略有磨损,★,42573,蝴蝶刀（★） | 狩猎网格,62,4189,6650.46,1.59,2024-06-20
蝴蝶刀,破损不堪,★ StatTrak™,43417,蝴蝶刀（★ StatTrak™） | 森林 DDPAT,5,4185,7108.84,1.7,2024-06-20
蝴蝶刀,久经沙场,★ StatTrak™,43396,蝴蝶刀（★ StatTrak™） | 北方森林,24,4169.5,7620.27,1.83,2024-06-20
蝴蝶刀,久经沙场,★ StatTrak™,43440,蝴蝶刀（★ StatTrak™） | 都市伪装,29,4159.5,7928.71,1.91,2024-06-20
蝴蝶刀,破损不堪,★,42540,蝴蝶刀（★） | 北方森林,25,4138.5,6766.36,1.63,2024-06-20
蝴蝶刀,久经沙场,★ StatTrak™,43415,蝴蝶刀（★ StatTrak™） | 森林 DDPAT,27,4137.5,6723.11,1.62,2024-06-20
蝴蝶刀,破损不堪,★ StatTrak™,645513,蝴蝶刀（★ StatTrak™） | 北方森林,4,4119.5,5995.27,1.46,2024-06-20
蝴蝶刀,战痕累累,★,42593,蝴蝶刀（★） | 都市伪装,59,4099.5,8184.75,2.0,2024-06-20
蝴蝶刀,破损不堪,★ StatTrak™,43442,蝴蝶刀（★ StatTrak™） | 都市伪装,6,4099,6030.9,1.47,2024-06-20
蝴蝶刀,战痕累累,★ StatTrak™,43439,蝴蝶刀（★ StatTrak™） | 都市伪装,18,4098.9,11705.68,2.86,2024-06-20
蝴蝶刀,久经沙场,★,42572,蝴蝶刀（★） | 狩猎网格,75,4074.5,5951.07,1.46,2024-06-20
蝴蝶刀,破损不堪,★,42578,蝴蝶刀（★） | 枯焦之色,30,4069,6023.64,1.48,2024-06-20
蝴蝶刀,破损不堪,★,42596,蝴蝶刀（★） | 都市伪装,33,4066,6236.14,1.53,2024-06-20
蝴蝶刀,战痕累累,★,42575,蝴蝶刀（★） | 枯焦之色,64,4064,6625.86,1.63,2024-06-20
蝴蝶刀,战痕累累,★,42536,蝴蝶刀（★） | 北方森林,50,4059,6479.91,1.6,2024-06-20
蝴蝶刀,战痕累累,★ StatTrak™,44542,蝴蝶刀（★ StatTrak™） | 枯焦之色,15,4049.5,5181.78,1.28,2024-06-20
蝴蝶刀,破损不堪,★,42562,蝴蝶刀（★） | 森林 DDPAT,19,4046.5,5510.69,1.36,2024-06-20
蝴蝶刀,久经沙场,★ StatTrak™,43425,蝴蝶刀（★ StatTrak™） | 狩猎网格,30,4044.5,5842.21,1.44,2024-06-20
蝴蝶刀,久经沙场,★ StatTrak™,43427,蝴蝶刀（★ StatTrak™） | 枯焦之色,33,4038.5,6234.11,1.54,2024-06-20
蝴蝶刀,破损不堪,★ StatTrak™,45474,蝴蝶刀（★ StatTrak™） | 狩猎网格,6,4029.5,11926.45,2.96,2024-06-20
蝴蝶刀,战痕累累,★ StatTrak™,45014,蝴蝶刀（★ StatTrak™） | 北方森林,11,4029.5,5439.13,1.35,2024-06-20
蝴蝶刀,战痕累累,★ StatTrak™,43424,蝴蝶刀（★ StatTrak™） | 狩猎网格,11,4028.5,5842.21,1.45,2024-06-20
蝴蝶刀,破损不堪,★,42574,蝴蝶刀（★） | 狩猎网格,26,4028.5,5231.35,1.3,2024-06-20
蝴蝶刀,战痕累累,★,42571,蝴蝶刀（★） | 狩猎网格,48,4024.5,6168.79,1.53,2024-06-20
蝴蝶刀,战痕累累,★,42558,蝴蝶刀（★） | 森林 DDPAT,51,3999.5,6009.78,1.5,2024-06-20
蝴蝶刀,战痕累累,★ StatTrak™,43414,蝴蝶刀（★ StatTrak™） | 森林 DDPAT,8,3999,6002.23,1.5,2024-06-20
