SCAR-20,崭新出厂,普通,36428,SCAR-20 | 溅射果酱,2,28499.5,7140.03,0.25,2024-06-17
SCAR-20,略有磨损,普通,36391,SCAR-20 | 翡翠色调,4,2499,390.6,0.16,2024-06-17
SCAR-20,破损不堪,普通,776019,SCAR-20 | 黄铜,5,1288.5,1006.39,0.78,2024-06-17
SCAR-20,崭新出厂,普通,775999,SCAR-20 | 黄铜,17,836.5,1414.69,1.69,2024-06-17
SCAR-20,略有磨损,普通,775877,SCAR-20 | 黄铜,6,778.3,1108.17,1.42,2024-06-17
SCAR-20,久经沙场,普通,775665,SCAR-20 | 黄铜,5,769.5,1024.74,1.33,2024-06-17
SCAR-20,战痕累累,普通,775878,SCAR-20 | 黄铜,10,754.97,996.81,1.32,2024-06-17
SCAR-20,崭新出厂,StatTrak™,39464,SCAR-20（StatTrak™） | 次时代,23,683.5,978.89,1.43,2024-06-17
SCAR-20,略有磨损,StatTrak™,39466,SCAR-20（StatTrak™） | 次时代,5,597.8,789.03,1.32,2024-06-17
SCAR-20,久经沙场,StatTrak™,39465,SCAR-20（StatTrak™） | 次时代,13,403.5,500.58,1.24,2024-06-17
SCAR-20,崭新出厂,普通,36386,SCAR-20 | 次时代,64,386.5,507.84,1.31,2024-06-17
SCAR-20,略有磨损,普通,36388,SCAR-20 | 次时代,18,346.8,471.56,1.36,2024-06-17
SCAR-20,崭新出厂,StatTrak™,39454,SCAR-20（StatTrak™） | 心脏打击,16,326,566.16,1.74,2024-06-17
SCAR-20,崭新出厂,普通,36413,SCAR-20 | 棕榈色,4,304.5,377.25,1.24,2024-06-17
SCAR-20,破损不堪,普通,835666,SCAR-20 | 大宪章,13,299.5,258.85,0.86,2024-06-17
SCAR-20,崭新出厂,StatTrak™,39459,SCAR-20（StatTrak™） | 深红之网,10,276.77,443.85,1.6,2024-06-17
SCAR-20,久经沙场,普通,36387,SCAR-20 | 次时代,15,275,349.61,1.27,2024-06-17
SCAR-20,略有磨损,普通,36430,SCAR-20 | 溅射果酱,19,269.4,381.68,1.42,2024-06-17
SCAR-20,战痕累累,普通,835649,SCAR-20 | 大宪章,9,197.5,265.38,1.34,2024-06-17
SCAR-20,略有磨损,普通,835614,SCAR-20 | 大宪章,10,178,229.69,1.29,2024-06-17
SCAR-20,崭新出厂,普通,36390,SCAR-20 | 翡翠色调,107,178,260.45,1.46,2024-06-17
SCAR-20,崭新出厂,普通,835359,SCAR-20 | 大宪章,23,175.97,229.9,1.31,2024-06-17
SCAR-20,久经沙场,普通,835424,SCAR-20 | 大宪章,9,174.5,221.71,1.27,2024-06-17
SCAR-20,破损不堪,普通,36416,SCAR-20 | 棕榈色,3,134.5,147.34,1.1,2024-06-17
SCAR-20,略有磨损,普通,36415,SCAR-20 | 棕榈色,5,128.9,163.74,1.27,2024-06-17
SCAR-20,久经沙场,普通,36414,SCAR-20 | 棕榈色,1,125.25,157.43,1.26,2024-06-17
SCAR-20,破损不堪,纪念品,37974,SCAR-20（纪念品） | 雇佣兵,9,118.5,161.2,1.36,2024-06-17
SCAR-20,崭新出厂,StatTrak™,39444,SCAR-20（StatTrak™） | 血腥运动,63,114.9,148.0,1.29,2024-06-17
SCAR-20,崭新出厂,纪念品,37981,SCAR-20（纪念品） | 暴风呼啸,16,105,204.59,1.95,2024-06-17
SCAR-20,略有磨损,StatTrak™,39456,SCAR-20（StatTrak™） | 心脏打击,29,99.87,151.84,1.52,2024-06-17
SCAR-20,崭新出厂,普通,36433,SCAR-20 | 暴风呼啸,9,84.9,129.79,1.53,2024-06-17
SCAR-20,崭新出厂,普通,36381,SCAR-20 | 深红之网,15,79.9,125.94,1.58,2024-06-17
SCAR-20,崭新出厂,普通,36371,SCAR-20 | 心脏打击,64,74.78,102.29,1.37,2024-06-17
SCAR-20,略有磨损,纪念品,37973,SCAR-20（纪念品） | 雇佣兵,7,66.82,103.45,1.55,2024-06-17
SCAR-20,久经沙场,StatTrak™,39455,SCAR-20（StatTrak™） | 心脏打击,29,59.6,80.17,1.35,2024-06-17
SCAR-20,战痕累累,纪念品,37970,SCAR-20（纪念品） | 雇佣兵,11,52.52,64.5,1.23,2024-06-17
SCAR-20,略有磨损,StatTrak™,39446,SCAR-20（StatTrak™） | 血腥运动,56,51.25,66.74,1.3,2024-06-17
SCAR-20,略有磨损,StatTrak™,39461,SCAR-20（StatTrak™） | 深红之网,23,50.9,60.14,1.18,2024-06-17
SCAR-20,破损不堪,StatTrak™,39457,SCAR-20（StatTrak™） | 心脏打击,13,49.9,68.7,1.38,2024-06-17
SCAR-20,崭新出厂,普通,36359,SCAR-20 | 血腥运动,196,47.6,63.48,1.33,2024-06-17
SCAR-20,久经沙场,StatTrak™,39460,SCAR-20（StatTrak™） | 深红之网,30,45.4,54.85,1.21,2024-06-17
SCAR-20,破损不堪,普通,36431,SCAR-20 | 溅射果酱,5,44.8,61.3,1.37,2024-06-17
SCAR-20,战痕累累,StatTrak™,39453,SCAR-20（StatTrak™） | 心脏打击,10,44.09,65.66,1.49,2024-06-17
SCAR-20,崭新出厂,纪念品,37976,SCAR-20（纪念品） | 沙漠网格,20,39.58,56.88,1.44,2024-06-17
SCAR-20,久经沙场,普通,36429,SCAR-20 | 溅射果酱,50,39.46,64.57,1.64,2024-06-17
SCAR-20,久经沙场,纪念品,37972,SCAR-20（纪念品） | 雇佣兵,17,38.43,54.85,1.43,2024-06-17
SCAR-20,破损不堪,StatTrak™,39462,SCAR-20（StatTrak™） | 深红之网,7,37.9,45.27,1.19,2024-06-17
SCAR-20,战痕累累,StatTrak™,39458,SCAR-20（StatTrak™） | 深红之网,7,35.9,45.92,1.28,2024-06-17
SCAR-20,略有磨损,普通,36383,SCAR-20 | 深红之网,41,35.85,46.36,1.29,2024-06-17
SCAR-20,破损不堪,StatTrak™,39447,SCAR-20（StatTrak™） | 血腥运动,7,34.9,33.08,0.95,2024-06-17
SCAR-20,战痕累累,普通,36427,SCAR-20 | 溅射果酱,19,34.41,58.18,1.69,2024-06-17
SCAR-20,久经沙场,普通,36382,SCAR-20 | 深红之网,43,32.59,41.06,1.26,2024-06-17
SCAR-20,久经沙场,StatTrak™,39445,SCAR-20（StatTrak™） | 血腥运动,83,31.68,41.21,1.3,2024-06-17
SCAR-20,破损不堪,普通,36384,SCAR-20 | 深红之网,26,30.62,41.93,1.37,2024-06-17
SCAR-20,战痕累累,普通,36380,SCAR-20 | 深红之网,24,30.22,38.81,1.28,2024-06-17
SCAR-20,略有磨损,普通,36373,SCAR-20 | 心脏打击,119,29.9,40.05,1.34,2024-06-17
SCAR-20,略有磨损,普通,36361,SCAR-20 | 血腥运动,138,29.8,38.74,1.3,2024-06-17
SCAR-20,崭新出厂,StatTrak™,779331,SCAR-20（StatTrak™） | 执行者,75,28.66,40.63,1.42,2024-06-17
SCAR-20,崭新出厂,StatTrak™,39489,SCAR-20（StatTrak™） | 权力之心,44,27.9,37.14,1.33,2024-06-17
SCAR-20,崭新出厂,普通,775523,SCAR-20 | 石砌,13,27.19,40.63,1.49,2024-06-17
SCAR-20,崭新出厂,普通,36356,SCAR-20 | 军队之辉,45,26.43,32.65,1.24,2024-06-17
SCAR-20,破损不堪,普通,36436,SCAR-20 | 暴风呼啸,15,24.65,30.11,1.22,2024-06-17
SCAR-20,略有磨损,普通,36435,SCAR-20 | 暴风呼啸,46,24.9,31.41,1.26,2024-06-17
SCAR-20,战痕累累,普通,36370,SCAR-20 | 心脏打击,14,24.15,24.81,1.03,2024-06-17
SCAR-20,破损不堪,普通,36374,SCAR-20 | 心脏打击,14,22.58,26.99,1.2,2024-06-17
SCAR-20,久经沙场,普通,36434,SCAR-20 | 暴风呼啸,67,22.37,28.73,1.28,2024-06-17
SCAR-20,战痕累累,普通,36432,SCAR-20 | 暴风呼啸,16,21.92,33.08,1.51,2024-06-17
SCAR-20,久经沙场,普通,36372,SCAR-20 | 心脏打击,80,21.8,31.12,1.43,2024-06-17
SCAR-20,破损不堪,普通,36362,SCAR-20 | 血腥运动,10,20.89,24.23,1.16,2024-06-17
SCAR-20,久经沙场,普通,36360,SCAR-20 | 血腥运动,137,20.2,24.23,1.2,2024-06-17
SCAR-20,久经沙场,普通,36357,SCAR-20 | 军队之辉,21,18.28,23.65,1.29,2024-06-17
SCAR-20,略有磨损,普通,36358,SCAR-20 | 军队之辉,22,17.55,22.2,1.26,2024-06-17
SCAR-20,略有磨损,普通,774777,SCAR-20 | 石砌,31,16.79,17.92,1.07,2024-06-17
SCAR-20,崭新出厂,StatTrak™,775619,SCAR-20（StatTrak™） | 撕起来,26,16.46,21.98,1.34,2024-06-17
SCAR-20,崭新出厂,纪念品,37968,SCAR-20（纪念品） | 碳素纤维,270,11.6,16.03,1.38,2024-06-17
SCAR-20,崭新出厂,StatTrak™,39469,SCAR-20（StatTrak™） | 绿色陆战队,16,11.45,15.38,1.34,2024-06-17
SCAR-20,略有磨损,StatTrak™,779326,SCAR-20（StatTrak™） | 执行者,128,11.04,13.93,1.26,2024-06-17
SCAR-20,略有磨损,纪念品,37969,SCAR-20（纪念品） | 碳素纤维,44,10.89,14.58,1.34,2024-06-17
SCAR-20,崭新出厂,普通,36418,SCAR-20 | 权力之心,94,10.89,16.9,1.55,2024-06-17
SCAR-20,略有磨损,纪念品,37983,SCAR-20（纪念品） | 暴风呼啸,195,9.97,14.22,1.43,2024-06-17
SCAR-20,崭新出厂,普通,779276,SCAR-20 | 执行者,248,9.89,13.93,1.41,2024-06-17
SCAR-20,略有磨损,StatTrak™,775872,SCAR-20（StatTrak™） | 撕起来,32,9.89,14.36,1.45,2024-06-17
SCAR-20,久经沙场,普通,774713,SCAR-20 | 石砌,54,9.84,12.91,1.31,2024-06-17
SCAR-20,破损不堪,普通,775293,SCAR-20 | 石砌,10,9.56,12.84,1.34,2024-06-17
SCAR-20,崭新出厂,StatTrak™,39474,SCAR-20（StatTrak™） | 蓝洞,123,9.24,12.62,1.37,2024-06-17
SCAR-20,略有磨损,StatTrak™,39491,SCAR-20（StatTrak™） | 权力之心,92,9.07,12.99,1.43,2024-06-17
SCAR-20,崭新出厂,StatTrak™,39484,SCAR-20（StatTrak™） | 丛林爆发,60,8.95,11.68,1.31,2024-06-17
SCAR-20,战痕累累,普通,775408,SCAR-20 | 石砌,14,8.52,11.68,1.37,2024-06-17
SCAR-20,崭新出厂,普通,774810,SCAR-20 | 撕起来,77,7.97,9.79,1.23,2024-06-17
SCAR-20,久经沙场,StatTrak™,774817,SCAR-20（StatTrak™） | 撕起来,41,6.16,7.47,1.21,2024-06-17
SCAR-20,崭新出厂,StatTrak™,39449,SCAR-20（StatTrak™） | 蓝图,155,5.99,9.58,1.6,2024-06-17
SCAR-20,略有磨损,StatTrak™,39486,SCAR-20（StatTrak™） | 丛林爆发,59,5.95,7.62,1.28,2024-06-17
SCAR-20,略有磨损,StatTrak™,39471,SCAR-20（StatTrak™） | 绿色陆战队,40,5.66,8.34,1.47,2024-06-17
SCAR-20,破损不堪,StatTrak™,775945,SCAR-20（StatTrak™） | 撕起来,1,5.17,7.69,1.49,2024-06-17
SCAR-20,略有磨损,StatTrak™,39476,SCAR-20（StatTrak™） | 蓝洞,94,4.97,7.04,1.42,2024-06-17
SCAR-20,崭新出厂,StatTrak™,773660,SCAR-20（StatTrak™） | 仓库突击,86,4.65,6.38,1.37,2024-06-17
SCAR-20,崭新出厂,StatTrak™,921573,SCAR-20（StatTrak™） | 碎片,245,4.47,7.62,1.7,2024-06-17
SCAR-20,略有磨损,普通,775082,SCAR-20 | 撕起来,71,4.37,5.95,1.36,2024-06-17
SCAR-20,久经沙场,纪念品,37982,SCAR-20（纪念品） | 暴风呼啸,474,4.36,6.24,1.43,2024-06-17
SCAR-20,久经沙场,StatTrak™,779305,SCAR-20（StatTrak™） | 执行者,190,4.29,6.02,1.4,2024-06-17
SCAR-20,破损不堪,StatTrak™,779278,SCAR-20（StatTrak™） | 执行者,32,4.14,5.01,1.21,2024-06-17
SCAR-20,略有磨损,普通,779193,SCAR-20 | 执行者,498,4.07,5.66,1.39,2024-06-17
SCAR-20,略有磨损,StatTrak™,39451,SCAR-20（StatTrak™） | 蓝图,176,3.99,5.15,1.29,2024-06-17
SCAR-20,久经沙场,StatTrak™,39490,SCAR-20（StatTrak™） | 权力之心,58,3.94,4.57,1.16,2024-06-17
SCAR-20,战痕累累,StatTrak™,779330,SCAR-20（StatTrak™） | 执行者,51,3.87,4.79,1.24,2024-06-17
SCAR-20,崭新出厂,StatTrak™,886676,SCAR-20（StatTrak™） | 暗夜活死鸡,407,3.78,5.08,1.34,2024-06-17
SCAR-20,崭新出厂,StatTrak™,39479,SCAR-20（StatTrak™） | 丛林滑流,116,3.74,5.01,1.34,2024-06-17
SCAR-20,破损不堪,纪念品,37984,SCAR-20（纪念品） | 暴风呼啸,64,3.69,4.79,1.3,2024-06-17
SCAR-20,略有磨损,普通,36420,SCAR-20 | 权力之心,181,3.57,5.15,1.44,2024-06-17
SCAR-20,破损不堪,StatTrak™,39477,SCAR-20（StatTrak™） | 蓝洞,11,3.46,5.44,1.57,2024-06-17
SCAR-20,破损不堪,普通,775487,SCAR-20 | 撕起来,24,3.43,4.35,1.27,2024-06-17
SCAR-20,久经沙场,StatTrak™,39475,SCAR-20（StatTrak™） | 蓝洞,105,3.29,4.21,1.28,2024-06-17
SCAR-20,崭新出厂,普通,36393,SCAR-20 | 绿色陆战队,100,3.18,4.43,1.39,2024-06-17
SCAR-20,战痕累累,StatTrak™,39473,SCAR-20（StatTrak™） | 蓝洞,25,3.06,4.35,1.42,2024-06-17
SCAR-20,破损不堪,StatTrak™,39492,SCAR-20（StatTrak™） | 权力之心,21,2.97,4.43,1.49,2024-06-17
SCAR-20,破损不堪,普通,36421,SCAR-20 | 权力之心,17,2.97,2.18,0.73,2024-06-17
SCAR-20,崭新出厂,普通,36398,SCAR-20 | 蓝洞,224,2.92,3.7,1.27,2024-06-17
SCAR-20,破损不堪,StatTrak™,39472,SCAR-20（StatTrak™） | 绿色陆战队,16,2.9,2.9,1.0,2024-06-17
SCAR-20,战痕累累,StatTrak™,39488,SCAR-20（StatTrak™） | 权力之心,33,2.77,4.43,1.6,2024-06-17
SCAR-20,久经沙场,普通,774976,SCAR-20 | 撕起来,62,2.76,3.99,1.45,2024-06-17
SCAR-20,战痕累累,纪念品,37980,SCAR-20（纪念品） | 暴风呼啸,92,2.64,4.57,1.73,2024-06-17
SCAR-20,崭新出厂,普通,36408,SCAR-20 | 丛林爆发,199,2.45,3.05,1.24,2024-06-17
SCAR-20,崭新出厂,普通,36364,SCAR-20 | 蓝图,301,2.41,3.34,1.39,2024-06-17
SCAR-20,久经沙场,StatTrak™,39470,SCAR-20（StatTrak™） | 绿色陆战队,90,2.27,2.9,1.28,2024-06-17
SCAR-20,略有磨损,普通,36395,SCAR-20 | 绿色陆战队,98,2.25,2.83,1.26,2024-06-17
SCAR-20,略有磨损,StatTrak™,773726,SCAR-20（StatTrak™） | 仓库突击,80,2.23,2.83,1.27,2024-06-17
SCAR-20,久经沙场,StatTrak™,39450,SCAR-20（StatTrak™） | 蓝图,114,2.22,2.61,1.18,2024-06-17
SCAR-20,久经沙场,StatTrak™,39485,SCAR-20（StatTrak™） | 丛林爆发,56,2.2,2.54,1.15,2024-06-17
SCAR-20,破损不堪,StatTrak™,39452,SCAR-20（StatTrak™） | 蓝图,25,2.19,3.48,1.59,2024-06-17
SCAR-20,破损不堪,StatTrak™,39487,SCAR-20（StatTrak™） | 丛林爆发,9,2.1,1.67,0.8,2024-06-17
SCAR-20,战痕累累,普通,36417,SCAR-20 | 权力之心,32,2.09,2.25,1.08,2024-06-17
SCAR-20,久经沙场,普通,779203,SCAR-20 | 执行者,740,2.01,2.76,1.37,2024-06-17
SCAR-20,久经沙场,普通,36419,SCAR-20 | 权力之心,204,1.99,2.61,1.31,2024-06-17
SCAR-20,战痕累累,StatTrak™,39468,SCAR-20（StatTrak™） | 绿色陆战队,24,1.97,2.83,1.44,2024-06-17
SCAR-20,略有磨损,StatTrak™,921512,SCAR-20（StatTrak™） | 碎片,316,1.94,2.68,1.38,2024-06-17
SCAR-20,破损不堪,普通,779249,SCAR-20 | 执行者,251,1.77,2.32,1.31,2024-06-17
SCAR-20,略有磨损,StatTrak™,39481,SCAR-20（StatTrak™） | 丛林滑流,86,1.76,2.47,1.4,2024-06-17
SCAR-20,战痕累累,普通,779239,SCAR-20 | 执行者,198,1.75,2.18,1.25,2024-06-17
SCAR-20,略有磨损,普通,36366,SCAR-20 | 蓝图,174,1.75,2.18,1.25,2024-06-17
SCAR-20,略有磨损,普通,36400,SCAR-20 | 蓝洞,119,1.72,2.54,1.48,2024-06-17
SCAR-20,略有磨损,纪念品,37978,SCAR-20（纪念品） | 沙漠网格,138,1.69,2.61,1.54,2024-06-17
SCAR-20,战痕累累,StatTrak™,39448,SCAR-20（StatTrak™） | 蓝图,41,1.54,2.47,1.6,2024-06-17
SCAR-20,战痕累累,普通,36397,SCAR-20 | 蓝洞,13,1.53,2.03,1.33,2024-06-17
SCAR-20,破损不堪,StatTrak™,773759,SCAR-20（StatTrak™） | 仓库突击,12,1.49,2.47,1.66,2024-06-17
SCAR-20,略有磨损,StatTrak™,886678,SCAR-20（StatTrak™） | 暗夜活死鸡,417,1.43,2.1,1.47,2024-06-17
SCAR-20,崭新出厂,普通,36403,SCAR-20 | 丛林滑流,248,1.43,2.18,1.52,2024-06-17
SCAR-20,久经沙场,普通,36365,SCAR-20 | 蓝图,166,1.43,1.96,1.37,2024-06-17
SCAR-20,破损不堪,普通,36367,SCAR-20 | 蓝图,49,1.41,1.81,1.28,2024-06-17
SCAR-20,崭新出厂,普通,773670,SCAR-20 | 仓库突击,259,1.39,1.81,1.3,2024-06-17
SCAR-20,略有磨损,普通,36410,SCAR-20 | 丛林爆发,116,1.29,1.74,1.35,2024-06-17
SCAR-20,崭新出厂,普通,921424,SCAR-20 | 碎片,684,1.27,1.74,1.37,2024-06-17
SCAR-20,久经沙场,普通,36399,SCAR-20 | 蓝洞,221,1.26,1.67,1.33,2024-06-17
SCAR-20,破损不堪,普通,36401,SCAR-20 | 蓝洞,23,1.25,1.67,1.34,2024-06-17
SCAR-20,战痕累累,StatTrak™,39478,SCAR-20（StatTrak™） | 丛林滑流,19,1.2,2.03,1.69,2024-06-17
SCAR-20,战痕累累,StatTrak™,39483,SCAR-20（StatTrak™） | 丛林爆发,16,1.13,1.52,1.35,2024-06-17
SCAR-20,破损不堪,纪念品,37979,SCAR-20（纪念品） | 沙漠网格,36,1.12,1.23,1.1,2024-06-17
SCAR-20,久经沙场,普通,36394,SCAR-20 | 绿色陆战队,275,1.09,1.52,1.39,2024-06-17
SCAR-20,崭新出厂,普通,886634,SCAR-20 | 暗夜活死鸡,1233,1.06,1.45,1.37,2024-06-17
SCAR-20,破损不堪,普通,36396,SCAR-20 | 绿色陆战队,18,1.02,1.81,1.77,2024-06-17
SCAR-20,战痕累累,纪念品,37975,SCAR-20（纪念品） | 沙漠网格,75,1.01,1.23,1.22,2024-06-17
SCAR-20,战痕累累,普通,36363,SCAR-20 | 蓝图,16,0.99,1.45,1.46,2024-06-17
SCAR-20,战痕累累,普通,36392,SCAR-20 | 绿色陆战队,25,0.94,1.45,1.54,2024-06-17
SCAR-20,久经沙场,纪念品,37977,SCAR-20（纪念品） | 沙漠网格,325,0.93,1.02,1.1,2024-06-17
SCAR-20,破损不堪,普通,773763,SCAR-20 | 仓库突击,21,0.92,1.38,1.5,2024-06-17
SCAR-20,略有磨损,普通,773648,SCAR-20 | 仓库突击,134,0.92,1.16,1.26,2024-06-17
SCAR-20,战痕累累,StatTrak™,773735,SCAR-20（StatTrak™） | 仓库突击,34,0.87,0.94,1.08,2024-06-17
SCAR-20,久经沙场,StatTrak™,39480,SCAR-20（StatTrak™） | 丛林滑流,84,0.87,1.09,1.25,2024-06-17
SCAR-20,久经沙场,普通,773614,SCAR-20 | 仓库突击,118,0.84,1.23,1.46,2024-06-17
SCAR-20,久经沙场,StatTrak™,773641,SCAR-20（StatTrak™） | 仓库突击,77,0.83,1.09,1.31,2024-06-17
SCAR-20,崭新出厂,普通,36368,SCAR-20 | 碳素纤维,1935,0.79,1.16,1.47,2024-06-17
SCAR-20,破损不堪,StatTrak™,39482,SCAR-20（StatTrak™） | 丛林滑流,18,0.76,1.16,1.53,2024-06-17
SCAR-20,战痕累累,普通,773658,SCAR-20 | 仓库突击,36,0.75,1.09,1.45,2024-06-17
SCAR-20,久经沙场,StatTrak™,921459,SCAR-20（StatTrak™） | 碎片,359,0.67,1.02,1.52,2024-06-17
SCAR-20,久经沙场,普通,36409,SCAR-20 | 丛林爆发,138,0.66,0.87,1.32,2024-06-17
SCAR-20,略有磨损,普通,36405,SCAR-20 | 丛林滑流,231,0.65,1.02,1.57,2024-06-17
SCAR-20,略有磨损,普通,36369,SCAR-20 | 碳素纤维,148,0.64,0.87,1.36,2024-06-17
SCAR-20,久经沙场,StatTrak™,886661,SCAR-20（StatTrak™） | 暗夜活死鸡,443,0.61,0.87,1.43,2024-06-17
SCAR-20,破损不堪,StatTrak™,921521,SCAR-20（StatTrak™） | 碎片,37,0.59,0.87,1.47,2024-06-17
SCAR-20,略有磨损,普通,921434,SCAR-20 | 碎片,604,0.6,0.87,1.45,2024-06-17
SCAR-20,破损不堪,StatTrak™,887078,SCAR-20（StatTrak™） | 暗夜活死鸡,26,0.59,0.87,1.47,2024-06-17
SCAR-20,战痕累累,StatTrak™,886992,SCAR-20（StatTrak™） | 暗夜活死鸡,56,0.59,0.94,1.59,2024-06-17
SCAR-20,战痕累累,普通,36407,SCAR-20 | 丛林爆发,31,0.56,1.52,2.71,2024-06-17
SCAR-20,战痕累累,StatTrak™,921548,SCAR-20（StatTrak™） | 碎片,83,0.56,0.87,1.55,2024-06-17
SCAR-20,崭新出厂,普通,36423,SCAR-20 | 沙漠网格,70,0.53,0.65,1.23,2024-06-17
SCAR-20,破损不堪,普通,36411,SCAR-20 | 丛林爆发,30,0.53,0.94,1.77,2024-06-17
SCAR-20,略有磨损,普通,886662,SCAR-20 | 暗夜活死鸡,1253,0.46,0.73,1.59,2024-06-17
SCAR-20,久经沙场,普通,36404,SCAR-20 | 丛林滑流,328,0.4,0.65,1.62,2024-06-17
SCAR-20,战痕累累,普通,36402,SCAR-20 | 丛林滑流,28,0.3,0.58,1.93,2024-06-17
SCAR-20,崭新出厂,普通,36376,SCAR-20 | 雇佣兵,256,0.3,0.44,1.47,2024-06-17
SCAR-20,久经沙场,普通,921415,SCAR-20 | 碎片,1455,0.29,0.51,1.76,2024-06-17
SCAR-20,破损不堪,普通,36406,SCAR-20 | 丛林滑流,29,0.28,0.65,2.32,2024-06-17
SCAR-20,战痕累累,普通,886964,SCAR-20 | 暗夜活死鸡,162,0.27,0.44,1.63,2024-06-17
SCAR-20,破损不堪,普通,921544,SCAR-20 | 碎片,78,0.23,0.51,2.22,2024-06-17
SCAR-20,战痕累累,普通,921472,SCAR-20 | 碎片,261,0.22,0.44,2.0,2024-06-17
SCAR-20,破损不堪,普通,886690,SCAR-20 | 暗夜活死鸡,228,0.22,0.51,2.32,2024-06-17
SCAR-20,久经沙场,普通,886614,SCAR-20 | 暗夜活死鸡,2134,0.22,0.44,2.0,2024-06-17
SCAR-20,略有磨损,普通,36425,SCAR-20 | 沙漠网格,257,0.07,0.22,3.14,2024-06-17
SCAR-20,战痕累累,普通,36375,SCAR-20 | 雇佣兵,225,0.06,0.22,3.67,2024-06-17
SCAR-20,略有磨损,普通,36378,SCAR-20 | 雇佣兵,307,0.04,0.22,5.5,2024-06-17
SCAR-20,破损不堪,普通,36426,SCAR-20 | 沙漠网格,102,0.03,0.22,7.33,2024-06-17
SCAR-20,久经沙场,普通,36424,SCAR-20 | 沙漠网格,1164,0.03,0.22,7.33,2024-06-17
SCAR-20,战痕累累,普通,36422,SCAR-20 | 沙漠网格,240,0.03,0.22,7.33,2024-06-17
SCAR-20,久经沙场,普通,36377,SCAR-20 | 雇佣兵,1550,0.04,0.22,5.5,2024-06-17
SCAR-20,破损不堪,普通,36379,SCAR-20 | 雇佣兵,92,0.03,0.22,7.33,2024-06-17
SCAR-20,战痕累累,普通,36363,SCAR-20 | 蓝图,16,0.99,1.45,1.46,2024-06-17
SCAR-20,战痕累累,普通,36392,SCAR-20 | 绿色陆战队,25,0.94,1.45,1.54,2024-06-17
SCAR-20,久经沙场,纪念品,37977,SCAR-20（纪念品） | 沙漠网格,325,0.93,1.02,1.1,2024-06-17
SCAR-20,破损不堪,普通,773763,SCAR-20 | 仓库突击,21,0.92,1.38,1.5,2024-06-17
SCAR-20,略有磨损,普通,773648,SCAR-20 | 仓库突击,134,0.92,1.16,1.26,2024-06-17
SCAR-20,战痕累累,StatTrak™,773735,SCAR-20（StatTrak™） | 仓库突击,34,0.87,0.94,1.08,2024-06-17
SCAR-20,久经沙场,StatTrak™,39480,SCAR-20（StatTrak™） | 丛林滑流,84,0.87,1.09,1.25,2024-06-17
SCAR-20,久经沙场,普通,773614,SCAR-20 | 仓库突击,118,0.84,1.23,1.46,2024-06-17
SCAR-20,久经沙场,StatTrak™,773641,SCAR-20（StatTrak™） | 仓库突击,77,0.83,1.09,1.31,2024-06-17
SCAR-20,崭新出厂,普通,36368,SCAR-20 | 碳素纤维,1935,0.79,1.16,1.47,2024-06-17
SCAR-20,破损不堪,StatTrak™,39482,SCAR-20（StatTrak™） | 丛林滑流,18,0.76,1.16,1.53,2024-06-17
SCAR-20,战痕累累,普通,773658,SCAR-20 | 仓库突击,36,0.75,1.09,1.45,2024-06-17
SCAR-20,久经沙场,StatTrak™,921459,SCAR-20（StatTrak™） | 碎片,359,0.67,1.02,1.52,2024-06-17
SCAR-20,久经沙场,普通,36409,SCAR-20 | 丛林爆发,138,0.66,0.87,1.32,2024-06-17
SCAR-20,略有磨损,普通,36405,SCAR-20 | 丛林滑流,231,0.65,1.02,1.57,2024-06-17
SCAR-20,略有磨损,普通,36369,SCAR-20 | 碳素纤维,148,0.64,0.87,1.36,2024-06-17
SCAR-20,久经沙场,StatTrak™,886661,SCAR-20（StatTrak™） | 暗夜活死鸡,443,0.61,0.87,1.43,2024-06-17
SCAR-20,破损不堪,StatTrak™,921521,SCAR-20（StatTrak™） | 碎片,37,0.59,0.87,1.47,2024-06-17
SCAR-20,略有磨损,普通,921434,SCAR-20 | 碎片,604,0.6,0.87,1.45,2024-06-17
SCAR-20,破损不堪,StatTrak™,887078,SCAR-20（StatTrak™） | 暗夜活死鸡,26,0.59,0.87,1.47,2024-06-17
SCAR-20,战痕累累,StatTrak™,886992,SCAR-20（StatTrak™） | 暗夜活死鸡,56,0.59,0.94,1.59,2024-06-17
SCAR-20,战痕累累,普通,36407,SCAR-20 | 丛林爆发,31,0.56,1.52,2.71,2024-06-17
SCAR-20,战痕累累,StatTrak™,921548,SCAR-20（StatTrak™） | 碎片,83,0.56,0.87,1.55,2024-06-17
SCAR-20,崭新出厂,普通,36423,SCAR-20 | 沙漠网格,70,0.53,0.65,1.23,2024-06-17
SCAR-20,破损不堪,普通,36411,SCAR-20 | 丛林爆发,30,0.53,0.94,1.77,2024-06-17
SCAR-20,略有磨损,普通,886662,SCAR-20 | 暗夜活死鸡,1253,0.46,0.73,1.59,2024-06-17
SCAR-20,久经沙场,普通,36404,SCAR-20 | 丛林滑流,328,0.4,0.65,1.62,2024-06-17
SCAR-20,战痕累累,普通,36402,SCAR-20 | 丛林滑流,28,0.3,0.58,1.93,2024-06-17
SCAR-20,崭新出厂,普通,36376,SCAR-20 | 雇佣兵,256,0.3,0.44,1.47,2024-06-17
SCAR-20,久经沙场,普通,921415,SCAR-20 | 碎片,1455,0.29,0.51,1.76,2024-06-17
SCAR-20,破损不堪,普通,36406,SCAR-20 | 丛林滑流,29,0.28,0.65,2.32,2024-06-17
SCAR-20,战痕累累,普通,886964,SCAR-20 | 暗夜活死鸡,162,0.27,0.44,1.63,2024-06-17
SCAR-20,破损不堪,普通,921544,SCAR-20 | 碎片,78,0.23,0.51,2.22,2024-06-17
SCAR-20,战痕累累,普通,921472,SCAR-20 | 碎片,261,0.22,0.44,2.0,2024-06-17
SCAR-20,破损不堪,普通,886690,SCAR-20 | 暗夜活死鸡,228,0.22,0.51,2.32,2024-06-17
SCAR-20,久经沙场,普通,886614,SCAR-20 | 暗夜活死鸡,2134,0.22,0.44,2.0,2024-06-17
SCAR-20,略有磨损,普通,36425,SCAR-20 | 沙漠网格,257,0.07,0.22,3.14,2024-06-17
SCAR-20,战痕累累,普通,36375,SCAR-20 | 雇佣兵,225,0.06,0.22,3.67,2024-06-17
SCAR-20,略有磨损,普通,36378,SCAR-20 | 雇佣兵,307,0.04,0.22,5.5,2024-06-17
SCAR-20,破损不堪,普通,36426,SCAR-20 | 沙漠网格,102,0.03,0.22,7.33,2024-06-17
SCAR-20,久经沙场,普通,36424,SCAR-20 | 沙漠网格,1164,0.03,0.22,7.33,2024-06-17
SCAR-20,战痕累累,普通,36422,SCAR-20 | 沙漠网格,240,0.03,0.22,7.33,2024-06-17
SCAR-20,久经沙场,普通,36377,SCAR-20 | 雇佣兵,1550,0.04,0.22,5.5,2024-06-17
SCAR-20,破损不堪,普通,36379,SCAR-20 | 雇佣兵,92,0.03,0.22,7.33,2024-06-17
SCAR-20,战痕累累,普通,36363,SCAR-20 | 蓝图,16,0.99,1.45,1.46,2024-06-17
SCAR-20,战痕累累,普通,36392,SCAR-20 | 绿色陆战队,25,0.94,1.45,1.54,2024-06-17
SCAR-20,久经沙场,纪念品,37977,SCAR-20（纪念品） | 沙漠网格,325,0.93,1.02,1.1,2024-06-17
SCAR-20,破损不堪,普通,773763,SCAR-20 | 仓库突击,21,0.92,1.38,1.5,2024-06-17
SCAR-20,略有磨损,普通,773648,SCAR-20 | 仓库突击,134,0.92,1.16,1.26,2024-06-17
SCAR-20,战痕累累,StatTrak™,773735,SCAR-20（StatTrak™） | 仓库突击,34,0.87,0.94,1.08,2024-06-17
SCAR-20,久经沙场,StatTrak™,39480,SCAR-20（StatTrak™） | 丛林滑流,84,0.87,1.09,1.25,2024-06-17
SCAR-20,久经沙场,普通,773614,SCAR-20 | 仓库突击,118,0.84,1.23,1.46,2024-06-17
SCAR-20,久经沙场,StatTrak™,773641,SCAR-20（StatTrak™） | 仓库突击,77,0.83,1.09,1.31,2024-06-17
SCAR-20,崭新出厂,普通,36368,SCAR-20 | 碳素纤维,1935,0.79,1.16,1.47,2024-06-17
SCAR-20,破损不堪,StatTrak™,39482,SCAR-20（StatTrak™） | 丛林滑流,18,0.76,1.16,1.53,2024-06-17
SCAR-20,战痕累累,普通,773658,SCAR-20 | 仓库突击,36,0.75,1.09,1.45,2024-06-17
SCAR-20,久经沙场,StatTrak™,921459,SCAR-20（StatTrak™） | 碎片,359,0.67,1.02,1.52,2024-06-17
SCAR-20,久经沙场,普通,36409,SCAR-20 | 丛林爆发,138,0.66,0.87,1.32,2024-06-17
SCAR-20,略有磨损,普通,36405,SCAR-20 | 丛林滑流,231,0.65,1.02,1.57,2024-06-17
SCAR-20,略有磨损,普通,36369,SCAR-20 | 碳素纤维,148,0.64,0.87,1.36,2024-06-17
SCAR-20,久经沙场,StatTrak™,886661,SCAR-20（StatTrak™） | 暗夜活死鸡,443,0.61,0.87,1.43,2024-06-17
SCAR-20,破损不堪,StatTrak™,921521,SCAR-20（StatTrak™） | 碎片,37,0.59,0.87,1.47,2024-06-17
SCAR-20,略有磨损,普通,921434,SCAR-20 | 碎片,604,0.6,0.87,1.45,2024-06-17
SCAR-20,破损不堪,StatTrak™,887078,SCAR-20（StatTrak™） | 暗夜活死鸡,26,0.59,0.87,1.47,2024-06-17
SCAR-20,战痕累累,StatTrak™,886992,SCAR-20（StatTrak™） | 暗夜活死鸡,56,0.59,0.94,1.59,2024-06-17
SCAR-20,战痕累累,普通,36407,SCAR-20 | 丛林爆发,31,0.56,1.52,2.71,2024-06-17
SCAR-20,战痕累累,StatTrak™,921548,SCAR-20（StatTrak™） | 碎片,83,0.56,0.87,1.55,2024-06-17
SCAR-20,崭新出厂,普通,36423,SCAR-20 | 沙漠网格,70,0.53,0.65,1.23,2024-06-17
SCAR-20,破损不堪,普通,36411,SCAR-20 | 丛林爆发,30,0.53,0.94,1.77,2024-06-17
SCAR-20,略有磨损,普通,886662,SCAR-20 | 暗夜活死鸡,1253,0.46,0.73,1.59,2024-06-17
SCAR-20,久经沙场,普通,36404,SCAR-20 | 丛林滑流,328,0.4,0.65,1.62,2024-06-17
SCAR-20,战痕累累,普通,36402,SCAR-20 | 丛林滑流,28,0.3,0.58,1.93,2024-06-17
SCAR-20,崭新出厂,普通,36376,SCAR-20 | 雇佣兵,256,0.3,0.44,1.47,2024-06-17
SCAR-20,久经沙场,普通,921415,SCAR-20 | 碎片,1455,0.29,0.51,1.76,2024-06-17
SCAR-20,破损不堪,普通,36406,SCAR-20 | 丛林滑流,29,0.28,0.65,2.32,2024-06-17
SCAR-20,战痕累累,普通,886964,SCAR-20 | 暗夜活死鸡,162,0.27,0.44,1.63,2024-06-17
SCAR-20,破损不堪,普通,921544,SCAR-20 | 碎片,78,0.23,0.51,2.22,2024-06-17
SCAR-20,战痕累累,普通,921472,SCAR-20 | 碎片,261,0.22,0.44,2.0,2024-06-17
SCAR-20,破损不堪,普通,886690,SCAR-20 | 暗夜活死鸡,228,0.22,0.51,2.32,2024-06-17
SCAR-20,久经沙场,普通,886614,SCAR-20 | 暗夜活死鸡,2134,0.22,0.44,2.0,2024-06-17
SCAR-20,略有磨损,普通,36425,SCAR-20 | 沙漠网格,257,0.07,0.22,3.14,2024-06-17
SCAR-20,战痕累累,普通,36375,SCAR-20 | 雇佣兵,225,0.06,0.22,3.67,2024-06-17
SCAR-20,略有磨损,普通,36378,SCAR-20 | 雇佣兵,307,0.04,0.22,5.5,2024-06-17
SCAR-20,破损不堪,普通,36426,SCAR-20 | 沙漠网格,102,0.03,0.22,7.33,2024-06-17
SCAR-20,久经沙场,普通,36424,SCAR-20 | 沙漠网格,1164,0.03,0.22,7.33,2024-06-17
SCAR-20,战痕累累,普通,36422,SCAR-20 | 沙漠网格,240,0.03,0.22,7.33,2024-06-17
SCAR-20,久经沙场,普通,36377,SCAR-20 | 雇佣兵,1550,0.04,0.22,5.5,2024-06-17
SCAR-20,破损不堪,普通,36379,SCAR-20 | 雇佣兵,92,0.03,0.22,7.33,2024-06-17
SCAR-20,战痕累累,普通,36363,SCAR-20 | 蓝图,16,0.99,1.45,1.46,2024-06-17
SCAR-20,战痕累累,普通,36392,SCAR-20 | 绿色陆战队,25,0.94,1.45,1.54,2024-06-17
SCAR-20,久经沙场,纪念品,37977,SCAR-20（纪念品） | 沙漠网格,325,0.93,1.02,1.1,2024-06-17
SCAR-20,破损不堪,普通,773763,SCAR-20 | 仓库突击,21,0.92,1.38,1.5,2024-06-17
SCAR-20,略有磨损,普通,773648,SCAR-20 | 仓库突击,134,0.92,1.16,1.26,2024-06-17
SCAR-20,战痕累累,StatTrak™,773735,SCAR-20（StatTrak™） | 仓库突击,34,0.87,0.94,1.08,2024-06-17
SCAR-20,久经沙场,StatTrak™,39480,SCAR-20（StatTrak™） | 丛林滑流,84,0.87,1.09,1.25,2024-06-17
SCAR-20,久经沙场,普通,773614,SCAR-20 | 仓库突击,118,0.84,1.23,1.46,2024-06-17
SCAR-20,久经沙场,StatTrak™,773641,SCAR-20（StatTrak™） | 仓库突击,77,0.83,1.09,1.31,2024-06-17
SCAR-20,崭新出厂,普通,36368,SCAR-20 | 碳素纤维,1935,0.79,1.16,1.47,2024-06-17
SCAR-20,破损不堪,StatTrak™,39482,SCAR-20（StatTrak™） | 丛林滑流,18,0.76,1.16,1.53,2024-06-17
SCAR-20,战痕累累,普通,773658,SCAR-20 | 仓库突击,36,0.75,1.09,1.45,2024-06-17
SCAR-20,久经沙场,StatTrak™,921459,SCAR-20（StatTrak™） | 碎片,359,0.67,1.02,1.52,2024-06-17
SCAR-20,久经沙场,普通,36409,SCAR-20 | 丛林爆发,138,0.66,0.87,1.32,2024-06-17
SCAR-20,略有磨损,普通,36405,SCAR-20 | 丛林滑流,231,0.65,1.02,1.57,2024-06-17
SCAR-20,略有磨损,普通,36369,SCAR-20 | 碳素纤维,148,0.64,0.87,1.36,2024-06-17
SCAR-20,久经沙场,StatTrak™,886661,SCAR-20（StatTrak™） | 暗夜活死鸡,443,0.61,0.87,1.43,2024-06-17
SCAR-20,破损不堪,StatTrak™,921521,SCAR-20（StatTrak™） | 碎片,37,0.59,0.87,1.47,2024-06-17
SCAR-20,略有磨损,普通,921434,SCAR-20 | 碎片,604,0.6,0.87,1.45,2024-06-17
SCAR-20,破损不堪,StatTrak™,887078,SCAR-20（StatTrak™） | 暗夜活死鸡,26,0.59,0.87,1.47,2024-06-17
SCAR-20,战痕累累,StatTrak™,886992,SCAR-20（StatTrak™） | 暗夜活死鸡,56,0.59,0.94,1.59,2024-06-17
SCAR-20,战痕累累,普通,36407,SCAR-20 | 丛林爆发,31,0.56,1.52,2.71,2024-06-17
SCAR-20,战痕累累,StatTrak™,921548,SCAR-20（StatTrak™） | 碎片,83,0.56,0.87,1.55,2024-06-17
SCAR-20,崭新出厂,普通,36423,SCAR-20 | 沙漠网格,70,0.53,0.65,1.23,2024-06-17
SCAR-20,破损不堪,普通,36411,SCAR-20 | 丛林爆发,30,0.53,0.94,1.77,2024-06-17
SCAR-20,略有磨损,普通,886662,SCAR-20 | 暗夜活死鸡,1253,0.46,0.73,1.59,2024-06-17
SCAR-20,久经沙场,普通,36404,SCAR-20 | 丛林滑流,328,0.4,0.65,1.62,2024-06-17
SCAR-20,战痕累累,普通,36402,SCAR-20 | 丛林滑流,28,0.3,0.58,1.93,2024-06-17
SCAR-20,崭新出厂,普通,36376,SCAR-20 | 雇佣兵,256,0.3,0.44,1.47,2024-06-17
SCAR-20,久经沙场,普通,921415,SCAR-20 | 碎片,1455,0.29,0.51,1.76,2024-06-17
SCAR-20,破损不堪,普通,36406,SCAR-20 | 丛林滑流,29,0.28,0.65,2.32,2024-06-17
SCAR-20,战痕累累,普通,886964,SCAR-20 | 暗夜活死鸡,162,0.27,0.44,1.63,2024-06-17
SCAR-20,破损不堪,普通,921544,SCAR-20 | 碎片,78,0.23,0.51,2.22,2024-06-17
SCAR-20,战痕累累,普通,921472,SCAR-20 | 碎片,261,0.22,0.44,2.0,2024-06-17
SCAR-20,破损不堪,普通,886690,SCAR-20 | 暗夜活死鸡,228,0.22,0.51,2.32,2024-06-17
SCAR-20,久经沙场,普通,886614,SCAR-20 | 暗夜活死鸡,2134,0.22,0.44,2.0,2024-06-17
SCAR-20,略有磨损,普通,36425,SCAR-20 | 沙漠网格,257,0.07,0.22,3.14,2024-06-17
SCAR-20,战痕累累,普通,36375,SCAR-20 | 雇佣兵,225,0.06,0.22,3.67,2024-06-17
SCAR-20,略有磨损,普通,36378,SCAR-20 | 雇佣兵,307,0.04,0.22,5.5,2024-06-17
SCAR-20,破损不堪,普通,36426,SCAR-20 | 沙漠网格,102,0.03,0.22,7.33,2024-06-17
SCAR-20,久经沙场,普通,36424,SCAR-20 | 沙漠网格,1164,0.03,0.22,7.33,2024-06-17
SCAR-20,战痕累累,普通,36422,SCAR-20 | 沙漠网格,240,0.03,0.22,7.33,2024-06-17
SCAR-20,久经沙场,普通,36377,SCAR-20 | 雇佣兵,1550,0.04,0.22,5.5,2024-06-17
SCAR-20,破损不堪,普通,36379,SCAR-20 | 雇佣兵,92,0.03,0.22,7.33,2024-06-17
SCAR-20,崭新出厂,普通,36428,SCAR-20 | 溅射果酱,2,28499.5,7139.98,0.25,2024-06-20
SCAR-20,略有磨损,普通,36391,SCAR-20 | 翡翠色调,3,2499.5,435.44,0.17,2024-06-20
SCAR-20,破损不堪,普通,776019,SCAR-20 | 黄铜,5,1288.5,1053.41,0.82,2024-06-20
SCAR-20,崭新出厂,普通,775999,SCAR-20 | 黄铜,15,783.5,1485.01,1.9,2024-06-20
SCAR-20,略有磨损,普通,775877,SCAR-20 | 黄铜,6,778.3,1120.4,1.44,2024-06-20
SCAR-20,久经沙场,普通,775665,SCAR-20 | 黄铜,4,773.35,1007.04,1.3,2024-06-20
SCAR-20,战痕累累,普通,775878,SCAR-20 | 黄铜,9,747.49,987.59,1.32,2024-06-20
SCAR-20,崭新出厂,StatTrak™,39464,SCAR-20（StatTrak™） | 次时代,24,677.5,972.56,1.44,2024-06-20
SCAR-20,略有磨损,StatTrak™,39466,SCAR-20（StatTrak™） | 次时代,7,592.68,809.35,1.37,2024-06-20
SCAR-20,久经沙场,StatTrak™,39465,SCAR-20（StatTrak™） | 次时代,16,400.98,500.76,1.25,2024-06-20
SCAR-20,崭新出厂,普通,36386,SCAR-20 | 次时代,66,386.49,516.94,1.34,2024-06-20
SCAR-20,略有磨损,普通,36388,SCAR-20 | 次时代,27,329,442.12,1.34,2024-06-20
SCAR-20,崭新出厂,StatTrak™,39454,SCAR-20（StatTrak™） | 心脏打击,15,327.5,535.52,1.64,2024-06-20
SCAR-20,崭新出厂,普通,36413,SCAR-20 | 棕榈色,4,304.5,377.38,1.24,2024-06-20
SCAR-20,破损不堪,普通,835666,SCAR-20 | 大宪章,14,289,261.63,0.91,2024-06-20
SCAR-20,崭新出厂,StatTrak™,39459,SCAR-20（StatTrak™） | 深红之网,10,276.77,450.68,1.63,2024-06-20
SCAR-20,久经沙场,普通,36387,SCAR-20 | 次时代,18,268.97,349.73,1.3,2024-06-20
SCAR-20,略有磨损,普通,36430,SCAR-20 | 溅射果酱,23,258.4,384.35,1.49,2024-06-20
SCAR-20,战痕累累,普通,835649,SCAR-20 | 大宪章,13,197,228.9,1.16,2024-06-20
SCAR-20,崭新出厂,普通,36390,SCAR-20 | 翡翠色调,106,179.47,254.81,1.42,2024-06-20
SCAR-20,崭新出厂,普通,835359,SCAR-20 | 大宪章,14,175.97,231.22,1.31,2024-06-20
SCAR-20,略有磨损,普通,835614,SCAR-20 | 大宪章,16,174.49,217.29,1.25,2024-06-20
SCAR-20,久经沙场,普通,835424,SCAR-20 | 大宪章,20,171.5,209.81,1.22,2024-06-20
SCAR-20,略有磨损,普通,36415,SCAR-20 | 棕榈色,6,129.5,152.41,1.18,2024-06-20
SCAR-20,破损不堪,纪念品,37974,SCAR-20（纪念品） | 雇佣兵,8,119,161.26,1.36,2024-06-20
SCAR-20,久经沙场,普通,36414,SCAR-20 | 棕榈色,2,118.49,154.22,1.3,2024-06-20
SCAR-20,破损不堪,普通,36416,SCAR-20 | 棕榈色,4,116.5,144.93,1.24,2024-06-20
SCAR-20,崭新出厂,StatTrak™,39444,SCAR-20（StatTrak™） | 血腥运动,65,108,155.82,1.44,2024-06-20
SCAR-20,崭新出厂,纪念品,37981,SCAR-20（纪念品） | 暴风呼啸,18,103.5,174.83,1.69,2024-06-20
SCAR-20,略有磨损,StatTrak™,39456,SCAR-20（StatTrak™） | 心脏打击,32,99.65,124.54,1.25,2024-06-20
SCAR-20,崭新出厂,普通,36433,SCAR-20 | 暴风呼啸,12,87.9,119.75,1.36,2024-06-20
SCAR-20,崭新出厂,普通,36371,SCAR-20 | 心脏打击,66,79.8,107.63,1.35,2024-06-20
SCAR-20,崭新出厂,普通,36381,SCAR-20 | 深红之网,20,79.7,126.35,1.59,2024-06-20
SCAR-20,战痕累累,StatTrak™,39458,SCAR-20（StatTrak™） | 深红之网,9,74.68,44.42,0.59,2024-06-20
SCAR-20,略有磨损,StatTrak™,39461,SCAR-20（StatTrak™） | 深红之网,23,63.9,68.07,1.07,2024-06-20
SCAR-20,略有磨损,纪念品,37973,SCAR-20（纪念品） | 雇佣兵,6,61.51,103.49,1.68,2024-06-20
SCAR-20,久经沙场,StatTrak™,39455,SCAR-20（StatTrak™） | 心脏打击,33,55.8,80.92,1.45,2024-06-20
SCAR-20,略有磨损,StatTrak™,39446,SCAR-20（StatTrak™） | 血腥运动,53,50.7,66.04,1.3,2024-06-20
SCAR-20,破损不堪,StatTrak™,39457,SCAR-20（StatTrak™） | 心脏打击,18,49.7,62.92,1.27,2024-06-20
SCAR-20,战痕累累,纪念品,37970,SCAR-20（纪念品） | 雇佣兵,8,48.5,58.86,1.21,2024-06-20
SCAR-20,崭新出厂,普通,36359,SCAR-20 | 血腥运动,182,46.63,63.21,1.36,2024-06-20
SCAR-20,久经沙场,StatTrak™,39460,SCAR-20（StatTrak™） | 深红之网,35,45.06,54.43,1.21,2024-06-20
SCAR-20,破损不堪,StatTrak™,39462,SCAR-20（StatTrak™） | 深红之网,6,44.8,46.81,1.04,2024-06-20
SCAR-20,破损不堪,普通,36431,SCAR-20 | 溅射果酱,5,44.8,60.45,1.35,2024-06-20
SCAR-20,战痕累累,StatTrak™,39453,SCAR-20（StatTrak™） | 心脏打击,12,43.66,65.39,1.5,2024-06-20
SCAR-20,崭新出厂,纪念品,37976,SCAR-20（纪念品） | 沙漠网格,21,39.51,56.9,1.44,2024-06-20
SCAR-20,久经沙场,普通,36429,SCAR-20 | 溅射果酱,43,37.59,57.19,1.52,2024-06-20
SCAR-20,久经沙场,纪念品,37972,SCAR-20（纪念品） | 雇佣兵,18,37.37,50.73,1.36,2024-06-20
SCAR-20,略有磨损,普通,36383,SCAR-20 | 深红之网,37,36.12,46.74,1.29,2024-06-20
SCAR-20,久经沙场,普通,36382,SCAR-20 | 深红之网,40,32.27,41.22,1.28,2024-06-20
SCAR-20,战痕累累,普通,36427,SCAR-20 | 溅射果酱,18,32.03,51.75,1.62,2024-06-20
SCAR-20,破损不堪,StatTrak™,39447,SCAR-20（StatTrak™） | 血腥运动,9,31.89,34.69,1.09,2024-06-20
SCAR-20,破损不堪,普通,36384,SCAR-20 | 深红之网,21,30.03,36.8,1.23,2024-06-20
SCAR-20,久经沙场,StatTrak™,39445,SCAR-20（StatTrak™） | 血腥运动,90,29.77,41.95,1.41,2024-06-20
SCAR-20,崭新出厂,StatTrak™,779331,SCAR-20（StatTrak™） | 执行者,79,29.18,40.06,1.37,2024-06-20
SCAR-20,略有磨损,普通,36373,SCAR-20 | 心脏打击,115,28.9,39.84,1.38,2024-06-20
SCAR-20,战痕累累,普通,36380,SCAR-20 | 深红之网,33,28.47,35.2,1.24,2024-06-20
SCAR-20,略有磨损,普通,36361,SCAR-20 | 血腥运动,178,28.4,38.61,1.36,2024-06-20
SCAR-20,崭新出厂,StatTrak™,39489,SCAR-20（StatTrak™） | 权力之心,43,26.9,42.02,1.56,2024-06-20
SCAR-20,崭新出厂,普通,775523,SCAR-20 | 石砌,16,26.69,34.55,1.29,2024-06-20
SCAR-20,崭新出厂,普通,36356,SCAR-20 | 军队之辉,24,25.41,31.21,1.23,2024-06-20
SCAR-20,略有磨损,普通,36435,SCAR-20 | 暴风呼啸,28,24.8,30.05,1.21,2024-06-20
SCAR-20,破损不堪,普通,36436,SCAR-20 | 暴风呼啸,13,24.47,28.59,1.17,2024-06-20
SCAR-20,久经沙场,普通,36434,SCAR-20 | 暴风呼啸,64,22.58,28.45,1.26,2024-06-20
SCAR-20,战痕累累,普通,36432,SCAR-20 | 暴风呼啸,27,21.9,27.65,1.26,2024-06-20
SCAR-20,战痕累累,普通,36370,SCAR-20 | 心脏打击,25,21.9,24.82,1.13,2024-06-20
SCAR-20,破损不堪,普通,36374,SCAR-20 | 心脏打击,22,21.49,23.95,1.11,2024-06-20
SCAR-20,久经沙场,普通,36372,SCAR-20 | 心脏打击,92,20.66,27.0,1.31,2024-06-20
SCAR-20,破损不堪,普通,36362,SCAR-20 | 血腥运动,31,19.16,22.79,1.19,2024-06-20
SCAR-20,略有磨损,普通,36358,SCAR-20 | 军队之辉,13,17.9,20.61,1.15,2024-06-20
SCAR-20,久经沙场,普通,36360,SCAR-20 | 血腥运动,141,17.8,25.11,1.41,2024-06-20
SCAR-20,久经沙场,普通,36357,SCAR-20 | 军队之辉,26,17.6,18.72,1.06,2024-06-20
SCAR-20,略有磨损,普通,774777,SCAR-20 | 石砌,37,15.18,18.94,1.25,2024-06-20
SCAR-20,崭新出厂,StatTrak™,775619,SCAR-20（StatTrak™） | 撕起来,29,15,24.31,1.62,2024-06-20
SCAR-20,略有磨损,纪念品,37983,SCAR-20（纪念品） | 暴风呼啸,187,12.89,14.3,1.11,2024-06-20
SCAR-20,崭新出厂,StatTrak™,39469,SCAR-20（StatTrak™） | 绿色陆战队,17,12.43,16.04,1.29,2024-06-20
SCAR-20,崭新出厂,普通,36418,SCAR-20 | 权力之心,84,12.2,19.01,1.56,2024-06-20
SCAR-20,崭新出厂,纪念品,37968,SCAR-20（纪念品） | 碳素纤维,285,10.78,17.2,1.6,2024-06-20
SCAR-20,略有磨损,纪念品,37969,SCAR-20（纪念品） | 碳素纤维,45,10.7,14.37,1.34,2024-06-20
SCAR-20,久经沙场,普通,774713,SCAR-20 | 石砌,50,10.43,12.85,1.23,2024-06-20
SCAR-20,崭新出厂,普通,886634,SCAR-20 | 暗夜活死鸡,1504,0.99,1.38,1.39,2024-06-20
SCAR-20,破损不堪,普通,773763,SCAR-20 | 仓库突击,21,0.96,1.09,1.14,2024-06-20
SCAR-20,久经沙场,普通,773614,SCAR-20 | 仓库突击,107,0.87,1.16,1.33,2024-06-20
SCAR-20,略有磨损,普通,773648,SCAR-20 | 仓库突击,130,0.86,1.16,1.35,2024-06-20
SCAR-20,久经沙场,StatTrak™,39480,SCAR-20（StatTrak™） | 丛林滑流,93,0.85,1.16,1.36,2024-06-20
SCAR-20,久经沙场,纪念品,37977,SCAR-20（纪念品） | 沙漠网格,333,0.85,1.02,1.2,2024-06-20
SCAR-20,崭新出厂,普通,36368,SCAR-20 | 碳素纤维,1859,0.85,1.16,1.36,2024-06-20
SCAR-20,战痕累累,普通,36392,SCAR-20 | 绿色陆战队,24,0.82,1.02,1.24,2024-06-20
SCAR-20,战痕累累,StatTrak™,773735,SCAR-20（StatTrak™） | 仓库突击,32,0.81,0.94,1.16,2024-06-20
SCAR-20,战痕累累,普通,773658,SCAR-20 | 仓库突击,34,0.79,0.87,1.1,2024-06-20
SCAR-20,久经沙场,StatTrak™,773641,SCAR-20（StatTrak™） | 仓库突击,74,0.79,1.09,1.38,2024-06-20
SCAR-20,破损不堪,StatTrak™,39482,SCAR-20（StatTrak™） | 丛林滑流,21,0.76,1.16,1.53,2024-06-20
SCAR-20,久经沙场,StatTrak™,921459,SCAR-20（StatTrak™） | 碎片,418,0.7,1.02,1.46,2024-06-20
SCAR-20,略有磨损,普通,36369,SCAR-20 | 碳素纤维,174,0.69,0.87,1.26,2024-06-20
SCAR-20,略有磨损,普通,36405,SCAR-20 | 丛林滑流,177,0.67,0.94,1.4,2024-06-20
SCAR-20,久经沙场,普通,36409,SCAR-20 | 丛林爆发,138,0.66,0.8,1.21,2024-06-20
SCAR-20,战痕累累,StatTrak™,886992,SCAR-20（StatTrak™） | 暗夜活死鸡,55,0.64,0.87,1.36,2024-06-20
SCAR-20,战痕累累,StatTrak™,921548,SCAR-20（StatTrak™） | 碎片,74,0.61,0.87,1.43,2024-06-20
SCAR-20,破损不堪,StatTrak™,921521,SCAR-20（StatTrak™） | 碎片,34,0.61,0.87,1.43,2024-06-20
SCAR-20,久经沙场,StatTrak™,886661,SCAR-20（StatTrak™） | 暗夜活死鸡,531,0.61,0.87,1.43,2024-06-20
SCAR-20,破损不堪,StatTrak™,887078,SCAR-20（StatTrak™） | 暗夜活死鸡,24,0.57,0.94,1.65,2024-06-20
SCAR-20,略有磨损,普通,921434,SCAR-20 | 碎片,664,0.57,0.87,1.53,2024-06-20
SCAR-20,战痕累累,普通,36407,SCAR-20 | 丛林爆发,27,0.55,1.38,2.51,2024-06-20
SCAR-20,破损不堪,普通,36411,SCAR-20 | 丛林爆发,28,0.49,0.65,1.33,2024-06-20
SCAR-20,战痕累累,普通,36402,SCAR-20 | 丛林滑流,18,0.49,0.73,1.49,2024-06-20
SCAR-20,略有磨损,普通,886662,SCAR-20 | 暗夜活死鸡,1167,0.44,0.73,1.66,2024-06-20
SCAR-20,崭新出厂,普通,36423,SCAR-20 | 沙漠网格,98,0.41,0.65,1.59,2024-06-20
SCAR-20,久经沙场,普通,36404,SCAR-20 | 丛林滑流,331,0.4,0.65,1.62,2024-06-20
SCAR-20,破损不堪,普通,36406,SCAR-20 | 丛林滑流,32,0.34,0.58,1.71,2024-06-20
SCAR-20,崭新出厂,普通,36376,SCAR-20 | 雇佣兵,249,0.28,0.44,1.57,2024-06-20
SCAR-20,久经沙场,普通,921415,SCAR-20 | 碎片,1329,0.27,0.51,1.89,2024-06-20
SCAR-20,破损不堪,普通,921544,SCAR-20 | 碎片,81,0.23,0.51,2.22,2024-06-20
SCAR-20,破损不堪,普通,886690,SCAR-20 | 暗夜活死鸡,143,0.23,0.44,1.91,2024-06-20
SCAR-20,久经沙场,普通,886614,SCAR-20 | 暗夜活死鸡,2041,0.23,0.44,1.91,2024-06-20
SCAR-20,战痕累累,普通,886964,SCAR-20 | 暗夜活死鸡,137,0.21,0.44,2.1,2024-06-20
SCAR-20,战痕累累,普通,921472,SCAR-20 | 碎片,323,0.18,0.44,2.44,2024-06-20
SCAR-20,略有磨损,普通,36425,SCAR-20 | 沙漠网格,244,0.06,0.22,3.67,2024-06-20
SCAR-20,久经沙场,普通,36424,SCAR-20 | 沙漠网格,1163,0.04,0.22,5.5,2024-06-20
SCAR-20,略有磨损,普通,36378,SCAR-20 | 雇佣兵,491,0.04,0.22,5.5,2024-06-20
SCAR-20,破损不堪,普通,36426,SCAR-20 | 沙漠网格,99,0.03,0.22,7.33,2024-06-20
SCAR-20,战痕累累,普通,36422,SCAR-20 | 沙漠网格,227,0.03,0.22,7.33,2024-06-20
SCAR-20,破损不堪,普通,36379,SCAR-20 | 雇佣兵,113,0.03,0.22,7.33,2024-06-20
SCAR-20,久经沙场,普通,36377,SCAR-20 | 雇佣兵,1605,0.03,0.22,7.33,2024-06-20
SCAR-20,战痕累累,普通,36375,SCAR-20 | 雇佣兵,238,0.03,0.22,7.33,2024-06-20
SCAR-20,崭新出厂,普通,886634,SCAR-20 | 暗夜活死鸡,1504,0.99,1.38,1.39,2024-06-20
SCAR-20,破损不堪,普通,773763,SCAR-20 | 仓库突击,21,0.96,1.09,1.14,2024-06-20
SCAR-20,久经沙场,普通,773614,SCAR-20 | 仓库突击,107,0.87,1.16,1.33,2024-06-20
SCAR-20,略有磨损,普通,773648,SCAR-20 | 仓库突击,130,0.86,1.16,1.35,2024-06-20
SCAR-20,久经沙场,StatTrak™,39480,SCAR-20（StatTrak™） | 丛林滑流,93,0.85,1.16,1.36,2024-06-20
SCAR-20,久经沙场,纪念品,37977,SCAR-20（纪念品） | 沙漠网格,333,0.85,1.02,1.2,2024-06-20
SCAR-20,崭新出厂,普通,36368,SCAR-20 | 碳素纤维,1859,0.85,1.16,1.36,2024-06-20
SCAR-20,战痕累累,普通,36392,SCAR-20 | 绿色陆战队,24,0.82,1.02,1.24,2024-06-20
SCAR-20,战痕累累,StatTrak™,773735,SCAR-20（StatTrak™） | 仓库突击,32,0.81,0.94,1.16,2024-06-20
SCAR-20,战痕累累,普通,773658,SCAR-20 | 仓库突击,34,0.79,0.87,1.1,2024-06-20
SCAR-20,久经沙场,StatTrak™,773641,SCAR-20（StatTrak™） | 仓库突击,74,0.79,1.09,1.38,2024-06-20
SCAR-20,破损不堪,StatTrak™,39482,SCAR-20（StatTrak™） | 丛林滑流,21,0.76,1.16,1.53,2024-06-20
SCAR-20,久经沙场,StatTrak™,921459,SCAR-20（StatTrak™） | 碎片,418,0.7,1.02,1.46,2024-06-20
SCAR-20,略有磨损,普通,36369,SCAR-20 | 碳素纤维,174,0.69,0.87,1.26,2024-06-20
SCAR-20,略有磨损,普通,36405,SCAR-20 | 丛林滑流,177,0.67,0.94,1.4,2024-06-20
SCAR-20,久经沙场,普通,36409,SCAR-20 | 丛林爆发,138,0.66,0.8,1.21,2024-06-20
SCAR-20,战痕累累,StatTrak™,886992,SCAR-20（StatTrak™） | 暗夜活死鸡,55,0.64,0.87,1.36,2024-06-20
SCAR-20,战痕累累,StatTrak™,921548,SCAR-20（StatTrak™） | 碎片,74,0.61,0.87,1.43,2024-06-20
SCAR-20,破损不堪,StatTrak™,921521,SCAR-20（StatTrak™） | 碎片,34,0.61,0.87,1.43,2024-06-20
SCAR-20,久经沙场,StatTrak™,886661,SCAR-20（StatTrak™） | 暗夜活死鸡,531,0.61,0.87,1.43,2024-06-20
SCAR-20,破损不堪,StatTrak™,887078,SCAR-20（StatTrak™） | 暗夜活死鸡,24,0.57,0.94,1.65,2024-06-20
SCAR-20,略有磨损,普通,921434,SCAR-20 | 碎片,664,0.57,0.87,1.53,2024-06-20
SCAR-20,战痕累累,普通,36407,SCAR-20 | 丛林爆发,27,0.55,1.38,2.51,2024-06-20
SCAR-20,破损不堪,普通,36411,SCAR-20 | 丛林爆发,28,0.49,0.65,1.33,2024-06-20
SCAR-20,战痕累累,普通,36402,SCAR-20 | 丛林滑流,18,0.49,0.73,1.49,2024-06-20
SCAR-20,略有磨损,普通,886662,SCAR-20 | 暗夜活死鸡,1167,0.44,0.73,1.66,2024-06-20
SCAR-20,崭新出厂,普通,36423,SCAR-20 | 沙漠网格,98,0.41,0.65,1.59,2024-06-20
SCAR-20,久经沙场,普通,36404,SCAR-20 | 丛林滑流,331,0.4,0.65,1.62,2024-06-20
SCAR-20,破损不堪,普通,36406,SCAR-20 | 丛林滑流,32,0.34,0.58,1.71,2024-06-20
SCAR-20,崭新出厂,普通,36376,SCAR-20 | 雇佣兵,249,0.28,0.44,1.57,2024-06-20
SCAR-20,久经沙场,普通,921415,SCAR-20 | 碎片,1329,0.27,0.51,1.89,2024-06-20
SCAR-20,破损不堪,普通,921544,SCAR-20 | 碎片,81,0.23,0.51,2.22,2024-06-20
SCAR-20,破损不堪,普通,886690,SCAR-20 | 暗夜活死鸡,143,0.23,0.44,1.91,2024-06-20
SCAR-20,久经沙场,普通,886614,SCAR-20 | 暗夜活死鸡,2041,0.23,0.44,1.91,2024-06-20
SCAR-20,战痕累累,普通,886964,SCAR-20 | 暗夜活死鸡,137,0.21,0.44,2.1,2024-06-20
SCAR-20,战痕累累,普通,921472,SCAR-20 | 碎片,323,0.18,0.44,2.44,2024-06-20
SCAR-20,略有磨损,普通,36425,SCAR-20 | 沙漠网格,244,0.06,0.22,3.67,2024-06-20
SCAR-20,久经沙场,普通,36424,SCAR-20 | 沙漠网格,1163,0.04,0.22,5.5,2024-06-20
SCAR-20,略有磨损,普通,36378,SCAR-20 | 雇佣兵,491,0.04,0.22,5.5,2024-06-20
SCAR-20,破损不堪,普通,36426,SCAR-20 | 沙漠网格,99,0.03,0.22,7.33,2024-06-20
SCAR-20,战痕累累,普通,36422,SCAR-20 | 沙漠网格,227,0.03,0.22,7.33,2024-06-20
SCAR-20,破损不堪,普通,36379,SCAR-20 | 雇佣兵,113,0.03,0.22,7.33,2024-06-20
SCAR-20,久经沙场,普通,36377,SCAR-20 | 雇佣兵,1605,0.03,0.22,7.33,2024-06-20
SCAR-20,战痕累累,普通,36375,SCAR-20 | 雇佣兵,238,0.03,0.22,7.33,2024-06-20
SCAR-20,崭新出厂,普通,886634,SCAR-20 | 暗夜活死鸡,1504,0.99,1.38,1.39,2024-06-20
SCAR-20,破损不堪,普通,773763,SCAR-20 | 仓库突击,21,0.96,1.09,1.14,2024-06-20
SCAR-20,久经沙场,普通,773614,SCAR-20 | 仓库突击,107,0.87,1.16,1.33,2024-06-20
SCAR-20,略有磨损,普通,773648,SCAR-20 | 仓库突击,130,0.86,1.16,1.35,2024-06-20
SCAR-20,久经沙场,StatTrak™,39480,SCAR-20（StatTrak™） | 丛林滑流,93,0.85,1.16,1.36,2024-06-20
SCAR-20,久经沙场,纪念品,37977,SCAR-20（纪念品） | 沙漠网格,333,0.85,1.02,1.2,2024-06-20
SCAR-20,崭新出厂,普通,36368,SCAR-20 | 碳素纤维,1859,0.85,1.16,1.36,2024-06-20
SCAR-20,战痕累累,普通,36392,SCAR-20 | 绿色陆战队,24,0.82,1.02,1.24,2024-06-20
SCAR-20,战痕累累,StatTrak™,773735,SCAR-20（StatTrak™） | 仓库突击,32,0.81,0.94,1.16,2024-06-20
SCAR-20,战痕累累,普通,773658,SCAR-20 | 仓库突击,34,0.79,0.87,1.1,2024-06-20
SCAR-20,久经沙场,StatTrak™,773641,SCAR-20（StatTrak™） | 仓库突击,74,0.79,1.09,1.38,2024-06-20
SCAR-20,破损不堪,StatTrak™,39482,SCAR-20（StatTrak™） | 丛林滑流,21,0.76,1.16,1.53,2024-06-20
SCAR-20,久经沙场,StatTrak™,921459,SCAR-20（StatTrak™） | 碎片,418,0.7,1.02,1.46,2024-06-20
SCAR-20,略有磨损,普通,36369,SCAR-20 | 碳素纤维,174,0.69,0.87,1.26,2024-06-20
SCAR-20,略有磨损,普通,36405,SCAR-20 | 丛林滑流,177,0.67,0.94,1.4,2024-06-20
SCAR-20,久经沙场,普通,36409,SCAR-20 | 丛林爆发,138,0.66,0.8,1.21,2024-06-20
SCAR-20,战痕累累,StatTrak™,886992,SCAR-20（StatTrak™） | 暗夜活死鸡,55,0.64,0.87,1.36,2024-06-20
SCAR-20,战痕累累,StatTrak™,921548,SCAR-20（StatTrak™） | 碎片,74,0.61,0.87,1.43,2024-06-20
SCAR-20,破损不堪,StatTrak™,921521,SCAR-20（StatTrak™） | 碎片,34,0.61,0.87,1.43,2024-06-20
SCAR-20,久经沙场,StatTrak™,886661,SCAR-20（StatTrak™） | 暗夜活死鸡,531,0.61,0.87,1.43,2024-06-20
SCAR-20,破损不堪,StatTrak™,887078,SCAR-20（StatTrak™） | 暗夜活死鸡,24,0.57,0.94,1.65,2024-06-20
SCAR-20,略有磨损,普通,921434,SCAR-20 | 碎片,664,0.57,0.87,1.53,2024-06-20
SCAR-20,战痕累累,普通,36407,SCAR-20 | 丛林爆发,27,0.55,1.38,2.51,2024-06-20
SCAR-20,破损不堪,普通,36411,SCAR-20 | 丛林爆发,28,0.49,0.65,1.33,2024-06-20
SCAR-20,战痕累累,普通,36402,SCAR-20 | 丛林滑流,18,0.49,0.73,1.49,2024-06-20
SCAR-20,略有磨损,普通,886662,SCAR-20 | 暗夜活死鸡,1167,0.44,0.73,1.66,2024-06-20
SCAR-20,崭新出厂,普通,36423,SCAR-20 | 沙漠网格,98,0.41,0.65,1.59,2024-06-20
SCAR-20,久经沙场,普通,36404,SCAR-20 | 丛林滑流,331,0.4,0.65,1.62,2024-06-20
SCAR-20,破损不堪,普通,36406,SCAR-20 | 丛林滑流,32,0.34,0.58,1.71,2024-06-20
SCAR-20,崭新出厂,普通,36376,SCAR-20 | 雇佣兵,249,0.28,0.44,1.57,2024-06-20
SCAR-20,久经沙场,普通,921415,SCAR-20 | 碎片,1329,0.27,0.51,1.89,2024-06-20
SCAR-20,破损不堪,普通,921544,SCAR-20 | 碎片,81,0.23,0.51,2.22,2024-06-20
SCAR-20,破损不堪,普通,886690,SCAR-20 | 暗夜活死鸡,143,0.23,0.44,1.91,2024-06-20
SCAR-20,久经沙场,普通,886614,SCAR-20 | 暗夜活死鸡,2041,0.23,0.44,1.91,2024-06-20
SCAR-20,战痕累累,普通,886964,SCAR-20 | 暗夜活死鸡,137,0.21,0.44,2.1,2024-06-20
SCAR-20,战痕累累,普通,921472,SCAR-20 | 碎片,323,0.18,0.44,2.44,2024-06-20
SCAR-20,略有磨损,普通,36425,SCAR-20 | 沙漠网格,244,0.06,0.22,3.67,2024-06-20
SCAR-20,久经沙场,普通,36424,SCAR-20 | 沙漠网格,1163,0.04,0.22,5.5,2024-06-20
SCAR-20,略有磨损,普通,36378,SCAR-20 | 雇佣兵,491,0.04,0.22,5.5,2024-06-20
SCAR-20,破损不堪,普通,36426,SCAR-20 | 沙漠网格,99,0.03,0.22,7.33,2024-06-20
SCAR-20,战痕累累,普通,36422,SCAR-20 | 沙漠网格,227,0.03,0.22,7.33,2024-06-20
SCAR-20,破损不堪,普通,36379,SCAR-20 | 雇佣兵,113,0.03,0.22,7.33,2024-06-20
SCAR-20,久经沙场,普通,36377,SCAR-20 | 雇佣兵,1605,0.03,0.22,7.33,2024-06-20
SCAR-20,战痕累累,普通,36375,SCAR-20 | 雇佣兵,238,0.03,0.22,7.33,2024-06-20
SCAR-20,崭新出厂,普通,779276,SCAR-20 | 执行者,261,9.97,13.93,1.4,2024-06-20
SCAR-20,略有磨损,StatTrak™,779326,SCAR-20（StatTrak™） | 执行者,149,9.89,13.93,1.41,2024-06-20
SCAR-20,略有磨损,StatTrak™,775872,SCAR-20（StatTrak™） | 撕起来,35,9.53,12.99,1.36,2024-06-20
SCAR-20,破损不堪,普通,775293,SCAR-20 | 石砌,11,9.52,12.05,1.27,2024-06-20
SCAR-20,战痕累累,普通,775408,SCAR-20 | 石砌,10,9.03,11.76,1.3,2024-06-20
SCAR-20,略有磨损,StatTrak™,39491,SCAR-20（StatTrak™） | 权力之心,97,8.99,12.27,1.36,2024-06-20
SCAR-20,崭新出厂,StatTrak™,39474,SCAR-20（StatTrak™） | 蓝洞,155,8.74,11.47,1.31,2024-06-20
SCAR-20,崭新出厂,StatTrak™,39484,SCAR-20（StatTrak™） | 丛林爆发,78,8.29,11.32,1.37,2024-06-20
SCAR-20,崭新出厂,普通,774810,SCAR-20 | 撕起来,102,7.29,10.09,1.38,2024-06-20
SCAR-20,久经沙场,StatTrak™,774817,SCAR-20（StatTrak™） | 撕起来,41,6.13,8.78,1.43,2024-06-20
SCAR-20,崭新出厂,StatTrak™,39449,SCAR-20（StatTrak™） | 蓝图,146,5.94,8.42,1.42,2024-06-20
SCAR-20,略有磨损,StatTrak™,39486,SCAR-20（StatTrak™） | 丛林爆发,59,5.87,6.97,1.19,2024-06-20
SCAR-20,略有磨损,StatTrak™,39471,SCAR-20（StatTrak™） | 绿色陆战队,43,5.66,7.69,1.36,2024-06-20
SCAR-20,破损不堪,StatTrak™,775945,SCAR-20（StatTrak™） | 撕起来,3,5.13,6.89,1.34,2024-06-20
SCAR-20,略有磨损,StatTrak™,39476,SCAR-20（StatTrak™） | 蓝洞,127,4.79,7.26,1.52,2024-06-20
SCAR-20,崭新出厂,StatTrak™,773660,SCAR-20（StatTrak™） | 仓库突击,77,4.4,6.68,1.52,2024-06-20
SCAR-20,久经沙场,StatTrak™,779305,SCAR-20（StatTrak™） | 执行者,158,4.38,5.66,1.29,2024-06-20
SCAR-20,略有磨损,普通,779193,SCAR-20 | 执行者,435,4.24,5.52,1.3,2024-06-20
SCAR-20,崭新出厂,StatTrak™,921573,SCAR-20（StatTrak™） | 碎片,247,4.16,6.02,1.45,2024-06-20
SCAR-20,略有磨损,普通,775082,SCAR-20 | 撕起来,72,4.09,5.81,1.42,2024-06-20
SCAR-20,战痕累累,StatTrak™,779330,SCAR-20（StatTrak™） | 执行者,48,3.97,4.64,1.17,2024-06-20
SCAR-20,久经沙场,StatTrak™,39490,SCAR-20（StatTrak™） | 权力之心,85,3.97,5.23,1.32,2024-06-20
SCAR-20,破损不堪,StatTrak™,779278,SCAR-20（StatTrak™） | 执行者,44,3.92,4.72,1.2,2024-06-20
SCAR-20,略有磨损,StatTrak™,39451,SCAR-20（StatTrak™） | 蓝图,186,3.91,5.08,1.3,2024-06-20
SCAR-20,久经沙场,纪念品,37982,SCAR-20（纪念品） | 暴风呼啸,472,3.87,5.81,1.5,2024-06-20
SCAR-20,崭新出厂,StatTrak™,39479,SCAR-20（StatTrak™） | 丛林滑流,106,3.65,5.23,1.43,2024-06-20
SCAR-20,破损不堪,纪念品,37984,SCAR-20（纪念品） | 暴风呼啸,59,3.65,5.01,1.37,2024-06-20
SCAR-20,崭新出厂,StatTrak™,886676,SCAR-20（StatTrak™） | 暗夜活死鸡,386,3.58,4.35,1.22,2024-06-20
SCAR-20,略有磨损,普通,36420,SCAR-20 | 权力之心,128,3.49,5.01,1.44,2024-06-20
SCAR-20,破损不堪,StatTrak™,39477,SCAR-20（StatTrak™） | 蓝洞,14,3.41,5.44,1.6,2024-06-20
SCAR-20,破损不堪,普通,775487,SCAR-20 | 撕起来,24,3.36,4.35,1.29,2024-06-20
SCAR-20,久经沙场,普通,774976,SCAR-20 | 撕起来,77,3.3,3.92,1.19,2024-06-20
SCAR-20,久经沙场,StatTrak™,39475,SCAR-20（StatTrak™） | 蓝洞,101,3.17,4.28,1.35,2024-06-20
SCAR-20,崭新出厂,普通,36393,SCAR-20 | 绿色陆战队,98,3.14,4.21,1.34,2024-06-20
SCAR-20,崭新出厂,普通,36398,SCAR-20 | 蓝洞,210,2.99,3.7,1.24,2024-06-20
SCAR-20,战痕累累,StatTrak™,39473,SCAR-20（StatTrak™） | 蓝洞,26,2.97,4.28,1.44,2024-06-20
SCAR-20,破损不堪,StatTrak™,39492,SCAR-20（StatTrak™） | 权力之心,20,2.86,3.99,1.4,2024-06-20
SCAR-20,久经沙场,StatTrak™,39485,SCAR-20（StatTrak™） | 丛林爆发,81,2.85,2.54,0.89,2024-06-20
SCAR-20,破损不堪,StatTrak™,39472,SCAR-20（StatTrak™） | 绿色陆战队,19,2.85,3.63,1.27,2024-06-20
SCAR-20,战痕累累,StatTrak™,39488,SCAR-20（StatTrak™） | 权力之心,31,2.76,3.92,1.42,2024-06-20
SCAR-20,战痕累累,纪念品,37980,SCAR-20（纪念品） | 暴风呼啸,94,2.65,3.85,1.45,2024-06-20
SCAR-20,崭新出厂,普通,36364,SCAR-20 | 蓝图,302,2.27,3.12,1.37,2024-06-20
SCAR-20,略有磨损,普通,36395,SCAR-20 | 绿色陆战队,74,2.19,2.83,1.29,2024-06-20
SCAR-20,久经沙场,StatTrak™,39450,SCAR-20（StatTrak™） | 蓝图,121,2.15,2.69,1.25,2024-06-20
SCAR-20,久经沙场,普通,779203,SCAR-20 | 执行者,595,2.09,2.69,1.29,2024-06-20
SCAR-20,破损不堪,StatTrak™,39452,SCAR-20（StatTrak™） | 蓝图,29,2.08,3.12,1.5,2024-06-20
SCAR-20,久经沙场,StatTrak™,39470,SCAR-20（StatTrak™） | 绿色陆战队,86,2.05,2.61,1.27,2024-06-20
SCAR-20,崭新出厂,普通,36408,SCAR-20 | 丛林爆发,234,1.99,2.98,1.5,2024-06-20
SCAR-20,略有磨损,StatTrak™,773726,SCAR-20（StatTrak™） | 仓库突击,80,1.99,3.34,1.68,2024-06-20
SCAR-20,略有磨损,普通,36400,SCAR-20 | 蓝洞,103,1.97,2.25,1.14,2024-06-20
SCAR-20,破损不堪,普通,36421,SCAR-20 | 权力之心,74,1.95,2.18,1.12,2024-06-20
SCAR-20,久经沙场,普通,36419,SCAR-20 | 权力之心,199,1.84,2.54,1.38,2024-06-20
SCAR-20,破损不堪,StatTrak™,39487,SCAR-20（StatTrak™） | 丛林爆发,10,1.77,1.52,0.86,2024-06-20
SCAR-20,略有磨损,StatTrak™,921512,SCAR-20（StatTrak™） | 碎片,330,1.76,2.69,1.53,2024-06-20
SCAR-20,战痕累累,普通,779239,SCAR-20 | 执行者,205,1.73,2.1,1.21,2024-06-20
SCAR-20,战痕累累,StatTrak™,39468,SCAR-20（StatTrak™） | 绿色陆战队,29,1.73,2.18,1.26,2024-06-20
SCAR-20,破损不堪,普通,779249,SCAR-20 | 执行者,260,1.68,2.47,1.47,2024-06-20
SCAR-20,略有磨损,纪念品,37978,SCAR-20（纪念品） | 沙漠网格,137,1.67,2.61,1.56,2024-06-20
SCAR-20,战痕累累,StatTrak™,39448,SCAR-20（StatTrak™） | 蓝图,39,1.65,2.18,1.32,2024-06-20
SCAR-20,略有磨损,普通,36366,SCAR-20 | 蓝图,223,1.61,2.18,1.35,2024-06-20
SCAR-20,略有磨损,StatTrak™,39481,SCAR-20（StatTrak™） | 丛林滑流,95,1.59,2.25,1.42,2024-06-20
SCAR-20,战痕累累,普通,36417,SCAR-20 | 权力之心,50,1.56,2.1,1.35,2024-06-20
SCAR-20,略有磨损,StatTrak™,886678,SCAR-20（StatTrak™） | 暗夜活死鸡,498,1.52,2.03,1.34,2024-06-20
SCAR-20,战痕累累,普通,36397,SCAR-20 | 蓝洞,15,1.5,2.47,1.65,2024-06-20
SCAR-20,破损不堪,StatTrak™,773759,SCAR-20（StatTrak™） | 仓库突击,13,1.48,2.18,1.47,2024-06-20
SCAR-20,崭新出厂,普通,773670,SCAR-20 | 仓库突击,254,1.44,1.89,1.31,2024-06-20
SCAR-20,战痕累累,StatTrak™,39478,SCAR-20（StatTrak™） | 丛林滑流,17,1.33,2.1,1.58,2024-06-20
SCAR-20,久经沙场,普通,36365,SCAR-20 | 蓝图,268,1.33,1.81,1.36,2024-06-20
SCAR-20,略有磨损,普通,36410,SCAR-20 | 丛林爆发,136,1.32,1.67,1.27,2024-06-20
SCAR-20,破损不堪,普通,36367,SCAR-20 | 蓝图,53,1.29,1.74,1.35,2024-06-20
SCAR-20,崭新出厂,普通,36403,SCAR-20 | 丛林滑流,265,1.29,1.96,1.52,2024-06-20
SCAR-20,战痕累累,普通,36363,SCAR-20 | 蓝图,42,1.23,1.38,1.12,2024-06-20
SCAR-20,崭新出厂,普通,921424,SCAR-20 | 碎片,602,1.19,1.67,1.4,2024-06-20
SCAR-20,战痕累累,StatTrak™,39483,SCAR-20（StatTrak™） | 丛林爆发,14,1.18,1.52,1.29,2024-06-20
SCAR-20,久经沙场,普通,36399,SCAR-20 | 蓝洞,136,1.16,1.67,1.44,2024-06-20
SCAR-20,破损不堪,普通,36401,SCAR-20 | 蓝洞,24,1.15,1.74,1.51,2024-06-20
SCAR-20,破损不堪,纪念品,37979,SCAR-20（纪念品） | 沙漠网格,39,1.11,1.23,1.11,2024-06-20
SCAR-20,破损不堪,普通,36396,SCAR-20 | 绿色陆战队,18,1.08,1.31,1.21,2024-06-20
SCAR-20,久经沙场,普通,36394,SCAR-20 | 绿色陆战队,226,1.06,1.38,1.3,2024-06-20
SCAR-20,战痕累累,纪念品,37975,SCAR-20（纪念品） | 沙漠网格,78,1.01,1.23,1.22,2024-06-20
SCAR-20,崭新出厂,普通,886634,SCAR-20 | 暗夜活死鸡,1504,0.99,1.38,1.39,2024-06-20
SCAR-20,破损不堪,普通,773763,SCAR-20 | 仓库突击,21,0.96,1.09,1.14,2024-06-20
SCAR-20,久经沙场,普通,773614,SCAR-20 | 仓库突击,107,0.87,1.16,1.33,2024-06-20
SCAR-20,略有磨损,普通,773648,SCAR-20 | 仓库突击,130,0.86,1.16,1.35,2024-06-20
SCAR-20,久经沙场,StatTrak™,39480,SCAR-20（StatTrak™） | 丛林滑流,93,0.85,1.16,1.36,2024-06-20
SCAR-20,久经沙场,纪念品,37977,SCAR-20（纪念品） | 沙漠网格,333,0.85,1.02,1.2,2024-06-20
SCAR-20,崭新出厂,普通,36368,SCAR-20 | 碳素纤维,1859,0.85,1.16,1.36,2024-06-20
SCAR-20,战痕累累,普通,36392,SCAR-20 | 绿色陆战队,24,0.82,1.02,1.24,2024-06-20
SCAR-20,战痕累累,StatTrak™,773735,SCAR-20（StatTrak™） | 仓库突击,32,0.81,0.94,1.16,2024-06-20
SCAR-20,战痕累累,普通,773658,SCAR-20 | 仓库突击,34,0.79,0.87,1.1,2024-06-20
SCAR-20,久经沙场,StatTrak™,773641,SCAR-20（StatTrak™） | 仓库突击,74,0.79,1.09,1.38,2024-06-20
SCAR-20,破损不堪,StatTrak™,39482,SCAR-20（StatTrak™） | 丛林滑流,21,0.76,1.16,1.53,2024-06-20
SCAR-20,久经沙场,StatTrak™,921459,SCAR-20（StatTrak™） | 碎片,418,0.7,1.02,1.46,2024-06-20
SCAR-20,略有磨损,普通,36369,SCAR-20 | 碳素纤维,174,0.69,0.87,1.26,2024-06-20
SCAR-20,久经沙场,普通,36409,SCAR-20 | 丛林爆发,138,0.66,0.8,1.21,2024-06-20
SCAR-20,略有磨损,普通,36405,SCAR-20 | 丛林滑流,178,0.66,0.94,1.42,2024-06-20
SCAR-20,战痕累累,StatTrak™,886992,SCAR-20（StatTrak™） | 暗夜活死鸡,55,0.64,0.87,1.36,2024-06-20
SCAR-20,战痕累累,StatTrak™,921548,SCAR-20（StatTrak™） | 碎片,74,0.61,0.87,1.43,2024-06-20
SCAR-20,破损不堪,StatTrak™,921521,SCAR-20（StatTrak™） | 碎片,34,0.61,0.87,1.43,2024-06-20
SCAR-20,久经沙场,StatTrak™,886661,SCAR-20（StatTrak™） | 暗夜活死鸡,532,0.61,0.87,1.43,2024-06-20
SCAR-20,破损不堪,StatTrak™,887078,SCAR-20（StatTrak™） | 暗夜活死鸡,24,0.57,0.94,1.65,2024-06-20
SCAR-20,略有磨损,普通,921434,SCAR-20 | 碎片,664,0.57,0.87,1.53,2024-06-20
SCAR-20,战痕累累,普通,36407,SCAR-20 | 丛林爆发,27,0.55,1.38,2.51,2024-06-20
SCAR-20,破损不堪,普通,36411,SCAR-20 | 丛林爆发,28,0.49,0.65,1.33,2024-06-20
SCAR-20,战痕累累,普通,36402,SCAR-20 | 丛林滑流,18,0.49,0.73,1.49,2024-06-20
SCAR-20,略有磨损,普通,886662,SCAR-20 | 暗夜活死鸡,1168,0.44,0.73,1.66,2024-06-20
SCAR-20,崭新出厂,普通,36423,SCAR-20 | 沙漠网格,98,0.41,0.65,1.59,2024-06-20
SCAR-20,久经沙场,普通,36404,SCAR-20 | 丛林滑流,331,0.4,0.65,1.62,2024-06-20
SCAR-20,破损不堪,普通,36406,SCAR-20 | 丛林滑流,32,0.34,0.58,1.71,2024-06-20
SCAR-20,崭新出厂,普通,36376,SCAR-20 | 雇佣兵,249,0.28,0.44,1.57,2024-06-20
SCAR-20,久经沙场,普通,921415,SCAR-20 | 碎片,1329,0.27,0.51,1.89,2024-06-20
SCAR-20,破损不堪,普通,921544,SCAR-20 | 碎片,81,0.23,0.51,2.22,2024-06-20
SCAR-20,破损不堪,普通,886690,SCAR-20 | 暗夜活死鸡,143,0.23,0.44,1.91,2024-06-20
SCAR-20,久经沙场,普通,886614,SCAR-20 | 暗夜活死鸡,2042,0.22,0.44,2.0,2024-06-20
SCAR-20,战痕累累,普通,886964,SCAR-20 | 暗夜活死鸡,137,0.21,0.44,2.1,2024-06-20
SCAR-20,战痕累累,普通,921472,SCAR-20 | 碎片,323,0.18,0.44,2.44,2024-06-20
SCAR-20,略有磨损,普通,36425,SCAR-20 | 沙漠网格,244,0.06,0.22,3.67,2024-06-20
SCAR-20,久经沙场,普通,36424,SCAR-20 | 沙漠网格,1162,0.04,0.22,5.5,2024-06-20
SCAR-20,略有磨损,普通,36378,SCAR-20 | 雇佣兵,491,0.04,0.22,5.5,2024-06-20
SCAR-20,破损不堪,普通,36426,SCAR-20 | 沙漠网格,99,0.03,0.22,7.33,2024-06-20
SCAR-20,战痕累累,普通,36422,SCAR-20 | 沙漠网格,227,0.03,0.22,7.33,2024-06-20
SCAR-20,破损不堪,普通,36379,SCAR-20 | 雇佣兵,113,0.03,0.22,7.33,2024-06-20
SCAR-20,久经沙场,普通,36377,SCAR-20 | 雇佣兵,1604,0.03,0.22,7.33,2024-06-20
SCAR-20,战痕累累,普通,36375,SCAR-20 | 雇佣兵,238,0.03,0.22,7.33,2024-06-20
