USP 消音版,崭新出厂,纪念品,38107,USP 消音版（纪念品） | 午夜行动,2,6999.5,5609.99,0.8,2024-06-17
USP 消音版,战痕累累,纪念品,43913,USP 消音版（纪念品） | 森林之叶,1,6887.5,627.32,0.09,2024-06-17
USP 消音版,略有磨损,纪念品,38109,USP 消音版（纪念品） | 午夜行动,5,3299.5,7247.55,2.2,2024-06-17
USP 消音版,崭新出厂,StatTrak™,39739,USP 消音版（StatTrak™） | 枪响人亡,104,3029,5178.62,1.71,2024-06-17
USP 消音版,崭新出厂,纪念品,38116,USP 消音版（纪念品） | 宝蓝之色,13,1899.5,12411.22,6.53,2024-06-17
USP 消音版,崭新出厂,StatTrak™,39757,USP 消音版（StatTrak™） | 疯狂蔓延,5,1749.5,2167.01,1.24,2024-06-17
USP 消音版,崭新出厂,StatTrak™,900665,USP 消音版（StatTrak™） | 印花集,200,1548.49,2085.76,1.35,2024-06-17
USP 消音版,崭新出厂,普通,871798,USP 消音版 | 银装素裹,111,1498.99,2140.17,1.43,2024-06-17
USP 消音版,略有磨损,StatTrak™,39741,USP 消音版（StatTrak™） | 枪响人亡,109,1438.5,2009.58,1.4,2024-06-17
USP 消音版,崭新出厂,普通,835753,USP 消音版 | 锁定,110,1349.49,2247.39,1.67,2024-06-17
USP 消音版,久经沙场,纪念品,38108,USP 消音版（纪念品） | 午夜行动,5,1110.5,3575.02,3.22,2024-06-17
USP 消音版,崭新出厂,StatTrak™,857715,USP 消音版（StatTrak™） | 倒吊人,57,1035.5,1393.43,1.35,2024-06-17
USP 消音版,略有磨损,StatTrak™,39734,USP 消音版（StatTrak™） | 黑水,54,968,1300.21,1.34,2024-06-17
USP 消音版,略有磨损,普通,835723,USP 消音版 | 锁定,48,959.4,1523.07,1.59,2024-06-17
USP 消音版,久经沙场,普通,835728,USP 消音版 | 锁定,10,934.5,1192.76,1.28,2024-06-17
USP 消音版,崭新出厂,普通,42181,USP 消音版 | 枪响人亡,283,929.9,1354.69,1.46,2024-06-17
USP 消音版,久经沙场,StatTrak™,39733,USP 消音版（StatTrak™） | 黑水,17,899.5,1096.93,1.22,2024-06-17
USP 消音版,崭新出厂,StatTrak™,39720,USP 消音版（StatTrak™） | 蓝图,81,835.1,1199.73,1.44,2024-06-17
USP 消音版,久经沙场,StatTrak™,39740,USP 消音版（StatTrak™） | 枪响人亡,102,789.5,1153.44,1.46,2024-06-17
USP 消音版,崭新出厂,StatTrak™,43935,USP 消音版（StatTrak™） | 猎户,170,724.5,1006.39,1.39,2024-06-17
USP 消音版,略有磨损,StatTrak™,900546,USP 消音版（StatTrak™） | 印花集,322,707.3,1027.64,1.45,2024-06-17
USP 消音版,崭新出厂,StatTrak™,39724,USP 消音版（StatTrak™） | 凯门鳄,30,688.5,1074.0,1.56,2024-06-17
USP 消音版,崭新出厂,普通,900565,USP 消音版 | 印花集,741,687,898.94,1.31,2024-06-17
USP 消音版,崭新出厂,StatTrak™,39749,USP 消音版（StatTrak™） | 黑色魅影,208,647.48,997.03,1.54,2024-06-17
USP 消音版,略有磨损,StatTrak™,39726,USP 消音版（StatTrak™） | 凯门鳄,9,632.5,781.78,1.24,2024-06-17
USP 消音版,略有磨损,纪念品,38105,USP 消音版（纪念品） | 森林之叶,4,599,848.96,1.42,2024-06-17
USP 消音版,崭新出厂,纪念品,38111,USP 消音版（纪念品） | 公路杀手,33,584.91,938.19,1.6,2024-06-17
USP 消音版,略有磨损,普通,42171,USP 消音版 | 黑水,46,558.29,747.1,1.34,2024-06-17
USP 消音版,战痕累累,StatTrak™,39738,USP 消音版（StatTrak™） | 枪响人亡,17,549,776.26,1.41,2024-06-17
USP 消音版,破损不堪,StatTrak™,39742,USP 消音版（StatTrak™） | 枪响人亡,31,547.9,952.12,1.74,2024-06-17
USP 消音版,崭新出厂,StatTrak™,835602,USP 消音版（StatTrak™） | 小绿怪,86,546.5,799.41,1.46,2024-06-17
USP 消音版,略有磨损,StatTrak™,39754,USP 消音版（StatTrak™） | 猎户,54,536.9,857.66,1.6,2024-06-17
USP 消音版,崭新出厂,普通,871547,USP 消音版 | 橙红安乐蜥,95,524.5,779.02,1.49,2024-06-17
USP 消音版,久经沙场,StatTrak™,39753,USP 消音版（StatTrak™） | 猎户,14,519.5,808.84,1.56,2024-06-17
USP 消音版,久经沙场,普通,42170,USP 消音版 | 黑水,29,515,688.63,1.34,2024-06-17
USP 消音版,略有磨损,普通,871574,USP 消音版 | 橙红安乐蜥,20,499.5,688.84,1.38,2024-06-17
USP 消音版,久经沙场,普通,871455,USP 消音版 | 橙红安乐蜥,7,498.5,780.4,1.57,2024-06-17
USP 消音版,久经沙场,纪念品,38104,USP 消音版（纪念品） | 森林之叶,6,498.5,657.65,1.32,2024-06-17
USP 消音版,略有磨损,普通,42183,USP 消音版 | 枪响人亡,414,473.49,647.78,1.37,2024-06-17
USP 消音版,崭新出厂,StatTrak™,39765,USP 消音版（StatTrak™） | 不锈钢,229,449.5,741.3,1.65,2024-06-17
USP 消音版,战痕累累,普通,42200,USP 消音版 | 猎户,2,422.5,428.61,1.01,2024-06-17
USP 消音版,久经沙场,StatTrak™,900640,USP 消音版（StatTrak™） | 印花集,382,397.5,562.39,1.41,2024-06-17
USP 消音版,崭新出厂,普通,42216,USP 消音版 | 公路杀手,126,395.49,541.79,1.37,2024-06-17
USP 消音版,略有磨损,普通,900615,USP 消音版 | 印花集,1714,394.5,526.48,1.33,2024-06-17
USP 消音版,崭新出厂,普通,42221,USP 消音版 | 宝蓝之色,56,385.5,536.64,1.39,2024-06-17
USP 消音版,崭新出厂,普通,42161,USP 消音版 | 凯门鳄,88,379.5,523.58,1.38,2024-06-17
USP 消音版,崭新出厂,StatTrak™,39761,USP 消音版（StatTrak™） | 血清,59,377.4,527.79,1.4,2024-06-17
USP 消音版,崭新出厂,普通,42201,USP 消音版 | 猎户,515,377.38,526.48,1.4,2024-06-17
USP 消音版,破损不堪,普通,42204,USP 消音版 | 猎户,1,376.31,851.5,2.26,2024-06-17
USP 消音版,破损不堪,StatTrak™,900654,USP 消音版（StatTrak™） | 印花集,31,376,529.38,1.41,2024-06-17
USP 消音版,崭新出厂,普通,42225,USP 消音版 | 血清,103,372.5,502.76,1.35,2024-06-17
USP 消音版,崭新出厂,普通,42206,USP 消音版 | 疯狂蔓延,30,369.08,572.98,1.55,2024-06-17
USP 消音版,略有磨损,StatTrak™,39759,USP 消音版（StatTrak™） | 疯狂蔓延,71,368.5,531.41,1.44,2024-06-17
USP 消音版,久经沙场,StatTrak™,39725,USP 消音版（StatTrak™） | 凯门鳄,19,368.4,493.04,1.34,2024-06-17
USP 消音版,久经沙场,StatTrak™,39762,USP 消音版（StatTrak™） | 血清,4,367.72,362.38,0.99,2024-06-17
USP 消音版,崭新出厂,StatTrak™,956583,USP 消音版（StatTrak™） | 破颚者,42,351.5,518.5,1.48,2024-06-17
USP 消音版,破损不堪,普通,836161,USP 消音版 | 远古幻想,2,349.5,382.55,1.09,2024-06-17
USP 消音版,破损不堪,StatTrak™,39760,USP 消音版（StatTrak™） | 疯狂蔓延,3,349.5,435.29,1.25,2024-06-17
USP 消音版,崭新出厂,普通,857686,USP 消音版 | 倒吊人,205,349,486.07,1.39,2024-06-17
USP 消音版,崭新出厂,普通,42157,USP 消音版 | 商业皮革,24,343.2,566.16,1.65,2024-06-17
USP 消音版,略有磨损,StatTrak™,857705,USP 消音版（StatTrak™） | 倒吊人,162,332.43,500.36,1.51,2024-06-17
USP 消音版,略有磨损,普通,42163,USP 消音版 | 凯门鳄,52,328.8,440.95,1.34,2024-06-17
USP 消音版,略有磨损,普通,871443,USP 消音版 | 银装素裹,847,328.5,442.54,1.35,2024-06-17
USP 消音版,略有磨损,StatTrak™,39751,USP 消音版（StatTrak™） | 黑色魅影,134,325.49,456.33,1.4,2024-06-17
USP 消音版,略有磨损,普通,42203,USP 消音版 | 猎户,206,315.9,425.78,1.35,2024-06-17
USP 消音版,崭新出厂,普通,835877,USP 消音版 | 远古幻想,51,314.89,443.92,1.41,2024-06-17
USP 消音版,略有磨损,StatTrak™,835802,USP 消音版（StatTrak™） | 小绿怪,63,313.5,433.84,1.38,2024-06-17
USP 消音版,略有磨损,普通,835839,USP 消音版 | 远古幻想,11,306.5,449.0,1.46,2024-06-17
USP 消音版,久经沙场,StatTrak™,39758,USP 消音版（StatTrak™） | 疯狂蔓延,50,294.5,399.81,1.36,2024-06-17
USP 消音版,久经沙场,普通,835857,USP 消音版 | 远古幻想,21,289.8,449.8,1.55,2024-06-17
USP 消音版,久经沙场,普通,42202,USP 消音版 | 猎户,30,288.37,400.54,1.39,2024-06-17
USP 消音版,破损不堪,普通,42164,USP 消音版 | 凯门鳄,2,283.47,338.22,1.19,2024-06-17
USP 消音版,略有磨损,普通,42218,USP 消音版 | 公路杀手,101,282.45,409.46,1.45,2024-06-17
USP 消音版,破损不堪,StatTrak™,43995,USP 消音版（StatTrak™） | 黑色魅影,5,281.48,404.89,1.44,2024-06-17
USP 消音版,战痕累累,StatTrak™,39756,USP 消音版（StatTrak™） | 疯狂蔓延,6,279.5,390.96,1.4,2024-06-17
USP 消音版,久经沙场,普通,42182,USP 消音版 | 枪响人亡,590,278.99,383.49,1.37,2024-06-17
USP 消音版,战痕累累,StatTrak™,900677,USP 消音版（StatTrak™） | 印花集,59,277.59,373.91,1.35,2024-06-17
USP 消音版,崭新出厂,普通,835670,USP 消音版 | 小绿怪,248,274.5,373.48,1.36,2024-06-17
USP 消音版,久经沙场,普通,42162,USP 消音版 | 凯门鳄,17,269,339.67,1.26,2024-06-17
USP 消音版,略有磨损,StatTrak™,39763,USP 消音版（StatTrak™） | 血清,25,250.5,326.39,1.3,2024-06-17
USP 消音版,崭新出厂,StatTrak™,871841,USP 消音版（StatTrak™） | 黑莲花,60,229.4,301.15,1.31,2024-06-17
USP 消音版,略有磨损,普通,42159,USP 消音版 | 商业皮革,14,227.8,309.71,1.36,2024-06-17
USP 消音版,破损不堪,普通,42184,USP 消音版 | 枪响人亡,93,225.79,308.69,1.37,2024-06-17
USP 消音版,久经沙场,普通,900494,USP 消音版 | 印花集,3798,221.5,295.13,1.33,2024-06-17
USP 消音版,略有磨损,纪念品,38118,USP 消音版（纪念品） | 宝蓝之色,241,218.4,325.96,1.49,2024-06-17
USP 消音版,战痕累累,普通,42180,USP 消音版 | 枪响人亡,67,215.49,291.21,1.35,2024-06-17
USP 消音版,崭新出厂,普通,42191,USP 消音版 | 黑色魅影,692,213.99,286.49,1.34,2024-06-17
USP 消音版,久经沙场,普通,42226,USP 消音版 | 血清,7,212.09,277.93,1.31,2024-06-17
USP 消音版,久经沙场,普通,42158,USP 消音版 | 商业皮革,4,208.24,270.82,1.3,2024-06-17
USP 消音版,破损不堪,普通,42160,USP 消音版 | 商业皮革,3,203.49,284.68,1.4,2024-06-17
USP 消音版,久经沙场,StatTrak™,39750,USP 消音版（StatTrak™） | 黑色魅影,152,200.5,278.22,1.39,2024-06-17
USP 消音版,破损不堪,普通,42209,USP 消音版 | 疯狂蔓延,2,198.5,197.33,0.99,2024-06-17
USP 消音版,破损不堪,普通,900631,USP 消音版 | 印花集,149,196.96,267.05,1.36,2024-06-17
USP 消音版,略有磨损,普通,42227,USP 消音版 | 血清,48,194.47,266.98,1.37,2024-06-17
USP 消音版,崭新出厂,普通,775097,USP 消音版 | 寻路者,59,193.4,247.75,1.28,2024-06-17
USP 消音版,久经沙场,普通,775106,USP 消音版 | 寻路者,14,192.38,247.82,1.29,2024-06-17
USP 消音版,久经沙场,StatTrak™,857688,USP 消音版（StatTrak™） | 倒吊人,174,190.38,263.06,1.38,2024-06-17
USP 消音版,崭新出厂,普通,42153,USP 消音版 | 蓝图,300,189.5,274.81,1.45,2024-06-17
USP 消音版,略有磨损,普通,775240,USP 消音版 | 寻路者,15,187.5,247.75,1.32,2024-06-17
USP 消音版,破损不堪,普通,871784,USP 消音版 | 紫色 DDPAT,11,187.42,186.3,0.99,2024-06-17
USP 消音版,久经沙场,普通,871226,USP 消音版 | 银装素裹,371,185.5,249.13,1.34,2024-06-17
USP 消音版,破损不堪,普通,871125,USP 消音版 | 银装素裹,12,180.4,233.82,1.3,2024-06-17
USP 消音版,略有磨损,StatTrak™,39722,USP 消音版（StatTrak™） | 蓝图,287,178.38,259.0,1.45,2024-06-17
USP 消音版,略有磨损,普通,42208,USP 消音版 | 疯狂蔓延,138,177.9,232.23,1.31,2024-06-17
USP 消音版,略有磨损,普通,835635,USP 消音版 | 小绿怪,248,174,237.16,1.36,2024-06-17
USP 消音版,略有磨损,StatTrak™,956603,USP 消音版（StatTrak™） | 破颚者,59,172,235.35,1.37,2024-06-17
USP 消音版,战痕累累,StatTrak™,39748,USP 消音版（StatTrak™） | 黑色魅影,17,169.5,226.42,1.34,2024-06-17
USP 消音版,战痕累累,普通,42156,USP 消音版 | 商业皮革,5,169.47,218.3,1.29,2024-06-17
USP 消音版,久经沙场,普通,42217,USP 消音版 | 公路杀手,114,168.3,216.63,1.29,2024-06-17
USP 消音版,久经沙场,普通,42207,USP 消音版 | 疯狂蔓延,62,168,217.28,1.29,2024-06-17
USP 消音版,战痕累累,普通,871302,USP 消音版 | 银装素裹,60,166.5,218.22,1.31,2024-06-17
USP 消音版,久经沙场,StatTrak™,835661,USP 消音版（StatTrak™） | 小绿怪,97,162.99,228.67,1.4,2024-06-17
USP 消音版,略有磨损,StatTrak™,39767,USP 消音版（StatTrak™） | 不锈钢,608,162.7,211.04,1.3,2024-06-17
USP 消音版,战痕累累,普通,42215,USP 消音版 | 公路杀手,15,162.06,202.55,1.25,2024-06-17
USP 消音版,战痕累累,普通,42205,USP 消音版 | 疯狂蔓延,9,159,229.69,1.44,2024-06-17
USP 消音版,崭新出厂,StatTrak™,45468,USP 消音版（StatTrak™） | 脑洞大开,232,154.5,212.49,1.38,2024-06-17
USP 消音版,破损不堪,StatTrak™,835991,USP 消音版（StatTrak™） | 小绿怪,4,147.47,206.25,1.4,2024-06-17
USP 消音版,破损不堪,StatTrak™,857714,USP 消音版（StatTrak™） | 倒吊人,61,143.78,192.76,1.34,2024-06-17
USP 消音版,崭新出厂,普通,42211,USP 消音版 | 绿色伞兵,71,143,204.0,1.43,2024-06-17
USP 消音版,略有磨损,纪念品,38113,USP 消音版（纪念品） | 公路杀手,149,142.9,202.92,1.42,2024-06-17
USP 消音版,破损不堪,普通,42219,USP 消音版 | 公路杀手,37,142.2,188.33,1.32,2024-06-17
USP 消音版,战痕累累,普通,900600,USP 消音版 | 印花集,493,138.83,190.44,1.37,2024-06-17
USP 消音版,战痕累累,StatTrak™,835933,USP 消音版（StatTrak™） | 小绿怪,9,132.78,150.32,1.13,2024-06-17
USP 消音版,战痕累累,StatTrak™,857695,USP 消音版（StatTrak™） | 倒吊人,56,127,170.49,1.34,2024-06-17
USP 消音版,战痕累累,普通,871220,USP 消音版 | 紫色 DDPAT,10,124.4,155.62,1.25,2024-06-17
USP 消音版,破损不堪,普通,835842,USP 消音版 | 小绿怪,20,123.39,154.45,1.25,2024-06-17
USP 消音版,久经沙场,普通,835636,USP 消音版 | 小绿怪,200,122.5,162.51,1.33,2024-06-17
USP 消音版,略有磨损,普通,42223,USP 消音版 | 宝蓝之色,343,121.88,164.68,1.35,2024-06-17
USP 消音版,崭新出厂,普通,871592,USP 消音版 | 紫色 DDPAT,281,121.48,166.86,1.37,2024-06-17
USP 消音版,崭新出厂,StatTrak™,39744,USP 消音版（StatTrak™） | 铅管,46,119.48,142.41,1.19,2024-06-17
USP 消音版,崭新出厂,普通,956587,USP 消音版 | 破颚者,166,119.39,166.86,1.4,2024-06-17
USP 消音版,破损不堪,普通,42214,USP 消音版 | 绿色伞兵,10,118.84,102.29,0.86,2024-06-17
USP 消音版,略有磨损,普通,42193,USP 消音版 | 黑色魅影,1163,117.5,158.88,1.35,2024-06-17
USP 消音版,久经沙场,普通,871361,USP 消音版 | 紫色 DDPAT,22,116.5,187.68,1.61,2024-06-17
USP 消音版,略有磨损,普通,871355,USP 消音版 | 紫色 DDPAT,81,116.38,162.0,1.39,2024-06-17
USP 消音版,破损不堪,普通,42224,USP 消音版 | 宝蓝之色,10,116.35,151.19,1.3,2024-06-17
USP 消音版,崭新出厂,普通,42229,USP 消音版 | 不锈钢,485,115.5,154.74,1.34,2024-06-17
USP 消音版,久经沙场,普通,42222,USP 消音版 | 宝蓝之色,98,111.8,149.3,1.34,2024-06-17
USP 消音版,战痕累累,普通,42220,USP 消音版 | 宝蓝之色,18,111,159.46,1.44,2024-06-17
USP 消音版,破损不堪,StatTrak™,39768,USP 消音版（StatTrak™） | 不锈钢,11,108.67,137.91,1.27,2024-06-17
USP 消音版,略有磨损,普通,857670,USP 消音版 | 倒吊人,1082,107.5,142.92,1.33,2024-06-17
USP 消音版,久经沙场,纪念品,38112,USP 消音版（纪念品） | 公路杀手,181,97.89,137.19,1.4,2024-06-17
USP 消音版,久经沙场,StatTrak™,956606,USP 消音版（StatTrak™） | 破颚者,94,96.9,130.59,1.35,2024-06-17
USP 消音版,战痕累累,普通,835771,USP 消音版 | 小绿怪,24,95.1,138.93,1.46,2024-06-17
USP 消音版,崭新出厂,纪念品,877164,USP 消音版（纪念品） | 橙红安乐蜥,148,91.39,119.56,1.31,2024-06-17
USP 消音版,破损不堪,普通,42194,USP 消音版 | 黑色魅影,19,84.9,112.45,1.32,2024-06-17
USP 消音版,久经沙场,StatTrak™,39766,USP 消音版（StatTrak™） | 不锈钢,650,83.9,109.26,1.3,2024-06-17
USP 消音版,崭新出厂,纪念品,877105,USP 消音版（纪念品） | 远古幻想,93,82.9,136.61,1.65,2024-06-17
USP 消音版,久经沙场,普通,42192,USP 消音版 | 黑色魅影,1274,81.69,108.53,1.33,2024-06-17
USP 消音版,略有磨损,普通,42213,USP 消音版 | 绿色伞兵,83,80.14,106.86,1.33,2024-06-17
USP 消音版,破损不堪,StatTrak™,956658,USP 消音版（StatTrak™） | 破颚者,26,79.9,103.82,1.3,2024-06-17
USP 消音版,崭新出厂,纪念品,761401,USP 消音版（纪念品） | 引擎故障灯,153,77.2,104.47,1.35,2024-06-17
USP 消音版,破损不堪,纪念品,38114,USP 消音版（纪念品） | 公路杀手,109,75.7,104.83,1.38,2024-06-17
USP 消音版,崭新出厂,StatTrak™,39735,USP 消音版（StatTrak™） | 守护者,667,75.44,100.12,1.33,2024-06-17
USP 消音版,战痕累累,普通,42210,USP 消音版 | 绿色伞兵,10,75.19,98.88,1.32,2024-06-17
USP 消音版,战痕累累,StatTrak™,956613,USP 消音版（StatTrak™） | 破颚者,55,72.6,99.83,1.38,2024-06-17
USP 消音版,久经沙场,普通,42212,USP 消音版 | 绿色伞兵,14,72.6,94.46,1.3,2024-06-17
USP 消音版,战痕累累,纪念品,38110,USP 消音版（纪念品） | 公路杀手,81,72.13,105.19,1.46,2024-06-17
USP 消音版,崭新出厂,StatTrak™,39716,USP 消音版（StatTrak™） | 血虎,67,69.45,91.34,1.32,2024-06-17
USP 消音版,略有磨损,普通,956502,USP 消音版 | 破颚者,314,68.3,90.1,1.32,2024-06-17
USP 消音版,战痕累累,StatTrak™,39764,USP 消音版（StatTrak™） | 不锈钢,60,67.3,92.86,1.38,2024-06-17
USP 消音版,战痕累累,普通,42190,USP 消音版 | 黑色魅影,77,66.9,91.77,1.37,2024-06-17
USP 消音版,崭新出厂,StatTrak™,39729,USP 消音版（StatTrak™） | 次时代,379,66.9,97.87,1.46,2024-06-17
USP 消音版,久经沙场,纪念品,38117,USP 消音版（纪念品） | 宝蓝之色,573,62.9,88.44,1.41,2024-06-17
USP 消音版,久经沙场,普通,857612,USP 消音版 | 倒吊人,1753,62.9,86.11,1.37,2024-06-17
USP 消音版,久经沙场,StatTrak™,39721,USP 消音版（StatTrak™） | 蓝图,360,61.89,86.55,1.4,2024-06-17
USP 消音版,战痕累累,纪念品,38115,USP 消音版（纪念品） | 宝蓝之色,131,60.9,84.81,1.39,2024-06-17
USP 消音版,破损不堪,StatTrak™,39723,USP 消音版（StatTrak™） | 蓝图,31,59.88,97.65,1.63,2024-06-17
USP 消音版,略有磨损,纪念品,877200,USP 消音版（纪念品） | 橙红安乐蜥,132,59.4,85.97,1.45,2024-06-17
USP 消音版,崭新出厂,普通,45369,USP 消音版 | 脑洞大开,656,56.68,77.12,1.36,2024-06-17
USP 消音版,破损不堪,纪念品,38119,USP 消音版（纪念品） | 宝蓝之色,64,55.95,84.74,1.51,2024-06-17
USP 消音版,崭新出厂,纪念品,876915,USP 消音版（纪念品） | 紫色 DDPAT,491,54.77,76.47,1.4,2024-06-17
USP 消音版,略有磨损,纪念品,877018,USP 消音版（纪念品） | 远古幻想,69,54.2,78.5,1.45,2024-06-17
USP 消音版,略有磨损,普通,42154,USP 消音版 | 蓝图,1337,54.1,75.6,1.4,2024-06-17
USP 消音版,略有磨损,StatTrak™,39737,USP 消音版（StatTrak™） | 守护者,389,53.9,73.49,1.36,2024-06-17
USP 消音版,略有磨损,StatTrak™,45401,USP 消音版（StatTrak™） | 脑洞大开,469,53.6,75.96,1.42,2024-06-17
USP 消音版,崭新出厂,普通,871550,USP 消音版 | 黑莲花,253,50.9,73.71,1.45,2024-06-17
USP 消音版,久经沙场,纪念品,877185,USP 消音版（纪念品） | 橙红安乐蜥,83,47.57,60.65,1.27,2024-06-17
USP 消音版,略有磨损,StatTrak™,871421,USP 消音版（StatTrak™） | 黑莲花,337,47.5,66.31,1.4,2024-06-17
USP 消音版,破损不堪,普通,857519,USP 消音版 | 倒吊人,421,46.91,64.64,1.38,2024-06-17
USP 消音版,略有磨损,普通,42231,USP 消音版 | 不锈钢,1439,44.1,61.88,1.4,2024-06-17
USP 消音版,久经沙场,普通,956527,USP 消音版 | 破颚者,558,42.76,57.02,1.33,2024-06-17
USP 消音版,战痕累累,普通,857640,USP 消音版 | 倒吊人,324,42.74,56.51,1.32,2024-06-17
USP 消音版,崭新出厂,普通,42149,USP 消音版 | 血虎,95,42.39,55.64,1.31,2024-06-17
USP 消音版,破损不堪,纪念品,877082,USP 消音版（纪念品） | 远古幻想,14,40.75,63.12,1.55,2024-06-17
USP 消音版,破损不堪,普通,956520,USP 消音版 | 破颚者,170,38.79,42.8,1.1,2024-06-17
USP 消音版,久经沙场,纪念品,877053,USP 消音版（纪念品） | 远古幻想,80,37.59,49.26,1.31,2024-06-17
USP 消音版,略有磨损,纪念品,761402,USP 消音版（纪念品） | 引擎故障灯,153,35.6,49.33,1.39,2024-06-17
USP 消音版,崭新出厂,普通,42177,USP 消音版 | 守护者,1255,35.39,45.2,1.28,2024-06-17
USP 消音版,战痕累累,StatTrak™,39719,USP 消音版（StatTrak™） | 蓝图,51,34.5,46.43,1.35,2024-06-17
USP 消音版,略有磨损,纪念品,876904,USP 消音版（纪念品） | 紫色 DDPAT,473,33.8,43.53,1.29,2024-06-17
USP 消音版,破损不堪,纪念品,761515,USP 消音版（纪念品） | 引擎故障灯,14,32.61,42.08,1.29,2024-06-17
USP 消音版,略有磨损,StatTrak™,39731,USP 消音版（StatTrak™） | 次时代,360,32.34,44.47,1.38,2024-06-17
USP 消音版,战痕累累,普通,956575,USP 消音版 | 破颚者,195,31.49,39.18,1.24,2024-06-17
USP 消音版,破损不堪,普通,42232,USP 消音版 | 不锈钢,24,30.43,45.56,1.5,2024-06-17
USP 消音版,崭新出厂,StatTrak™,887052,USP 消音版（StatTrak™） | 地狱门票,334,29.09,43.89,1.51,2024-06-17
USP 消音版,略有磨损,普通,42179,USP 消音版 | 守护者,673,27.45,35.33,1.29,2024-06-17
USP 消音版,破损不堪,普通,42155,USP 消音版 | 蓝图,39,27.3,38.81,1.42,2024-06-17
USP 消音版,略有磨损,StatTrak™,39746,USP 消音版（StatTrak™） | 铅管,182,27.2,37.14,1.37,2024-06-17
USP 消音版,久经沙场,StatTrak™,45346,USP 消音版（StatTrak™） | 脑洞大开,595,27.19,39.18,1.44,2024-06-17
USP 消音版,略有磨损,StatTrak™,39718,USP 消音版（StatTrak™） | 血虎,180,27.14,38.52,1.42,2024-06-17
USP 消音版,崭新出厂,StatTrak™,39770,USP 消音版（StatTrak™） | 力矩,549,26.85,36.13,1.35,2024-06-17
USP 消音版,久经沙场,StatTrak™,39736,USP 消音版（StatTrak™） | 守护者,325,25.43,33.95,1.34,2024-06-17
USP 消音版,破损不堪,StatTrak™,39732,USP 消音版（StatTrak™） | 次时代,15,25.3,34.24,1.35,2024-06-17
USP 消音版,崭新出厂,普通,42186,USP 消音版 | 铅管,153,23.7,35.33,1.49,2024-06-17
USP 消音版,破损不堪,StatTrak™,45427,USP 消音版（StatTrak™） | 脑洞大开,92,23.68,31.92,1.35,2024-06-17
USP 消音版,久经沙场,StatTrak™,871624,USP 消音版（StatTrak™） | 黑莲花,332,23.59,34.03,1.44,2024-06-17
USP 消音版,久经沙场,普通,42230,USP 消音版 | 不锈钢,1514,23.1,30.47,1.32,2024-06-17
USP 消音版,久经沙场,普通,43999,USP 消音版 | 蓝图,1434,22.9,30.91,1.35,2024-06-17
USP 消音版,战痕累累,StatTrak™,45503,USP 消音版（StatTrak™） | 脑洞大开,106,22.49,31.27,1.39,2024-06-17
USP 消音版,略有磨损,普通,45371,USP 消音版 | 脑洞大开,2632,21.78,29.53,1.36,2024-06-17
USP 消音版,战痕累累,纪念品,761477,USP 消音版（纪念品） | 引擎故障灯,33,20.49,24.23,1.18,2024-06-17
USP 消音版,崭新出厂,StatTrak™,763327,USP 消音版（StatTrak™） | 闪回,200,19.93,28.51,1.43,2024-06-17
USP 消音版,久经沙场,StatTrak™,39717,USP 消音版（StatTrak™） | 血虎,61,19.19,28.08,1.46,2024-06-17
USP 消音版,久经沙场,普通,42150,USP 消音版 | 血虎,14,19.16,23.0,1.2,2024-06-17
USP 消音版,破损不堪,StatTrak™,871658,USP 消音版（StatTrak™） | 黑莲花,46,18.03,27.13,1.5,2024-06-17
USP 消音版,略有磨损,普通,42151,USP 消音版 | 血虎,110,17.9,23.14,1.29,2024-06-17
USP 消音版,久经沙场,纪念品,761362,USP 消音版（纪念品） | 引擎故障灯,212,17.4,24.67,1.42,2024-06-17
USP 消音版,战痕累累,普通,42228,USP 消音版 | 不锈钢,130,17.4,24.01,1.38,2024-06-17
USP 消音版,久经沙场,纪念品,876882,USP 消音版（纪念品） | 紫色 DDPAT,864,16.9,20.82,1.23,2024-06-17
USP 消音版,崭新出厂,普通,42166,USP 消音版 | 次时代,1947,16.87,22.49,1.33,2024-06-17
USP 消音版,战痕累累,StatTrak™,39728,USP 消音版（StatTrak™） | 次时代,19,16.64,23.51,1.41,2024-06-17
USP 消音版,崭新出厂,纪念品,929075,USP 消音版（纪念品） | 沙漠战术,75,16.4,23.94,1.46,2024-06-17
USP 消音版,久经沙场,StatTrak™,39730,USP 消音版（StatTrak™） | 次时代,382,16.4,22.85,1.39,2024-06-17
USP 消音版,略有磨损,普通,871382,USP 消音版 | 黑莲花,1029,16.3,23.87,1.46,2024-06-17
USP 消音版,略有磨损,StatTrak™,39772,USP 消音版（StatTrak™） | 力矩,335,16.3,24.16,1.48,2024-06-17
USP 消音版,战痕累累,普通,42152,USP 消音版 | 蓝图,86,16.13,22.71,1.41,2024-06-17
USP 消音版,久经沙场,StatTrak™,39745,USP 消音版（StatTrak™） | 铅管,174,15.83,22.71,1.43,2024-06-17
USP 消音版,战痕累累,StatTrak™,871437,USP 消音版（StatTrak™） | 黑莲花,83,15.68,20.1,1.28,2024-06-17
USP 消音版,破损不堪,纪念品,877063,USP 消音版（纪念品） | 紫色 DDPAT,25,14.9,20.31,1.36,2024-06-17
USP 消音版,久经沙场,普通,42178,USP 消音版 | 守护者,352,14.59,20.39,1.4,2024-06-17
USP 消音版,战痕累累,StatTrak™,39769,USP 消音版（StatTrak™） | 力矩,19,13.45,20.1,1.49,2024-06-17
USP 消音版,战痕累累,StatTrak™,39743,USP 消音版（StatTrak™） | 铅管,93,13.29,17.19,1.29,2024-06-17
USP 消音版,战痕累累,StatTrak™,763496,USP 消音版（StatTrak™） | 闪回,28,12.96,19.81,1.53,2024-06-17
USP 消音版,略有磨损,StatTrak™,886809,USP 消音版（StatTrak™） | 地狱门票,616,12.84,18.5,1.44,2024-06-17
USP 消音版,破损不堪,StatTrak™,763326,USP 消音版（StatTrak™） | 闪回,16,12.79,18.57,1.45,2024-06-17
USP 消音版,破损不堪,StatTrak™,39773,USP 消音版（StatTrak™） | 力矩,17,12.1,16.98,1.4,2024-06-17
USP 消音版,破损不堪,StatTrak™,39747,USP 消音版（StatTrak™） | 铅管,89,12.1,18.14,1.5,2024-06-17
USP 消音版,久经沙场,普通,45370,USP 消音版 | 脑洞大开,4470,11.68,15.67,1.34,2024-06-17
USP 消音版,略有磨损,StatTrak™,763357,USP 消音版（StatTrak™） | 闪回,305,10.45,15.53,1.49,2024-06-17
USP 消音版,破损不堪,普通,45372,USP 消音版 | 脑洞大开,526,10.1,13.86,1.37,2024-06-17
USP 消音版,久经沙场,StatTrak™,39771,USP 消音版（StatTrak™） | 力矩,527,10.03,13.57,1.35,2024-06-17
USP 消音版,战痕累累,普通,42233,USP 消音版 | 力矩,13,9.89,12.33,1.25,2024-06-17
USP 消音版,战痕累累,纪念品,876879,USP 消音版（纪念品） | 紫色 DDPAT,56,9.87,12.62,1.28,2024-06-17
USP 消音版,战痕累累,普通,45368,USP 消音版 | 脑洞大开,399,9.63,12.04,1.25,2024-06-17
USP 消音版,略有磨损,普通,42168,USP 消音版 | 次时代,2086,9.48,12.62,1.33,2024-06-17
USP 消音版,崭新出厂,普通,33833,USP 消音版 | 力矩,1616,9.33,12.26,1.31,2024-06-17
USP 消音版,破损不堪,StatTrak™,887071,USP 消音版（StatTrak™） | 地狱门票,65,9.14,13.35,1.46,2024-06-17
USP 消音版,久经沙场,普通,871328,USP 消音版 | 黑莲花,775,8.55,11.03,1.29,2024-06-17
USP 消音版,崭新出厂,普通,886669,USP 消音版 | 地狱门票,1308,8.14,10.88,1.34,2024-06-17
USP 消音版,略有磨损,普通,42188,USP 消音版 | 铅管,352,7.93,10.37,1.31,2024-06-17
USP 消音版,崭新出厂,普通,763263,USP 消音版 | 闪回,505,7.75,10.95,1.41,2024-06-17
USP 消音版,破损不堪,普通,42169,USP 消音版 | 次时代,78,7.67,11.46,1.49,2024-06-17
USP 消音版,久经沙场,StatTrak™,763290,USP 消音版（StatTrak™） | 闪回,336,7.38,10.45,1.42,2024-06-17
USP 消音版,破损不堪,普通,871409,USP 消音版 | 黑莲花,114,6.77,8.78,1.3,2024-06-17
USP 消音版,略有磨损,普通,42235,USP 消音版 | 力矩,1004,6.76,9.79,1.45,2024-06-17
USP 消音版,崭新出厂,普通,762162,USP 消音版 | 引擎故障灯,1798,6.49,9.29,1.43,2024-06-17
USP 消音版,久经沙场,StatTrak™,886734,USP 消音版（StatTrak™） | 地狱门票,877,6.11,9.0,1.47,2024-06-17
USP 消音版,久经沙场,普通,42187,USP 消音版 | 铅管,266,5.26,7.11,1.35,2024-06-17
USP 消音版,战痕累累,StatTrak™,886950,USP 消音版（StatTrak™） | 地狱门票,156,4.9,6.38,1.3,2024-06-17
USP 消音版,久经沙场,普通,42167,USP 消音版 | 次时代,1866,4.9,6.96,1.42,2024-06-17
USP 消音版,略有磨损,纪念品,929035,USP 消音版（纪念品） | 沙漠战术,92,4.85,7.11,1.47,2024-06-17
USP 消音版,战痕累累,普通,42185,USP 消音版 | 铅管,140,4.68,6.02,1.29,2024-06-17
USP 消音版,战痕累累,普通,42165,USP 消音版 | 次时代,125,4.63,6.67,1.44,2024-06-17
USP 消音版,略有磨损,普通,763255,USP 消音版 | 闪回,715,4.59,6.31,1.37,2024-06-17
USP 消音版,破损不堪,普通,42189,USP 消音版 | 铅管,117,4.49,6.09,1.36,2024-06-17
USP 消音版,崭新出厂,普通,42173,USP 消音版 | 森林之叶,93,4.38,6.24,1.42,2024-06-17
USP 消音版,战痕累累,普通,871432,USP 消音版 | 黑莲花,268,4.24,5.95,1.4,2024-06-17
USP 消音版,崭新出厂,普通,927350,USP 消音版 | 沙漠战术,235,4.13,5.95,1.44,2024-06-17
USP 消音版,破损不堪,普通,42236,USP 消音版 | 力矩,132,4.11,5.59,1.36,2024-06-17
USP 消音版,略有磨损,普通,762163,USP 消音版 | 引擎故障灯,1453,3.99,5.51,1.38,2024-06-17
USP 消音版,久经沙场,普通,42234,USP 消音版 | 力矩,1238,3.86,5.08,1.32,2024-06-17
USP 消音版,略有磨损,普通,886682,USP 消音版 | 地狱门票,2600,3.64,4.79,1.32,2024-06-17
USP 消音版,战痕累累,普通,763348,USP 消音版 | 闪回,130,3.48,5.15,1.48,2024-06-17
USP 消音版,崭新出厂,普通,42196,USP 消音版 | 午夜行动,649,3.38,4.43,1.31,2024-06-17
USP 消音版,久经沙场,纪念品,929057,USP 消音版（纪念品） | 沙漠战术,144,3.12,3.92,1.26,2024-06-17
USP 消音版,久经沙场,普通,763264,USP 消音版 | 闪回,1199,3.11,4.28,1.38,2024-06-17
USP 消音版,破损不堪,普通,763365,USP 消音版 | 闪回,167,3.06,4.64,1.52,2024-06-17
USP 消音版,破损不堪,普通,762253,USP 消音版 | 引擎故障灯,131,2.79,3.77,1.35,2024-06-17
USP 消音版,久经沙场,普通,762086,USP 消音版 | 引擎故障灯,1189,2.58,3.48,1.35,2024-06-17
USP 消音版,战痕累累,纪念品,929019,USP 消音版（纪念品） | 沙漠战术,83,2.55,3.63,1.42,2024-06-17
USP 消音版,破损不堪,普通,886997,USP 消音版 | 地狱门票,143,2.49,3.7,1.49,2024-06-17
USP 消音版,破损不堪,纪念品,929056,USP 消音版（纪念品） | 沙漠战术,84,2.48,3.41,1.38,2024-06-17
USP 消音版,略有磨损,普通,927345,USP 消音版 | 沙漠战术,475,1.99,2.76,1.39,2024-06-17
USP 消音版,略有磨损,普通,42198,USP 消音版 | 午夜行动,811,1.89,2.54,1.34,2024-06-17
USP 消音版,战痕累累,普通,762161,USP 消音版 | 引擎故障灯,189,1.74,2.47,1.42,2024-06-17
USP 消音版,久经沙场,普通,886648,USP 消音版 | 地狱门票,4930,1.58,2.1,1.33,2024-06-17
USP 消音版,久经沙场,普通,927318,USP 消音版 | 沙漠战术,800,1.39,1.81,1.3,2024-06-17
USP 消音版,久经沙场,普通,42197,USP 消音版 | 午夜行动,711,1.36,1.67,1.23,2024-06-17
USP 消音版,战痕累累,普通,886692,USP 消音版 | 地狱门票,316,1.2,1.67,1.39,2024-06-17
USP 消音版,战痕累累,普通,42195,USP 消音版 | 午夜行动,141,1.15,1.38,1.2,2024-06-17
USP 消音版,破损不堪,普通,927327,USP 消音版 | 沙漠战术,349,1.13,1.52,1.35,2024-06-17
USP 消音版,破损不堪,普通,42199,USP 消音版 | 午夜行动,45,1.1,1.67,1.52,2024-06-17
USP 消音版,战痕累累,普通,927320,USP 消音版 | 沙漠战术,467,1.09,1.52,1.39,2024-06-17
USP 消音版,略有磨损,普通,42175,USP 消音版 | 森林之叶,621,0.53,0.73,1.38,2024-06-17
USP 消音版,破损不堪,普通,42176,USP 消音版 | 森林之叶,211,0.3,0.51,1.7,2024-06-17
USP 消音版,久经沙场,普通,42174,USP 消音版 | 森林之叶,747,0.3,0.51,1.7,2024-06-17
USP 消音版,战痕累累,普通,42172,USP 消音版 | 森林之叶,474,0.26,0.44,1.69,2024-06-17
USP 消音版,破损不堪,普通,45372,USP 消音版 | 脑洞大开,526,10.1,13.86,1.37,2024-06-17
USP 消音版,久经沙场,StatTrak™,39771,USP 消音版（StatTrak™） | 力矩,527,10.03,13.57,1.35,2024-06-17
USP 消音版,战痕累累,普通,42233,USP 消音版 | 力矩,13,9.89,12.33,1.25,2024-06-17
USP 消音版,战痕累累,纪念品,876879,USP 消音版（纪念品） | 紫色 DDPAT,56,9.87,12.62,1.28,2024-06-17
USP 消音版,战痕累累,普通,45368,USP 消音版 | 脑洞大开,399,9.63,12.04,1.25,2024-06-17
USP 消音版,略有磨损,普通,42168,USP 消音版 | 次时代,2086,9.48,12.62,1.33,2024-06-17
USP 消音版,崭新出厂,普通,33833,USP 消音版 | 力矩,1616,9.33,12.26,1.31,2024-06-17
USP 消音版,破损不堪,StatTrak™,887071,USP 消音版（StatTrak™） | 地狱门票,65,9.14,13.35,1.46,2024-06-17
USP 消音版,久经沙场,普通,871328,USP 消音版 | 黑莲花,775,8.55,11.03,1.29,2024-06-17
USP 消音版,崭新出厂,普通,886669,USP 消音版 | 地狱门票,1308,8.14,10.88,1.34,2024-06-17
USP 消音版,略有磨损,普通,42188,USP 消音版 | 铅管,352,7.93,10.37,1.31,2024-06-17
USP 消音版,崭新出厂,普通,763263,USP 消音版 | 闪回,505,7.75,10.95,1.41,2024-06-17
USP 消音版,破损不堪,普通,42169,USP 消音版 | 次时代,78,7.67,11.46,1.49,2024-06-17
USP 消音版,久经沙场,StatTrak™,763290,USP 消音版（StatTrak™） | 闪回,336,7.38,10.45,1.42,2024-06-17
USP 消音版,破损不堪,普通,871409,USP 消音版 | 黑莲花,114,6.77,8.78,1.3,2024-06-17
USP 消音版,略有磨损,普通,42235,USP 消音版 | 力矩,1004,6.76,9.79,1.45,2024-06-17
USP 消音版,崭新出厂,普通,762162,USP 消音版 | 引擎故障灯,1798,6.49,9.29,1.43,2024-06-17
USP 消音版,久经沙场,StatTrak™,886734,USP 消音版（StatTrak™） | 地狱门票,877,6.11,9.0,1.47,2024-06-17
USP 消音版,久经沙场,普通,42187,USP 消音版 | 铅管,266,5.26,7.11,1.35,2024-06-17
USP 消音版,战痕累累,StatTrak™,886950,USP 消音版（StatTrak™） | 地狱门票,156,4.9,6.38,1.3,2024-06-17
USP 消音版,久经沙场,普通,42167,USP 消音版 | 次时代,1866,4.9,6.96,1.42,2024-06-17
USP 消音版,略有磨损,纪念品,929035,USP 消音版（纪念品） | 沙漠战术,92,4.85,7.11,1.47,2024-06-17
USP 消音版,战痕累累,普通,42185,USP 消音版 | 铅管,140,4.68,6.02,1.29,2024-06-17
USP 消音版,战痕累累,普通,42165,USP 消音版 | 次时代,125,4.63,6.67,1.44,2024-06-17
USP 消音版,略有磨损,普通,763255,USP 消音版 | 闪回,715,4.59,6.31,1.37,2024-06-17
USP 消音版,破损不堪,普通,42189,USP 消音版 | 铅管,117,4.49,6.09,1.36,2024-06-17
USP 消音版,崭新出厂,普通,42173,USP 消音版 | 森林之叶,93,4.38,6.24,1.42,2024-06-17
USP 消音版,战痕累累,普通,871432,USP 消音版 | 黑莲花,268,4.24,5.95,1.4,2024-06-17
USP 消音版,崭新出厂,普通,927350,USP 消音版 | 沙漠战术,235,4.13,5.95,1.44,2024-06-17
USP 消音版,破损不堪,普通,42236,USP 消音版 | 力矩,132,4.11,5.59,1.36,2024-06-17
USP 消音版,略有磨损,普通,762163,USP 消音版 | 引擎故障灯,1453,3.99,5.51,1.38,2024-06-17
USP 消音版,久经沙场,普通,42234,USP 消音版 | 力矩,1238,3.86,5.08,1.32,2024-06-17
USP 消音版,略有磨损,普通,886682,USP 消音版 | 地狱门票,2600,3.64,4.79,1.32,2024-06-17
USP 消音版,战痕累累,普通,763348,USP 消音版 | 闪回,130,3.48,5.15,1.48,2024-06-17
USP 消音版,崭新出厂,普通,42196,USP 消音版 | 午夜行动,649,3.38,4.43,1.31,2024-06-17
USP 消音版,久经沙场,纪念品,929057,USP 消音版（纪念品） | 沙漠战术,144,3.12,3.92,1.26,2024-06-17
USP 消音版,久经沙场,普通,763264,USP 消音版 | 闪回,1199,3.11,4.28,1.38,2024-06-17
USP 消音版,破损不堪,普通,763365,USP 消音版 | 闪回,167,3.06,4.64,1.52,2024-06-17
USP 消音版,破损不堪,普通,762253,USP 消音版 | 引擎故障灯,131,2.79,3.77,1.35,2024-06-17
USP 消音版,久经沙场,普通,762086,USP 消音版 | 引擎故障灯,1189,2.58,3.48,1.35,2024-06-17
USP 消音版,战痕累累,纪念品,929019,USP 消音版（纪念品） | 沙漠战术,83,2.55,3.63,1.42,2024-06-17
USP 消音版,破损不堪,普通,886997,USP 消音版 | 地狱门票,143,2.49,3.7,1.49,2024-06-17
USP 消音版,破损不堪,纪念品,929056,USP 消音版（纪念品） | 沙漠战术,84,2.48,3.41,1.38,2024-06-17
USP 消音版,略有磨损,普通,927345,USP 消音版 | 沙漠战术,475,1.99,2.76,1.39,2024-06-17
USP 消音版,略有磨损,普通,42198,USP 消音版 | 午夜行动,811,1.89,2.54,1.34,2024-06-17
USP 消音版,战痕累累,普通,762161,USP 消音版 | 引擎故障灯,189,1.74,2.47,1.42,2024-06-17
USP 消音版,久经沙场,普通,886648,USP 消音版 | 地狱门票,4930,1.58,2.1,1.33,2024-06-17
USP 消音版,久经沙场,普通,927318,USP 消音版 | 沙漠战术,800,1.39,1.81,1.3,2024-06-17
USP 消音版,久经沙场,普通,42197,USP 消音版 | 午夜行动,711,1.36,1.67,1.23,2024-06-17
USP 消音版,战痕累累,普通,886692,USP 消音版 | 地狱门票,316,1.2,1.67,1.39,2024-06-17
USP 消音版,战痕累累,普通,42195,USP 消音版 | 午夜行动,141,1.15,1.38,1.2,2024-06-17
USP 消音版,破损不堪,普通,927327,USP 消音版 | 沙漠战术,349,1.13,1.52,1.35,2024-06-17
USP 消音版,破损不堪,普通,42199,USP 消音版 | 午夜行动,45,1.1,1.67,1.52,2024-06-17
USP 消音版,战痕累累,普通,927320,USP 消音版 | 沙漠战术,467,1.09,1.52,1.39,2024-06-17
USP 消音版,略有磨损,普通,42175,USP 消音版 | 森林之叶,621,0.53,0.73,1.38,2024-06-17
USP 消音版,破损不堪,普通,42176,USP 消音版 | 森林之叶,211,0.3,0.51,1.7,2024-06-17
USP 消音版,久经沙场,普通,42174,USP 消音版 | 森林之叶,747,0.3,0.51,1.7,2024-06-17
USP 消音版,战痕累累,普通,42172,USP 消音版 | 森林之叶,474,0.26,0.44,1.69,2024-06-17
USP 消音版,破损不堪,普通,45372,USP 消音版 | 脑洞大开,526,10.1,13.86,1.37,2024-06-17
USP 消音版,久经沙场,StatTrak™,39771,USP 消音版（StatTrak™） | 力矩,527,10.03,13.57,1.35,2024-06-17
USP 消音版,战痕累累,普通,42233,USP 消音版 | 力矩,13,9.89,12.33,1.25,2024-06-17
USP 消音版,战痕累累,纪念品,876879,USP 消音版（纪念品） | 紫色 DDPAT,56,9.87,12.62,1.28,2024-06-17
USP 消音版,战痕累累,普通,45368,USP 消音版 | 脑洞大开,399,9.63,12.04,1.25,2024-06-17
USP 消音版,略有磨损,普通,42168,USP 消音版 | 次时代,2086,9.48,12.62,1.33,2024-06-17
USP 消音版,崭新出厂,普通,33833,USP 消音版 | 力矩,1616,9.33,12.26,1.31,2024-06-17
USP 消音版,破损不堪,StatTrak™,887071,USP 消音版（StatTrak™） | 地狱门票,65,9.14,13.35,1.46,2024-06-17
USP 消音版,久经沙场,普通,871328,USP 消音版 | 黑莲花,775,8.55,11.03,1.29,2024-06-17
USP 消音版,崭新出厂,普通,886669,USP 消音版 | 地狱门票,1308,8.14,10.88,1.34,2024-06-17
USP 消音版,略有磨损,普通,42188,USP 消音版 | 铅管,352,7.93,10.37,1.31,2024-06-17
USP 消音版,崭新出厂,普通,763263,USP 消音版 | 闪回,505,7.75,10.95,1.41,2024-06-17
USP 消音版,破损不堪,普通,42169,USP 消音版 | 次时代,78,7.67,11.46,1.49,2024-06-17
USP 消音版,久经沙场,StatTrak™,763290,USP 消音版（StatTrak™） | 闪回,336,7.38,10.45,1.42,2024-06-17
USP 消音版,破损不堪,普通,871409,USP 消音版 | 黑莲花,114,6.77,8.78,1.3,2024-06-17
USP 消音版,略有磨损,普通,42235,USP 消音版 | 力矩,1004,6.76,9.79,1.45,2024-06-17
USP 消音版,崭新出厂,普通,762162,USP 消音版 | 引擎故障灯,1798,6.49,9.29,1.43,2024-06-17
USP 消音版,久经沙场,StatTrak™,886734,USP 消音版（StatTrak™） | 地狱门票,877,6.11,9.0,1.47,2024-06-17
USP 消音版,久经沙场,普通,42187,USP 消音版 | 铅管,266,5.26,7.11,1.35,2024-06-17
USP 消音版,战痕累累,StatTrak™,886950,USP 消音版（StatTrak™） | 地狱门票,156,4.9,6.38,1.3,2024-06-17
USP 消音版,久经沙场,普通,42167,USP 消音版 | 次时代,1866,4.9,6.96,1.42,2024-06-17
USP 消音版,略有磨损,纪念品,929035,USP 消音版（纪念品） | 沙漠战术,92,4.85,7.11,1.47,2024-06-17
USP 消音版,战痕累累,普通,42185,USP 消音版 | 铅管,140,4.68,6.02,1.29,2024-06-17
USP 消音版,战痕累累,普通,42165,USP 消音版 | 次时代,125,4.63,6.67,1.44,2024-06-17
USP 消音版,略有磨损,普通,763255,USP 消音版 | 闪回,715,4.59,6.31,1.37,2024-06-17
USP 消音版,破损不堪,普通,42189,USP 消音版 | 铅管,117,4.49,6.09,1.36,2024-06-17
USP 消音版,崭新出厂,普通,42173,USP 消音版 | 森林之叶,93,4.38,6.24,1.42,2024-06-17
USP 消音版,战痕累累,普通,871432,USP 消音版 | 黑莲花,268,4.24,5.95,1.4,2024-06-17
USP 消音版,崭新出厂,普通,927350,USP 消音版 | 沙漠战术,235,4.13,5.95,1.44,2024-06-17
USP 消音版,破损不堪,普通,42236,USP 消音版 | 力矩,132,4.11,5.59,1.36,2024-06-17
USP 消音版,略有磨损,普通,762163,USP 消音版 | 引擎故障灯,1452,3.99,5.51,1.38,2024-06-17
USP 消音版,久经沙场,普通,42234,USP 消音版 | 力矩,1238,3.86,5.08,1.32,2024-06-17
USP 消音版,略有磨损,普通,886682,USP 消音版 | 地狱门票,2600,3.64,4.79,1.32,2024-06-17
USP 消音版,战痕累累,普通,763348,USP 消音版 | 闪回,130,3.48,5.15,1.48,2024-06-17
USP 消音版,崭新出厂,普通,42196,USP 消音版 | 午夜行动,649,3.38,4.43,1.31,2024-06-17
USP 消音版,久经沙场,纪念品,929057,USP 消音版（纪念品） | 沙漠战术,144,3.12,3.92,1.26,2024-06-17
USP 消音版,久经沙场,普通,763264,USP 消音版 | 闪回,1199,3.11,4.28,1.38,2024-06-17
USP 消音版,破损不堪,普通,763365,USP 消音版 | 闪回,167,3.06,4.64,1.52,2024-06-17
USP 消音版,破损不堪,普通,762253,USP 消音版 | 引擎故障灯,131,2.79,3.77,1.35,2024-06-17
USP 消音版,久经沙场,普通,762086,USP 消音版 | 引擎故障灯,1189,2.58,3.48,1.35,2024-06-17
USP 消音版,战痕累累,纪念品,929019,USP 消音版（纪念品） | 沙漠战术,83,2.55,3.63,1.42,2024-06-17
USP 消音版,破损不堪,普通,886997,USP 消音版 | 地狱门票,143,2.49,3.7,1.49,2024-06-17
USP 消音版,破损不堪,纪念品,929056,USP 消音版（纪念品） | 沙漠战术,84,2.48,3.41,1.38,2024-06-17
USP 消音版,略有磨损,普通,927345,USP 消音版 | 沙漠战术,475,1.99,2.76,1.39,2024-06-17
USP 消音版,略有磨损,普通,42198,USP 消音版 | 午夜行动,811,1.89,2.54,1.34,2024-06-17
USP 消音版,战痕累累,普通,762161,USP 消音版 | 引擎故障灯,189,1.74,2.47,1.42,2024-06-17
USP 消音版,久经沙场,普通,886648,USP 消音版 | 地狱门票,4930,1.58,2.1,1.33,2024-06-17
USP 消音版,久经沙场,普通,927318,USP 消音版 | 沙漠战术,800,1.39,1.81,1.3,2024-06-17
USP 消音版,久经沙场,普通,42197,USP 消音版 | 午夜行动,711,1.36,1.67,1.23,2024-06-17
USP 消音版,战痕累累,普通,886692,USP 消音版 | 地狱门票,316,1.2,1.67,1.39,2024-06-17
USP 消音版,战痕累累,普通,42195,USP 消音版 | 午夜行动,141,1.15,1.38,1.2,2024-06-17
USP 消音版,破损不堪,普通,927327,USP 消音版 | 沙漠战术,349,1.13,1.52,1.35,2024-06-17
USP 消音版,破损不堪,普通,42199,USP 消音版 | 午夜行动,45,1.1,1.67,1.52,2024-06-17
USP 消音版,战痕累累,普通,927320,USP 消音版 | 沙漠战术,467,1.09,1.52,1.39,2024-06-17
USP 消音版,略有磨损,普通,42175,USP 消音版 | 森林之叶,621,0.53,0.73,1.38,2024-06-17
USP 消音版,破损不堪,普通,42176,USP 消音版 | 森林之叶,211,0.3,0.51,1.7,2024-06-17
USP 消音版,久经沙场,普通,42174,USP 消音版 | 森林之叶,747,0.3,0.51,1.7,2024-06-17
USP 消音版,战痕累累,普通,42172,USP 消音版 | 森林之叶,474,0.26,0.44,1.69,2024-06-17
USP 消音版,崭新出厂,纪念品,38107,USP 消音版（纪念品） | 午夜行动,2,6999.5,5609.97,0.8,2024-06-20
USP 消音版,战痕累累,纪念品,43913,USP 消音版（纪念品） | 森林之叶,1,6887.5,627.33,0.09,2024-06-20
USP 消音版,略有磨损,纪念品,38109,USP 消音版（纪念品） | 午夜行动,5,3299.5,7250.14,2.2,2024-06-20
USP 消音版,崭新出厂,StatTrak™,39739,USP 消音版（StatTrak™） | 枪响人亡,99,3029.5,5362.13,1.77,2024-06-20
USP 消音版,崭新出厂,纪念品,38116,USP 消音版（纪念品） | 宝蓝之色,13,1899.5,12415.67,6.54,2024-06-20
USP 消音版,崭新出厂,StatTrak™,39757,USP 消音版（StatTrak™） | 疯狂蔓延,6,1749,2191.95,1.25,2024-06-20
USP 消音版,崭新出厂,StatTrak™,900665,USP 消音版（StatTrak™） | 印花集,204,1532.5,2312.72,1.51,2024-06-20
USP 消音版,崭新出厂,普通,871798,USP 消音版 | 银装素裹,119,1446,2089.12,1.44,2024-06-20
USP 消音版,略有磨损,StatTrak™,39741,USP 消音版（StatTrak™） | 枪响人亡,108,1433.5,2031.85,1.42,2024-06-20
USP 消音版,崭新出厂,普通,835753,USP 消音版 | 锁定,116,1278.5,2033.96,1.59,2024-06-20
USP 消音版,久经沙场,纪念品,38108,USP 消音版（纪念品） | 午夜行动,5,1110.5,3602.36,3.24,2024-06-20
USP 消音版,崭新出厂,StatTrak™,857715,USP 消音版（StatTrak™） | 倒吊人,58,1025.8,1415.19,1.38,2024-06-20
USP 消音版,略有磨损,普通,835723,USP 消音版 | 锁定,41,959.5,1436.02,1.5,2024-06-20
USP 消音版,久经沙场,普通,835728,USP 消音版 | 锁定,10,949.5,1316.64,1.39,2024-06-20
USP 消音版,崭新出厂,普通,42181,USP 消音版 | 枪响人亡,283,929.4,1385.8,1.49,2024-06-20
USP 消音版,略有磨损,StatTrak™,39734,USP 消音版（StatTrak™） | 黑水,58,926.1,1169.31,1.26,2024-06-20
USP 消音版,破损不堪,普通,835924,USP 消音版 | 锁定,1,887.5,1527.61,1.72,2024-06-20
USP 消音版,崭新出厂,StatTrak™,39720,USP 消音版（StatTrak™） | 蓝图,82,826.1,1088.61,1.32,2024-06-20
USP 消音版,久经沙场,StatTrak™,39733,USP 消音版（StatTrak™） | 黑水,22,819.5,1074.6,1.31,2024-06-20
USP 消音版,久经沙场,StatTrak™,39740,USP 消音版（StatTrak™） | 枪响人亡,103,797.47,1153.64,1.45,2024-06-20
USP 消音版,崭新出厂,StatTrak™,43935,USP 消音版（StatTrak™） | 猎户,176,724.5,1015.38,1.4,2024-06-20
USP 消音版,略有磨损,StatTrak™,900546,USP 消音版（StatTrak™） | 印花集,333,708.5,967.05,1.36,2024-06-20
USP 消音版,崭新出厂,StatTrak™,39724,USP 消音版（StatTrak™） | 凯门鳄,32,674.5,1204.73,1.79,2024-06-20
USP 消音版,崭新出厂,普通,900565,USP 消音版 | 印花集,783,671,896.43,1.34,2024-06-20
USP 消音版,崭新出厂,StatTrak™,39749,USP 消音版（StatTrak™） | 黑色魅影,207,639.49,927.64,1.45,2024-06-20
USP 消音版,略有磨损,纪念品,38105,USP 消音版（纪念品） | 森林之叶,4,599,818.49,1.37,2024-06-20
USP 消音版,崭新出厂,纪念品,38111,USP 消音版（纪念品） | 公路杀手,33,584.78,894.98,1.53,2024-06-20
USP 消音版,破损不堪,StatTrak™,39742,USP 消音版（StatTrak™） | 枪响人亡,29,584.5,845.05,1.45,2024-06-20
USP 消音版,略有磨损,普通,42171,USP 消音版 | 黑水,45,564.5,753.9,1.34,2024-06-20
USP 消音版,略有磨损,StatTrak™,39726,USP 消音版（StatTrak™） | 凯门鳄,12,554.5,748.31,1.35,2024-06-20
USP 消音版,崭新出厂,StatTrak™,835602,USP 消音版（StatTrak™） | 小绿怪,83,539.5,809.64,1.5,2024-06-20
USP 消音版,崭新出厂,普通,871547,USP 消音版 | 橙红安乐蜥,97,527.5,695.19,1.32,2024-06-20
USP 消音版,久经沙场,普通,42170,USP 消音版 | 黑水,20,527,653.17,1.24,2024-06-20
USP 消音版,略有磨损,StatTrak™,39754,USP 消音版（StatTrak™） | 猎户,59,524.5,817.91,1.56,2024-06-20
USP 消音版,久经沙场,普通,871455,USP 消音版 | 橙红安乐蜥,8,511,735.9,1.44,2024-06-20
USP 消音版,战痕累累,StatTrak™,39738,USP 消音版（StatTrak™） | 枪响人亡,17,509.5,698.96,1.37,2024-06-20
USP 消音版,略有磨损,普通,871574,USP 消音版 | 橙红安乐蜥,21,499.5,672.25,1.35,2024-06-20
USP 消音版,久经沙场,StatTrak™,39753,USP 消音版（StatTrak™） | 猎户,13,499.5,769.28,1.54,2024-06-20
USP 消音版,久经沙场,纪念品,38104,USP 消音版（纪念品） | 森林之叶,6,498.5,660.71,1.33,2024-06-20
USP 消音版,崭新出厂,StatTrak™,39765,USP 消音版（StatTrak™） | 不锈钢,224,468.5,652.8,1.39,2024-06-20
USP 消音版,略有磨损,普通,42183,USP 消音版 | 枪响人亡,428,462,603.96,1.31,2024-06-20
USP 消音版,战痕累累,普通,42200,USP 消音版 | 猎户,2,422.5,560.2,1.33,2024-06-20
USP 消音版,久经沙场,StatTrak™,900640,USP 消音版（StatTrak™） | 印花集,376,408.5,561.21,1.37,2024-06-20
USP 消音版,崭新出厂,普通,42225,USP 消音版 | 血清,98,405.48,519.56,1.28,2024-06-20
USP 消音版,略有磨损,普通,900615,USP 消音版 | 印花集,1748,395,514.62,1.3,2024-06-20
USP 消音版,崭新出厂,普通,42216,USP 消音版 | 公路杀手,128,383.9,558.75,1.46,2024-06-20
USP 消音版,崭新出厂,普通,42161,USP 消音版 | 凯门鳄,82,374.65,531.6,1.42,2024-06-20
USP 消音版,崭新出厂,普通,42221,USP 消音版 | 宝蓝之色,54,374.4,541.62,1.45,2024-06-20
USP 消音版,崭新出厂,普通,42201,USP 消音版 | 猎户,525,369.5,479.5,1.3,2024-06-20
USP 消音版,崭新出厂,StatTrak™,39761,USP 消音版（StatTrak™） | 血清,58,369.49,545.18,1.48,2024-06-20
USP 消音版,破损不堪,StatTrak™,900654,USP 消音版（StatTrak™） | 印花集,35,369.4,467.81,1.27,2024-06-20
USP 消音版,久经沙场,StatTrak™,39725,USP 消音版（StatTrak™） | 凯门鳄,21,368.26,491.04,1.33,2024-06-20
USP 消音版,久经沙场,StatTrak™,39762,USP 消音版（StatTrak™） | 血清,4,363.54,351.62,0.97,2024-06-20
USP 消音版,崭新出厂,普通,42206,USP 消音版 | 疯狂蔓延,31,358.57,579.87,1.62,2024-06-20
USP 消音版,崭新出厂,普通,857686,USP 消音版 | 倒吊人,223,349,464.18,1.33,2024-06-20
USP 消音版,略有磨损,StatTrak™,39759,USP 消音版（StatTrak™） | 疯狂蔓延,79,347.4,499.6,1.44,2024-06-20
USP 消音版,崭新出厂,普通,42157,USP 消音版 | 商业皮革,27,343.16,574.57,1.67,2024-06-20
USP 消音版,崭新出厂,StatTrak™,956583,USP 消音版（StatTrak™） | 破颚者,44,339.5,517.02,1.52,2024-06-20
USP 消音版,破损不堪,StatTrak™,39760,USP 消音版（StatTrak™） | 疯狂蔓延,7,339.5,435.44,1.28,2024-06-20
USP 消音版,略有磨损,StatTrak™,857705,USP 消音版（StatTrak™） | 倒吊人,156,337.38,492.63,1.46,2024-06-20
USP 消音版,破损不堪,普通,42204,USP 消音版 | 猎户,2,332.5,857.46,2.58,2024-06-20
USP 消音版,略有磨损,StatTrak™,39751,USP 消音版（StatTrak™） | 黑色魅影,140,327.98,444.66,1.36,2024-06-20
USP 消音版,略有磨损,普通,42163,USP 消音版 | 凯门鳄,56,321.98,424.2,1.32,2024-06-20
USP 消音版,战痕累累,StatTrak™,39756,USP 消音版（StatTrak™） | 疯狂蔓延,8,319,372.89,1.17,2024-06-20
USP 消音版,略有磨损,普通,871443,USP 消音版 | 银装素裹,862,318.9,419.62,1.32,2024-06-20
USP 消音版,略有磨损,普通,42203,USP 消音版 | 猎户,215,318.9,448.22,1.41,2024-06-20
USP 消音版,崭新出厂,普通,835877,USP 消音版 | 远古幻想,55,309.49,444.44,1.44,2024-06-20
USP 消音版,略有磨损,普通,835839,USP 消音版 | 远古幻想,14,308.5,444.44,1.44,2024-06-20
USP 消音版,略有磨损,StatTrak™,835802,USP 消音版（StatTrak™） | 小绿怪,72,304.5,452.06,1.48,2024-06-20
USP 消音版,战痕累累,StatTrak™,900677,USP 消音版（StatTrak™） | 印花集,51,294.5,403.37,1.37,2024-06-20
USP 消音版,久经沙场,普通,42202,USP 消音版 | 猎户,33,293.79,399.74,1.36,2024-06-20
USP 消音版,破损不堪,普通,42164,USP 消音版 | 凯门鳄,2,283.47,425.21,1.5,2024-06-20
USP 消音版,破损不堪,StatTrak™,43995,USP 消音版（StatTrak™） | 黑色魅影,5,279.49,384.35,1.38,2024-06-20
USP 消音版,久经沙场,普通,835857,USP 消音版 | 远古幻想,22,278.5,449.81,1.62,2024-06-20
USP 消音版,久经沙场,StatTrak™,39758,USP 消音版（StatTrak™） | 疯狂蔓延,73,277.8,376.51,1.36,2024-06-20
USP 消音版,久经沙场,普通,42162,USP 消音版 | 凯门鳄,22,274,329.49,1.2,2024-06-20
USP 消音版,略有磨损,普通,42218,USP 消音版 | 公路杀手,93,273.8,402.28,1.47,2024-06-20
USP 消音版,破损不堪,普通,836161,USP 消音版 | 远古幻想,3,271.5,376.88,1.39,2024-06-20
USP 消音版,崭新出厂,普通,835670,USP 消音版 | 小绿怪,258,269,373.03,1.39,2024-06-20
USP 消音版,久经沙场,普通,42182,USP 消音版 | 枪响人亡,616,268.5,358.52,1.34,2024-06-20
USP 消音版,略有磨损,StatTrak™,39763,USP 消音版（StatTrak™） | 血清,27,246.4,314.17,1.28,2024-06-20
USP 消音版,略有磨损,普通,42159,USP 消音版 | 商业皮革,18,227.19,279.05,1.23,2024-06-20
USP 消音版,久经沙场,普通,42158,USP 消音版 | 商业皮革,5,226,269.25,1.19,2024-06-20
USP 消音版,崭新出厂,StatTrak™,871841,USP 消音版（StatTrak™） | 黑莲花,66,225.18,296.25,1.32,2024-06-20
USP 消音版,破损不堪,普通,42184,USP 消音版 | 枪响人亡,105,219.5,292.11,1.33,2024-06-20
USP 消音版,略有磨损,纪念品,38118,USP 消音版（纪念品） | 宝蓝之色,235,218.85,325.86,1.49,2024-06-20
USP 消音版,久经沙场,普通,900494,USP 消音版 | 印花集,4047,210.5,274.26,1.3,2024-06-20
USP 消音版,久经沙场,普通,42226,USP 消音版 | 血清,7,210.09,280.64,1.34,2024-06-20
USP 消音版,战痕累累,普通,42180,USP 消音版 | 枪响人亡,59,209.89,283.04,1.35,2024-06-20
USP 消音版,崭新出厂,普通,42191,USP 消音版 | 黑色魅影,709,208.57,279.77,1.34,2024-06-20
USP 消音版,破损不堪,普通,42160,USP 消音版 | 商业皮革,2,203.49,261.56,1.29,2024-06-20
USP 消音版,破损不堪,普通,42209,USP 消音版 | 疯狂蔓延,3,198.5,200.38,1.01,2024-06-20
USP 消音版,略有磨损,普通,42227,USP 消音版 | 血清,55,197.49,284.71,1.44,2024-06-20
USP 消音版,久经沙场,StatTrak™,39750,USP 消音版（StatTrak™） | 黑色魅影,150,197.3,258.22,1.31,2024-06-20
USP 消音版,崭新出厂,普通,775097,USP 消音版 | 寻路者,70,192.96,259.81,1.35,2024-06-20
USP 消音版,略有磨损,普通,775240,USP 消音版 | 寻路者,26,191.48,247.84,1.29,2024-06-20
USP 消音版,崭新出厂,普通,42153,USP 消音版 | 蓝图,297,191.45,252.92,1.32,2024-06-20
USP 消音版,久经沙场,普通,775106,USP 消音版 | 寻路者,13,189,247.91,1.31,2024-06-20
USP 消音版,久经沙场,StatTrak™,857688,USP 消音版（StatTrak™） | 倒吊人,185,184.5,238.84,1.29,2024-06-20
USP 消音版,破损不堪,普通,871784,USP 消音版 | 紫色 DDPAT,9,184.49,155.38,0.84,2024-06-20
USP 消音版,破损不堪,普通,900631,USP 消音版 | 印花集,163,183.98,244.72,1.33,2024-06-20
USP 消音版,久经沙场,普通,871226,USP 消音版 | 银装素裹,404,182.5,244.5,1.34,2024-06-20
USP 消音版,战痕累累,StatTrak™,39748,USP 消音版（StatTrak™） | 黑色魅影,17,179.49,215.04,1.2,2024-06-20
USP 消音版,略有磨损,StatTrak™,956603,USP 消音版（StatTrak™） | 破颚者,72,177.49,221.35,1.25,2024-06-20
USP 消音版,破损不堪,普通,871125,USP 消音版 | 银装素裹,16,176.4,224.98,1.28,2024-06-20
USP 消音版,略有磨损,StatTrak™,39722,USP 消音版（StatTrak™） | 蓝图,283,173.89,250.38,1.44,2024-06-20
USP 消音版,略有磨损,普通,42208,USP 消音版 | 疯狂蔓延,148,173.5,229.84,1.32,2024-06-20
USP 消音版,战痕累累,普通,871302,USP 消音版 | 银装素裹,60,170.7,213.22,1.25,2024-06-20
USP 消音版,久经沙场,普通,42207,USP 消音版 | 疯狂蔓延,63,169.5,217.07,1.28,2024-06-20
USP 消音版,战痕累累,普通,42156,USP 消音版 | 商业皮革,5,169.47,202.99,1.2,2024-06-20
USP 消音版,略有磨损,普通,835635,USP 消音版 | 小绿怪,278,168.5,223.24,1.32,2024-06-20
USP 消音版,久经沙场,StatTrak™,835661,USP 消音版（StatTrak™） | 小绿怪,102,168,217.79,1.3,2024-06-20
USP 消音版,战痕累累,普通,42205,USP 消音版 | 疯狂蔓延,10,167.5,200.38,1.2,2024-06-20
USP 消音版,久经沙场,普通,42217,USP 消音版 | 公路杀手,112,164,217.65,1.33,2024-06-20
USP 消音版,略有磨损,StatTrak™,39767,USP 消音版（StatTrak™） | 不锈钢,607,163.99,225.34,1.37,2024-06-20
USP 消音版,崭新出厂,StatTrak™,45468,USP 消音版（StatTrak™） | 脑洞大开,231,162.38,214.82,1.32,2024-06-20
USP 消音版,战痕累累,普通,42215,USP 消音版 | 公路杀手,14,162.07,200.38,1.24,2024-06-20
USP 消音版,破损不堪,StatTrak™,835991,USP 消音版（StatTrak™） | 小绿怪,4,147.47,215.04,1.46,2024-06-20
USP 消音版,略有磨损,纪念品,38113,USP 消音版（纪念品） | 公路杀手,146,141.01,206.4,1.46,2024-06-20
USP 消音版,破损不堪,普通,42219,USP 消音版 | 公路杀手,34,139.5,183.98,1.32,2024-06-20
USP 消音版,破损不堪,StatTrak™,857714,USP 消音版（StatTrak™） | 倒吊人,66,138.5,183.61,1.33,2024-06-20
USP 消音版,崭新出厂,普通,42211,USP 消音版 | 绿色伞兵,74,137.67,184.63,1.34,2024-06-20
USP 消音版,战痕累累,普通,900600,USP 消音版 | 印花集,551,135.48,182.89,1.35,2024-06-20
USP 消音版,战痕累累,普通,871220,USP 消音版 | 紫色 DDPAT,8,125.5,153.2,1.22,2024-06-20
USP 消音版,崭新出厂,StatTrak™,39744,USP 消音版（StatTrak™） | 铅管,51,124.2,166.92,1.34,2024-06-20
USP 消音版,战痕累累,StatTrak™,857695,USP 消音版（StatTrak™） | 倒吊人,63,122.4,156.32,1.28,2024-06-20
USP 消音版,战痕累累,StatTrak™,835933,USP 消音版（StatTrak™） | 小绿怪,7,120.9,170.33,1.41,2024-06-20
USP 消音版,崭新出厂,普通,871592,USP 消音版 | 紫色 DDPAT,282,119,155.53,1.31,2024-06-20
USP 消音版,破损不堪,普通,42214,USP 消音版 | 绿色伞兵,8,118.83,108.5,0.91,2024-06-20
USP 消音版,久经沙场,普通,835636,USP 消音版 | 小绿怪,209,118.5,161.55,1.36,2024-06-20
USP 消音版,崭新出厂,普通,42229,USP 消音版 | 不锈钢,487,116.86,166.92,1.43,2024-06-20
USP 消音版,略有磨损,普通,871355,USP 消音版 | 紫色 DDPAT,81,116.5,151.24,1.3,2024-06-20
USP 消音版,略有磨损,普通,42223,USP 消音版 | 宝蓝之色,340,115.68,154.15,1.33,2024-06-20
USP 消音版,久经沙场,普通,871361,USP 消音版 | 紫色 DDPAT,24,115.64,149.43,1.29,2024-06-20
USP 消音版,崭新出厂,普通,956587,USP 消音版 | 破颚者,185,115.5,156.69,1.36,2024-06-20
USP 消音版,破损不堪,普通,835842,USP 消音版 | 小绿怪,20,115.19,156.4,1.36,2024-06-20
USP 消音版,久经沙场,普通,42222,USP 消音版 | 宝蓝之色,87,111.51,144.57,1.3,2024-06-20
USP 消音版,略有磨损,普通,42193,USP 消音版 | 黑色魅影,1212,111.48,152.84,1.37,2024-06-20
USP 消音版,破损不堪,普通,42224,USP 消音版 | 宝蓝之色,13,109.05,145.73,1.34,2024-06-20
USP 消音版,战痕累累,普通,42220,USP 消音版 | 宝蓝之色,14,109.05,161.04,1.48,2024-06-20
USP 消音版,战痕累累,普通,835771,USP 消音版 | 小绿怪,26,107.9,137.38,1.27,2024-06-20
USP 消音版,破损不堪,StatTrak™,39768,USP 消音版（StatTrak™） | 不锈钢,11,107.5,138.91,1.29,2024-06-20
USP 消音版,略有磨损,普通,857670,USP 消音版 | 倒吊人,1078,103.3,137.89,1.33,2024-06-20
USP 消音版,久经沙场,StatTrak™,956606,USP 消音版（StatTrak™） | 破颚者,108,96.5,129.83,1.35,2024-06-20
USP 消音版,久经沙场,纪念品,38112,USP 消音版（纪念品） | 公路杀手,182,93.7,141.95,1.51,2024-06-20
USP 消音版,崭新出厂,纪念品,877164,USP 消音版（纪念品） | 橙红安乐蜥,156,89.69,126.35,1.41,2024-06-20
USP 消音版,战痕累累,普通,42210,USP 消音版 | 绿色伞兵,5,87.51,92.89,1.06,2024-06-20
USP 消音版,久经沙场,普通,42212,USP 消音版 | 绿色伞兵,10,84.8,95.65,1.13,2024-06-20
USP 消音版,破损不堪,普通,42194,USP 消音版 | 黑色魅影,26,83.88,115.17,1.37,2024-06-20
USP 消音版,崭新出厂,纪念品,877105,USP 消音版（纪念品） | 远古幻想,95,83.4,129.18,1.55,2024-06-20
USP 消音版,久经沙场,StatTrak™,39766,USP 消音版（StatTrak™） | 不锈钢,671,82.39,113.14,1.37,2024-06-20
USP 消音版,略有磨损,普通,42213,USP 消音版 | 绿色伞兵,79,79.97,115.32,1.44,2024-06-20
USP 消音版,崭新出厂,纪念品,761401,USP 消音版（纪念品） | 引擎故障灯,148,78.9,122.94,1.56,2024-06-20
USP 消音版,久经沙场,普通,42192,USP 消音版 | 黑色魅影,1281,76.9,101.53,1.32,2024-06-20
USP 消音版,崭新出厂,StatTrak™,39735,USP 消音版（StatTrak™） | 守护者,683,74.7,98.63,1.32,2024-06-20
USP 消音版,战痕累累,StatTrak™,956613,USP 消音版（StatTrak™） | 破颚者,55,74.15,98.48,1.33,2024-06-20
USP 消音版,破损不堪,StatTrak™,956658,USP 消音版（StatTrak™） | 破颚者,37,72.6,97.1,1.34,2024-06-20
USP 消音版,战痕累累,纪念品,38110,USP 消音版（纪念品） | 公路杀手,80,72.12,96.45,1.34,2024-06-20
USP 消音版,破损不堪,纪念品,38114,USP 消音版（纪念品） | 公路杀手,108,69.6,93.98,1.35,2024-06-20
USP 消音版,崭新出厂,StatTrak™,39716,USP 消音版（StatTrak™） | 血虎,61,66.75,101.17,1.52,2024-06-20
USP 消音版,战痕累累,普通,42190,USP 消音版 | 黑色魅影,83,66.17,89.05,1.35,2024-06-20
USP 消音版,战痕累累,StatTrak™,39764,USP 消音版（StatTrak™） | 不锈钢,55,65.69,88.54,1.35,2024-06-20
USP 消音版,久经沙场,纪念品,38117,USP 消音版（纪念品） | 宝蓝之色,583,64.77,90.21,1.39,2024-06-20
USP 消音版,崭新出厂,StatTrak™,39729,USP 消音版（StatTrak™） | 次时代,390,63.9,93.91,1.47,2024-06-20
USP 消音版,略有磨损,普通,956502,USP 消音版 | 破颚者,407,62.75,90.14,1.44,2024-06-20
USP 消音版,战痕累累,纪念品,38115,USP 消音版（纪念品） | 宝蓝之色,136,60.78,80.99,1.33,2024-06-20
USP 消音版,久经沙场,普通,857612,USP 消音版 | 倒吊人,1801,60.3,81.79,1.36,2024-06-20
USP 消音版,略有磨损,纪念品,877200,USP 消音版（纪念品） | 橙红安乐蜥,130,59.9,93.91,1.57,2024-06-20
USP 消音版,久经沙场,StatTrak™,39721,USP 消音版（StatTrak™） | 蓝图,359,59.69,81.79,1.37,2024-06-20
USP 消音版,破损不堪,StatTrak™,39723,USP 消音版（StatTrak™） | 蓝图,26,58.32,85.78,1.47,2024-06-20
USP 消音版,略有磨损,StatTrak™,39737,USP 消音版（StatTrak™） | 守护者,405,55.68,76.42,1.37,2024-06-20
USP 消音版,破损不堪,纪念品,38119,USP 消音版（纪念品） | 宝蓝之色,64,55.11,74.1,1.34,2024-06-20
USP 消音版,崭新出厂,纪念品,876915,USP 消音版（纪念品） | 紫色 DDPAT,502,55,77.36,1.41,2024-06-20
USP 消音版,崭新出厂,普通,45369,USP 消音版 | 脑洞大开,673,54.59,75.62,1.39,2024-06-20
USP 消音版,略有磨损,StatTrak™,45401,USP 消音版（StatTrak™） | 脑洞大开,466,53.71,73.52,1.37,2024-06-20
USP 消音版,略有磨损,纪念品,877018,USP 消音版（纪念品） | 远古幻想,73,53.57,78.02,1.46,2024-06-20
USP 消音版,略有磨损,普通,42154,USP 消音版 | 蓝图,1378,52.7,77.0,1.46,2024-06-20
USP 消音版,崭新出厂,普通,871550,USP 消音版 | 黑莲花,266,49.79,70.25,1.41,2024-06-20
USP 消音版,崭新出厂,普通,42149,USP 消音版 | 血虎,74,46.59,64.88,1.39,2024-06-20
USP 消音版,久经沙场,纪念品,877185,USP 消音版（纪念品） | 橙红安乐蜥,102,46.34,59.22,1.28,2024-06-20
USP 消音版,略有磨损,StatTrak™,871421,USP 消音版（StatTrak™） | 黑莲花,348,46.19,66.19,1.43,2024-06-20
USP 消音版,略有磨损,普通,42231,USP 消音版 | 不锈钢,1451,44.96,65.61,1.46,2024-06-20
USP 消音版,破损不堪,普通,857519,USP 消音版 | 倒吊人,424,44.9,61.47,1.37,2024-06-20
USP 消音版,破损不堪,纪念品,877082,USP 消音版（纪念品） | 远古幻想,13,44.3,63.07,1.42,2024-06-20
USP 消音版,战痕累累,普通,857640,USP 消音版 | 倒吊人,364,40.68,55.52,1.36,2024-06-20
USP 消音版,久经沙场,普通,956527,USP 消音版 | 破颚者,599,39.9,53.63,1.34,2024-06-20
USP 消音版,久经沙场,纪念品,877053,USP 消音版（纪念品） | 远古幻想,76,39.79,48.19,1.21,2024-06-20
USP 消音版,破损不堪,普通,956520,USP 消音版 | 破颚者,267,35.18,42.82,1.22,2024-06-20
USP 消音版,略有磨损,纪念品,761402,USP 消音版（纪念品） | 引擎故障灯,155,34.6,47.03,1.36,2024-06-20
USP 消音版,战痕累累,StatTrak™,39719,USP 消音版（StatTrak™） | 蓝图,46,34.3,44.56,1.3,2024-06-20
USP 消音版,崭新出厂,普通,42177,USP 消音版 | 守护者,1281,34.28,44.05,1.29,2024-06-20
USP 消音版,略有磨损,纪念品,876904,USP 消音版（纪念品） | 紫色 DDPAT,473,32.67,45.87,1.4,2024-06-20
USP 消音版,战痕累累,普通,956575,USP 消音版 | 破颚者,297,31.4,39.04,1.24,2024-06-20
USP 消音版,崭新出厂,StatTrak™,887052,USP 消音版（StatTrak™） | 地狱门票,347,30.66,43.54,1.42,2024-06-20
USP 消音版,略有磨损,StatTrak™,39731,USP 消音版（StatTrak™） | 次时代,365,29.9,43.54,1.46,2024-06-20
USP 消音版,破损不堪,普通,42232,USP 消音版 | 不锈钢,29,29.55,43.18,1.46,2024-06-20
USP 消音版,久经沙场,StatTrak™,39736,USP 消音版（StatTrak™） | 守护者,337,29.27,37.3,1.27,2024-06-20
USP 消音版,破损不堪,普通,42155,USP 消音版 | 蓝图,36,29.05,38.46,1.32,2024-06-20
USP 消音版,破损不堪,纪念品,761515,USP 消音版（纪念品） | 引擎故障灯,19,28.64,39.84,1.39,2024-06-20
USP 消音版,破损不堪,StatTrak™,39732,USP 消音版（StatTrak™） | 次时代,16,27.4,34.84,1.27,2024-06-20
USP 消音版,久经沙场,StatTrak™,45346,USP 消音版（StatTrak™） | 脑洞大开,576,27.06,39.63,1.46,2024-06-20
USP 消音版,略有磨损,普通,42179,USP 消音版 | 守护者,742,26.22,36.0,1.37,2024-06-20
USP 消音版,略有磨损,StatTrak™,39746,USP 消音版（StatTrak™） | 铅管,187,26.19,38.17,1.46,2024-06-20
USP 消音版,破损不堪,StatTrak™,45427,USP 消音版（StatTrak™） | 脑洞大开,92,25.9,33.6,1.3,2024-06-20
USP 消音版,崭新出厂,StatTrak™,39770,USP 消音版（StatTrak™） | 力矩,588,25.71,35.05,1.36,2024-06-20
USP 消音版,崭新出厂,普通,42186,USP 消音版 | 铅管,151,24.76,33.38,1.35,2024-06-20
USP 消音版,略有磨损,StatTrak™,39718,USP 消音版（StatTrak™） | 血虎,192,24.68,34.04,1.38,2024-06-20
USP 消音版,战痕累累,StatTrak™,45503,USP 消音版（StatTrak™） | 脑洞大开,91,24.24,32.3,1.33,2024-06-20
USP 消音版,久经沙场,普通,42230,USP 消音版 | 不锈钢,1541,22.3,29.76,1.33,2024-06-20
USP 消音版,久经沙场,普通,43999,USP 消音版 | 蓝图,1436,21.8,30.12,1.38,2024-06-20
USP 消音版,久经沙场,StatTrak™,871624,USP 消音版（StatTrak™） | 黑莲花,363,21.3,32.3,1.52,2024-06-20
USP 消音版,略有磨损,普通,45371,USP 消音版 | 脑洞大开,2660,21.1,30.05,1.42,2024-06-20
USP 消音版,战痕累累,纪念品,761477,USP 消音版（纪念品） | 引擎故障灯,38,19.48,27.29,1.4,2024-06-20
USP 消音版,崭新出厂,StatTrak™,763327,USP 消音版（StatTrak™） | 闪回,198,19.38,26.85,1.39,2024-06-20
USP 消音版,久经沙场,StatTrak™,39717,USP 消音版（StatTrak™） | 血虎,59,19.25,25.69,1.33,2024-06-20
USP 消音版,久经沙场,普通,42150,USP 消音版 | 血虎,15,18.95,23.95,1.26,2024-06-20
USP 消音版,破损不堪,StatTrak™,871658,USP 消音版（StatTrak™） | 黑莲花,61,18.8,25.04,1.33,2024-06-20
USP 消音版,略有磨损,普通,42151,USP 消音版 | 血虎,114,17.59,23.95,1.36,2024-06-20
USP 消音版,战痕累累,普通,42152,USP 消音版 | 蓝图,99,17.36,23.37,1.35,2024-06-20
USP 消音版,久经沙场,纪念品,761362,USP 消音版（纪念品） | 引擎故障灯,220,17.01,23.37,1.37,2024-06-20
USP 消音版,久经沙场,StatTrak™,39730,USP 消音版（StatTrak™） | 次时代,405,16.75,21.92,1.31,2024-06-20
USP 消音版,战痕累累,普通,42228,USP 消音版 | 不锈钢,126,16.7,24.38,1.46,2024-06-20
USP 消音版,略有磨损,StatTrak™,39772,USP 消音版（StatTrak™） | 力矩,409,16.59,24.24,1.46,2024-06-20
USP 消音版,崭新出厂,普通,42166,USP 消音版 | 次时代,1968,16.5,21.77,1.32,2024-06-20
USP 消音版,久经沙场,纪念品,876882,USP 消音版（纪念品） | 紫色 DDPAT,856,16.3,21.19,1.3,2024-06-20
USP 消音版,战痕累累,StatTrak™,39728,USP 消音版（StatTrak™） | 次时代,19,16.08,23.44,1.46,2024-06-20
USP 消音版,略有磨损,普通,871382,USP 消音版 | 黑莲花,1127,16.1,21.34,1.33,2024-06-20
USP 消音版,崭新出厂,纪念品,929075,USP 消音版（纪念品） | 沙漠战术,84,15.96,23.37,1.46,2024-06-20
USP 消音版,战痕累累,StatTrak™,871437,USP 消音版（StatTrak™） | 黑莲花,82,15.76,20.39,1.29,2024-06-20
USP 消音版,久经沙场,StatTrak™,39745,USP 消音版（StatTrak™） | 铅管,162,15.24,20.18,1.32,2024-06-20
USP 消音版,久经沙场,普通,42178,USP 消音版 | 守护者,348,14.56,20.1,1.38,2024-06-20
USP 消音版,破损不堪,纪念品,877063,USP 消音版（纪念品） | 紫色 DDPAT,24,14.47,22.14,1.53,2024-06-20
USP 消音版,战痕累累,StatTrak™,763496,USP 消音版（StatTrak™） | 闪回,27,14.17,19.59,1.38,2024-06-20
USP 消音版,战痕累累,StatTrak™,39769,USP 消音版（StatTrak™） | 力矩,14,13.9,21.19,1.52,2024-06-20
USP 消音版,破损不堪,StatTrak™,763326,USP 消音版（StatTrak™） | 闪回,17,12.77,16.26,1.27,2024-06-20
USP 消音版,略有磨损,StatTrak™,886809,USP 消音版（StatTrak™） | 地狱门票,629,12.24,18.14,1.48,2024-06-20
USP 消音版,破损不堪,StatTrak™,39747,USP 消音版（StatTrak™） | 铅管,91,12.19,17.27,1.42,2024-06-20
USP 消音版,破损不堪,StatTrak™,39773,USP 消音版（StatTrak™） | 力矩,11,12.01,17.85,1.49,2024-06-20
USP 消音版,久经沙场,普通,45370,USP 消音版 | 脑洞大开,4525,11.9,15.24,1.28,2024-06-20
USP 消音版,战痕累累,StatTrak™,39743,USP 消音版（StatTrak™） | 铅管,95,11.8,18.65,1.58,2024-06-20
USP 消音版,战痕累累,纪念品,876879,USP 消音版（纪念品） | 紫色 DDPAT,53,10.56,12.85,1.22,2024-06-20
USP 消音版,略有磨损,StatTrak™,763357,USP 消音版（StatTrak™） | 闪回,302,9.9,14.44,1.46,2024-06-20
USP 消音版,久经沙场,StatTrak™,39771,USP 消音版（StatTrak™） | 力矩,573,9.87,13.64,1.38,2024-06-20
USP 消音版,略有磨损,普通,42168,USP 消音版 | 次时代,2018,9.63,13.35,1.39,2024-06-20
USP 消音版,崭新出厂,普通,33833,USP 消音版 | 力矩,1614,9.19,12.27,1.34,2024-06-20
USP 消音版,战痕累累,普通,45368,USP 消音版 | 脑洞大开,430,9.1,11.32,1.24,2024-06-20
USP 消音版,破损不堪,普通,45372,USP 消音版 | 脑洞大开,585,9.09,13.86,1.52,2024-06-20
USP 消音版,破损不堪,StatTrak™,887071,USP 消音版（StatTrak™） | 地狱门票,77,8.81,13.5,1.53,2024-06-20
USP 消音版,破损不堪,普通,42169,USP 消音版 | 次时代,92,8.34,11.39,1.37,2024-06-20
USP 消音版,久经沙场,普通,871328,USP 消音版 | 黑莲花,822,8.23,10.96,1.33,2024-06-20
USP 消音版,战痕累累,普通,42233,USP 消音版 | 力矩,27,8.11,12.27,1.51,2024-06-20
USP 消音版,崭新出厂,普通,886669,USP 消音版 | 地狱门票,1351,8.04,10.52,1.31,2024-06-20
USP 消音版,崭新出厂,普通,763263,USP 消音版 | 闪回,531,7.93,10.16,1.28,2024-06-20
USP 消音版,略有磨损,普通,42188,USP 消音版 | 铅管,369,7.79,10.45,1.34,2024-06-20
USP 消音版,久经沙场,StatTrak™,763290,USP 消音版（StatTrak™） | 闪回,329,7.23,9.72,1.34,2024-06-20
USP 消音版,略有磨损,普通,42235,USP 消音版 | 力矩,1055,6.94,8.71,1.26,2024-06-20
USP 消音版,崭新出厂,普通,762162,USP 消音版 | 引擎故障灯,1716,6.54,8.85,1.35,2024-06-20
USP 消音版,破损不堪,普通,871409,USP 消音版 | 黑莲花,196,6.13,8.56,1.4,2024-06-20
USP 消音版,久经沙场,StatTrak™,886734,USP 消音版（StatTrak™） | 地狱门票,822,6.12,8.85,1.45,2024-06-20
USP 消音版,久经沙场,普通,42187,USP 消音版 | 铅管,242,5.2,7.33,1.41,2024-06-20
USP 消音版,崭新出厂,普通,42173,USP 消音版 | 森林之叶,99,5.19,6.39,1.23,2024-06-20
USP 消音版,久经沙场,普通,42167,USP 消音版 | 次时代,1826,4.97,6.82,1.37,2024-06-20
USP 消音版,略有磨损,纪念品,929035,USP 消音版（纪念品） | 沙漠战术,106,4.87,6.82,1.4,2024-06-20
USP 消音版,战痕累累,StatTrak™,886950,USP 消音版（StatTrak™） | 地狱门票,165,4.79,7.04,1.47,2024-06-20
USP 消音版,战痕累累,普通,42165,USP 消音版 | 次时代,114,4.79,6.46,1.35,2024-06-20
USP 消音版,略有磨损,普通,763255,USP 消音版 | 闪回,757,4.49,6.1,1.36,2024-06-20
USP 消音版,战痕累累,普通,871432,USP 消音版 | 黑莲花,263,4.17,5.81,1.39,2024-06-20
USP 消音版,略有磨损,普通,762163,USP 消音版 | 引擎故障灯,1380,4.08,5.81,1.42,2024-06-20
USP 消音版,崭新出厂,普通,927350,USP 消音版 | 沙漠战术,251,4.04,5.37,1.33,2024-06-20
USP 消音版,破损不堪,普通,42189,USP 消音版 | 铅管,153,3.99,5.66,1.42,2024-06-20
USP 消音版,破损不堪,普通,42236,USP 消音版 | 力矩,154,3.89,5.59,1.44,2024-06-20
USP 消音版,战痕累累,普通,42185,USP 消音版 | 铅管,133,3.86,5.81,1.51,2024-06-20
USP 消音版,久经沙场,普通,42234,USP 消音版 | 力矩,1316,3.72,5.23,1.41,2024-06-20
USP 消音版,略有磨损,普通,886682,USP 消音版 | 地狱门票,2619,3.63,5.15,1.42,2024-06-20
USP 消音版,崭新出厂,普通,42196,USP 消音版 | 午夜行动,743,3.43,4.43,1.29,2024-06-20
USP 消音版,战痕累累,普通,763348,USP 消音版 | 闪回,137,3.37,4.57,1.36,2024-06-20
USP 消音版,破损不堪,普通,763365,USP 消音版 | 闪回,157,3.08,4.5,1.46,2024-06-20
USP 消音版,久经沙场,普通,763264,USP 消音版 | 闪回,1041,2.99,4.43,1.48,2024-06-20
USP 消音版,久经沙场,纪念品,929057,USP 消音版（纪念品） | 沙漠战术,136,2.87,4.14,1.44,2024-06-20
USP 消音版,破损不堪,普通,762253,USP 消音版 | 引擎故障灯,126,2.85,3.48,1.22,2024-06-20
USP 消音版,久经沙场,普通,762086,USP 消音版 | 引擎故障灯,1324,2.69,3.41,1.27,2024-06-20
USP 消音版,破损不堪,纪念品,929056,USP 消音版（纪念品） | 沙漠战术,82,2.65,3.85,1.45,2024-06-20
USP 消音版,战痕累累,纪念品,929019,USP 消音版（纪念品） | 沙漠战术,75,2.57,3.77,1.47,2024-06-20
USP 消音版,破损不堪,普通,886997,USP 消音版 | 地狱门票,156,2.45,3.7,1.51,2024-06-20
USP 消音版,略有磨损,普通,42198,USP 消音版 | 午夜行动,726,2.07,2.61,1.26,2024-06-20
USP 消音版,战痕累累,普通,762161,USP 消音版 | 引擎故障灯,192,1.94,2.47,1.27,2024-06-20
USP 消音版,略有磨损,普通,927345,USP 消音版 | 沙漠战术,501,1.92,2.47,1.29,2024-06-20
USP 消音版,战痕累累,普通,42195,USP 消音版 | 午夜行动,115,1.59,1.45,0.91,2024-06-20
USP 消音版,破损不堪,普通,42199,USP 消音版 | 午夜行动,25,1.57,1.67,1.06,2024-06-20
USP 消音版,久经沙场,普通,886648,USP 消音版 | 地狱门票,4732,1.54,1.96,1.27,2024-06-20
USP 消音版,久经沙场,普通,42197,USP 消音版 | 午夜行动,588,1.5,1.89,1.26,2024-06-20
USP 消音版,久经沙场,普通,927318,USP 消音版 | 沙漠战术,772,1.31,1.81,1.38,2024-06-20
USP 消音版,战痕累累,普通,886692,USP 消音版 | 地狱门票,379,1.23,1.81,1.47,2024-06-20
USP 消音版,破损不堪,普通,927327,USP 消音版 | 沙漠战术,295,1.1,1.45,1.32,2024-06-20
USP 消音版,战痕累累,普通,927320,USP 消音版 | 沙漠战术,435,1,1.38,1.38,2024-06-20
USP 消音版,略有磨损,普通,42175,USP 消音版 | 森林之叶,607,0.43,0.73,1.7,2024-06-20
USP 消音版,破损不堪,普通,42176,USP 消音版 | 森林之叶,193,0.33,0.51,1.55,2024-06-20
USP 消音版,久经沙场,普通,42174,USP 消音版 | 森林之叶,757,0.32,0.51,1.59,2024-06-20
USP 消音版,战痕累累,普通,42172,USP 消音版 | 森林之叶,473,0.32,0.51,1.59,2024-06-20
USP 消音版,战痕累累,纪念品,876879,USP 消音版（纪念品） | 紫色 DDPAT,53,10.56,12.85,1.22,2024-06-20
USP 消音版,略有磨损,StatTrak™,763357,USP 消音版（StatTrak™） | 闪回,302,9.9,14.44,1.46,2024-06-20
USP 消音版,久经沙场,StatTrak™,39771,USP 消音版（StatTrak™） | 力矩,573,9.87,13.64,1.38,2024-06-20
USP 消音版,略有磨损,普通,42168,USP 消音版 | 次时代,2018,9.63,13.35,1.39,2024-06-20
USP 消音版,崭新出厂,普通,33833,USP 消音版 | 力矩,1614,9.19,12.27,1.34,2024-06-20
USP 消音版,战痕累累,普通,45368,USP 消音版 | 脑洞大开,430,9.1,12.12,1.33,2024-06-20
USP 消音版,破损不堪,普通,45372,USP 消音版 | 脑洞大开,585,9.09,12.77,1.4,2024-06-20
USP 消音版,破损不堪,StatTrak™,887071,USP 消音版（StatTrak™） | 地狱门票,77,8.81,13.5,1.53,2024-06-20
USP 消音版,破损不堪,普通,42169,USP 消音版 | 次时代,92,8.34,11.39,1.37,2024-06-20
USP 消音版,久经沙场,普通,871328,USP 消音版 | 黑莲花,822,8.23,10.89,1.32,2024-06-20
USP 消音版,战痕累累,普通,42233,USP 消音版 | 力矩,27,8.11,12.27,1.51,2024-06-20
USP 消音版,崭新出厂,普通,886669,USP 消音版 | 地狱门票,1351,8.04,10.52,1.31,2024-06-20
USP 消音版,崭新出厂,普通,763263,USP 消音版 | 闪回,531,7.93,10.16,1.28,2024-06-20
USP 消音版,略有磨损,普通,42188,USP 消音版 | 铅管,369,7.79,10.45,1.34,2024-06-20
USP 消音版,久经沙场,StatTrak™,763290,USP 消音版（StatTrak™） | 闪回,329,7.23,10.31,1.43,2024-06-20
USP 消音版,略有磨损,普通,42235,USP 消音版 | 力矩,1055,6.94,8.71,1.26,2024-06-20
USP 消音版,崭新出厂,普通,762162,USP 消音版 | 引擎故障灯,1716,6.54,8.85,1.35,2024-06-20
USP 消音版,破损不堪,普通,871409,USP 消音版 | 黑莲花,196,6.13,8.78,1.43,2024-06-20
USP 消音版,久经沙场,StatTrak™,886734,USP 消音版（StatTrak™） | 地狱门票,822,6.12,8.93,1.46,2024-06-20
USP 消音版,久经沙场,普通,42187,USP 消音版 | 铅管,242,5.2,7.33,1.41,2024-06-20
USP 消音版,崭新出厂,普通,42173,USP 消音版 | 森林之叶,99,5.19,6.39,1.23,2024-06-20
USP 消音版,久经沙场,普通,42167,USP 消音版 | 次时代,1826,4.97,6.82,1.37,2024-06-20
USP 消音版,略有磨损,纪念品,929035,USP 消音版（纪念品） | 沙漠战术,106,4.87,6.82,1.4,2024-06-20
USP 消音版,战痕累累,StatTrak™,886950,USP 消音版（StatTrak™） | 地狱门票,165,4.79,7.04,1.47,2024-06-20
USP 消音版,战痕累累,普通,42165,USP 消音版 | 次时代,114,4.79,6.46,1.35,2024-06-20
USP 消音版,略有磨损,普通,763255,USP 消音版 | 闪回,757,4.49,6.1,1.36,2024-06-20
USP 消音版,战痕累累,普通,871432,USP 消音版 | 黑莲花,263,4.17,5.81,1.39,2024-06-20
USP 消音版,略有磨损,普通,762163,USP 消音版 | 引擎故障灯,1381,4.08,5.81,1.42,2024-06-20
USP 消音版,崭新出厂,普通,927350,USP 消音版 | 沙漠战术,251,4.04,5.37,1.33,2024-06-20
USP 消音版,破损不堪,普通,42189,USP 消音版 | 铅管,153,3.99,5.66,1.42,2024-06-20
USP 消音版,破损不堪,普通,42236,USP 消音版 | 力矩,154,3.89,5.59,1.44,2024-06-20
USP 消音版,战痕累累,普通,42185,USP 消音版 | 铅管,133,3.86,5.81,1.51,2024-06-20
USP 消音版,久经沙场,普通,42234,USP 消音版 | 力矩,1316,3.72,5.3,1.42,2024-06-20
USP 消音版,略有磨损,普通,886682,USP 消音版 | 地狱门票,2619,3.63,5.15,1.42,2024-06-20
USP 消音版,崭新出厂,普通,42196,USP 消音版 | 午夜行动,743,3.43,4.35,1.27,2024-06-20
USP 消音版,战痕累累,普通,763348,USP 消音版 | 闪回,137,3.37,4.57,1.36,2024-06-20
USP 消音版,破损不堪,普通,763365,USP 消音版 | 闪回,157,3.08,4.5,1.46,2024-06-20
USP 消音版,久经沙场,普通,763264,USP 消音版 | 闪回,1041,2.99,4.14,1.38,2024-06-20
USP 消音版,久经沙场,纪念品,929057,USP 消音版（纪念品） | 沙漠战术,136,2.87,4.14,1.44,2024-06-20
USP 消音版,破损不堪,普通,762253,USP 消音版 | 引擎故障灯,126,2.85,3.48,1.22,2024-06-20
USP 消音版,久经沙场,普通,762086,USP 消音版 | 引擎故障灯,1324,2.69,3.41,1.27,2024-06-20
USP 消音版,破损不堪,纪念品,929056,USP 消音版（纪念品） | 沙漠战术,82,2.65,3.85,1.45,2024-06-20
USP 消音版,战痕累累,纪念品,929019,USP 消音版（纪念品） | 沙漠战术,75,2.57,3.77,1.47,2024-06-20
USP 消音版,破损不堪,普通,886997,USP 消音版 | 地狱门票,156,2.45,3.7,1.51,2024-06-20
USP 消音版,略有磨损,普通,42198,USP 消音版 | 午夜行动,726,2.07,2.61,1.26,2024-06-20
USP 消音版,战痕累累,普通,762161,USP 消音版 | 引擎故障灯,192,1.94,2.47,1.27,2024-06-20
USP 消音版,略有磨损,普通,927345,USP 消音版 | 沙漠战术,501,1.92,2.47,1.29,2024-06-20
USP 消音版,战痕累累,普通,42195,USP 消音版 | 午夜行动,115,1.59,1.45,0.91,2024-06-20
USP 消音版,破损不堪,普通,42199,USP 消音版 | 午夜行动,25,1.57,1.67,1.06,2024-06-20
USP 消音版,久经沙场,普通,886648,USP 消音版 | 地狱门票,4732,1.54,2.03,1.32,2024-06-20
USP 消音版,久经沙场,普通,42197,USP 消音版 | 午夜行动,588,1.5,1.89,1.26,2024-06-20
USP 消音版,久经沙场,普通,927318,USP 消音版 | 沙漠战术,772,1.31,1.81,1.38,2024-06-20
USP 消音版,战痕累累,普通,886692,USP 消音版 | 地狱门票,379,1.23,1.74,1.41,2024-06-20
USP 消音版,破损不堪,普通,927327,USP 消音版 | 沙漠战术,295,1.1,1.45,1.32,2024-06-20
USP 消音版,战痕累累,普通,927320,USP 消音版 | 沙漠战术,435,1,1.38,1.38,2024-06-20
USP 消音版,略有磨损,普通,42175,USP 消音版 | 森林之叶,607,0.43,0.73,1.7,2024-06-20
USP 消音版,破损不堪,普通,42176,USP 消音版 | 森林之叶,193,0.33,0.51,1.55,2024-06-20
USP 消音版,久经沙场,普通,42174,USP 消音版 | 森林之叶,757,0.32,0.51,1.59,2024-06-20
USP 消音版,战痕累累,普通,42172,USP 消音版 | 森林之叶,473,0.32,0.51,1.59,2024-06-20
USP 消音版,战痕累累,纪念品,876879,USP 消音版（纪念品） | 紫色 DDPAT,53,10.56,12.92,1.22,2024-06-20
USP 消音版,略有磨损,StatTrak™,763357,USP 消音版（StatTrak™） | 闪回,302,9.9,14.44,1.46,2024-06-20
USP 消音版,久经沙场,StatTrak™,39771,USP 消音版（StatTrak™） | 力矩,573,9.87,13.57,1.37,2024-06-20
USP 消音版,略有磨损,普通,42168,USP 消音版 | 次时代,2018,9.63,13.35,1.39,2024-06-20
USP 消音版,崭新出厂,普通,33833,USP 消音版 | 力矩,1614,9.19,12.27,1.34,2024-06-20
USP 消音版,战痕累累,普通,45368,USP 消音版 | 脑洞大开,430,9.1,12.12,1.33,2024-06-20
USP 消音版,破损不堪,普通,45372,USP 消音版 | 脑洞大开,585,9.09,13.86,1.52,2024-06-20
USP 消音版,破损不堪,StatTrak™,887071,USP 消音版（StatTrak™） | 地狱门票,77,8.81,13.5,1.53,2024-06-20
USP 消音版,破损不堪,普通,42169,USP 消音版 | 次时代,92,8.34,11.39,1.37,2024-06-20
USP 消音版,久经沙场,普通,871328,USP 消音版 | 黑莲花,822,8.23,10.89,1.32,2024-06-20
USP 消音版,战痕累累,普通,42233,USP 消音版 | 力矩,27,8.11,12.27,1.51,2024-06-20
USP 消音版,崭新出厂,普通,886669,USP 消音版 | 地狱门票,1351,8.04,10.52,1.31,2024-06-20
USP 消音版,崭新出厂,普通,763263,USP 消音版 | 闪回,531,7.93,10.16,1.28,2024-06-20
USP 消音版,略有磨损,普通,42188,USP 消音版 | 铅管,369,7.79,10.45,1.34,2024-06-20
USP 消音版,久经沙场,StatTrak™,763290,USP 消音版（StatTrak™） | 闪回,329,7.23,9.72,1.34,2024-06-20
USP 消音版,略有磨损,普通,42235,USP 消音版 | 力矩,1055,6.94,8.71,1.26,2024-06-20
USP 消音版,崭新出厂,普通,762162,USP 消音版 | 引擎故障灯,1716,6.54,8.85,1.35,2024-06-20
USP 消音版,破损不堪,普通,871409,USP 消音版 | 黑莲花,196,6.13,8.78,1.43,2024-06-20
USP 消音版,久经沙场,StatTrak™,886734,USP 消音版（StatTrak™） | 地狱门票,822,6.12,8.93,1.46,2024-06-20
USP 消音版,久经沙场,普通,42187,USP 消音版 | 铅管,242,5.2,7.33,1.41,2024-06-20
USP 消音版,崭新出厂,普通,42173,USP 消音版 | 森林之叶,99,5.19,6.39,1.23,2024-06-20
USP 消音版,久经沙场,普通,42167,USP 消音版 | 次时代,1826,4.97,6.82,1.37,2024-06-20
USP 消音版,略有磨损,纪念品,929035,USP 消音版（纪念品） | 沙漠战术,106,4.87,6.82,1.4,2024-06-20
USP 消音版,战痕累累,StatTrak™,886950,USP 消音版（StatTrak™） | 地狱门票,165,4.79,7.04,1.47,2024-06-20
USP 消音版,战痕累累,普通,42165,USP 消音版 | 次时代,114,4.79,6.46,1.35,2024-06-20
USP 消音版,略有磨损,普通,763255,USP 消音版 | 闪回,757,4.49,6.1,1.36,2024-06-20
USP 消音版,战痕累累,普通,871432,USP 消音版 | 黑莲花,263,4.17,5.95,1.43,2024-06-20
USP 消音版,略有磨损,普通,762163,USP 消音版 | 引擎故障灯,1381,4.08,5.81,1.42,2024-06-20
USP 消音版,崭新出厂,普通,927350,USP 消音版 | 沙漠战术,251,4.04,5.37,1.33,2024-06-20
USP 消音版,破损不堪,普通,42189,USP 消音版 | 铅管,153,3.99,5.66,1.42,2024-06-20
USP 消音版,破损不堪,普通,42236,USP 消音版 | 力矩,154,3.89,5.59,1.44,2024-06-20
USP 消音版,战痕累累,普通,42185,USP 消音版 | 铅管,133,3.86,5.81,1.51,2024-06-20
USP 消音版,久经沙场,普通,42234,USP 消音版 | 力矩,1316,3.72,5.3,1.42,2024-06-20
USP 消音版,略有磨损,普通,886682,USP 消音版 | 地狱门票,2619,3.63,4.64,1.28,2024-06-20
USP 消音版,崭新出厂,普通,42196,USP 消音版 | 午夜行动,743,3.43,4.43,1.29,2024-06-20
USP 消音版,战痕累累,普通,763348,USP 消音版 | 闪回,137,3.37,4.64,1.38,2024-06-20
USP 消音版,破损不堪,普通,763365,USP 消音版 | 闪回,157,3.08,4.5,1.46,2024-06-20
USP 消音版,久经沙场,普通,763264,USP 消音版 | 闪回,1041,2.99,4.43,1.48,2024-06-20
USP 消音版,久经沙场,纪念品,929057,USP 消音版（纪念品） | 沙漠战术,136,2.87,4.14,1.44,2024-06-20
USP 消音版,破损不堪,普通,762253,USP 消音版 | 引擎故障灯,126,2.85,3.48,1.22,2024-06-20
USP 消音版,久经沙场,普通,762086,USP 消音版 | 引擎故障灯,1324,2.69,3.41,1.27,2024-06-20
USP 消音版,破损不堪,纪念品,929056,USP 消音版（纪念品） | 沙漠战术,82,2.65,3.85,1.45,2024-06-20
USP 消音版,战痕累累,纪念品,929019,USP 消音版（纪念品） | 沙漠战术,75,2.57,3.63,1.41,2024-06-20
USP 消音版,破损不堪,普通,886997,USP 消音版 | 地狱门票,156,2.45,3.7,1.51,2024-06-20
USP 消音版,略有磨损,普通,42198,USP 消音版 | 午夜行动,726,2.07,2.69,1.3,2024-06-20
USP 消音版,战痕累累,普通,762161,USP 消音版 | 引擎故障灯,192,1.94,2.47,1.27,2024-06-20
USP 消音版,略有磨损,普通,927345,USP 消音版 | 沙漠战术,501,1.92,2.47,1.29,2024-06-20
USP 消音版,战痕累累,普通,42195,USP 消音版 | 午夜行动,115,1.59,1.45,0.91,2024-06-20
USP 消音版,破损不堪,普通,42199,USP 消音版 | 午夜行动,25,1.57,1.67,1.06,2024-06-20
USP 消音版,久经沙场,普通,886648,USP 消音版 | 地狱门票,4732,1.54,1.96,1.27,2024-06-20
USP 消音版,久经沙场,普通,42197,USP 消音版 | 午夜行动,588,1.5,1.89,1.26,2024-06-20
USP 消音版,久经沙场,普通,927318,USP 消音版 | 沙漠战术,772,1.31,1.81,1.38,2024-06-20
USP 消音版,战痕累累,普通,886692,USP 消音版 | 地狱门票,379,1.23,1.81,1.47,2024-06-20
USP 消音版,破损不堪,普通,927327,USP 消音版 | 沙漠战术,295,1.1,1.45,1.32,2024-06-20
USP 消音版,战痕累累,普通,927320,USP 消音版 | 沙漠战术,435,1,1.38,1.38,2024-06-20
USP 消音版,略有磨损,普通,42175,USP 消音版 | 森林之叶,607,0.43,0.73,1.7,2024-06-20
USP 消音版,破损不堪,普通,42176,USP 消音版 | 森林之叶,193,0.33,0.51,1.55,2024-06-20
USP 消音版,久经沙场,普通,42174,USP 消音版 | 森林之叶,757,0.32,0.51,1.59,2024-06-20
USP 消音版,战痕累累,普通,42172,USP 消音版 | 森林之叶,473,0.32,0.51,1.59,2024-06-20
