AUG,崭新出厂,普通,33984,AUG | 秋叶原之选,41,28199,25092.03,0.89,2024-06-16
AUG,略有磨损,普通,33986,AUG | 秋叶原之选,74,9399.5,9384.01,1.0,2024-06-16
AUG,久经沙场,普通,33985,AUG | 秋叶原之选,67,3949.5,6710.54,1.7,2024-06-16
AUG,崭新出厂,普通,34031,AUG | 赤红新星,18,3126.9,4006.75,1.28,2024-06-16
AUG,战痕累累,普通,776808,AUG | 烈焰巨蟒,1,2999.5,5176.81,1.73,2024-06-16
AUG,崭新出厂,纪念品,37537,AUG（纪念品） | 暴风呼啸,1,2899.5,1208.36,0.42,2024-06-16
AUG,破损不堪,普通,33987,AUG | 秋叶原之选,15,2498.5,3405.91,1.36,2024-06-16
AUG,崭新出厂,普通,775442,AUG | 午夜百合,46,2329,3696.18,1.59,2024-06-16
AUG,略有磨损,普通,775745,AUG | 午夜百合,7,2199.5,5078.21,2.31,2024-06-16
AUG,崭新出厂,普通,775823,AUG | 烈焰巨蟒,68,2149.5,3627.33,1.69,2024-06-16
AUG,久经沙场,普通,776078,AUG | 午夜百合,7,2149.49,3387.85,1.58,2024-06-16
AUG,略有磨损,普通,775983,AUG | 烈焰巨蟒,8,2088.3,3203.86,1.53,2024-06-16
AUG,久经沙场,普通,775910,AUG | 烈焰巨蟒,4,2049.5,3104.26,1.51,2024-06-16
AUG,战痕累累,普通,33983,AUG | 秋叶原之选,8,1826.5,3209.16,1.76,2024-06-16
AUG,略有磨损,纪念品,37525,AUG（纪念品） | 众枪之的,1,888.38,1076.32,1.21,2024-06-16
AUG,略有磨损,普通,34020,AUG | 铜斑蛇,13,707.88,943.05,1.33,2024-06-16
AUG,久经沙场,普通,34019,AUG | 铜斑蛇,4,688.5,935.0,1.36,2024-06-16
AUG,破损不堪,普通,871537,AUG | 夜空沙暴,3,649.5,541.21,0.83,2024-06-16
AUG,略有磨损,普通,33989,AUG | 深蓝电镀处理,4,632.37,549.33,0.87,2024-06-16
AUG,崭新出厂,StatTrak™,38244,AUG（StatTrak™） | 孟加拉猛虎,6,548.5,952.77,1.74,2024-06-16
AUG,崭新出厂,普通,871176,AUG | 夜空沙暴,55,454.5,633.34,1.39,2024-06-16
AUG,略有磨损,普通,871599,AUG | 夜空沙暴,15,421.5,647.06,1.54,2024-06-16
AUG,崭新出厂,StatTrak™,769576,AUG（StatTrak™） | 动量,40,419.5,567.47,1.35,2024-06-16
AUG,久经沙场,普通,871373,AUG | 夜空沙暴,16,411.5,563.7,1.37,2024-06-16
AUG,战痕累累,普通,871714,AUG | 夜空沙暴,5,398.5,580.46,1.46,2024-06-16
AUG,略有磨损,纪念品,37539,AUG（纪念品） | 暴风呼啸,9,269.4,255.51,0.95,2024-06-16
AUG,久经沙场,纪念品,37524,AUG（纪念品） | 众枪之的,12,238.75,355.99,1.49,2024-06-16
AUG,战痕累累,纪念品,37536,AUG（纪念品） | 暴风呼啸,8,198.99,130.22,0.65,2024-06-16
AUG,崭新出厂,普通,33996,AUG | 孟加拉猛虎,50,189.05,283.81,1.5,2024-06-16
AUG,崭新出厂,普通,33988,AUG | 深蓝电镀处理,76,186,289.68,1.56,2024-06-16
AUG,崭新出厂,StatTrak™,38278,AUG（StatTrak™） | 鹰翼,129,173.5,216.92,1.25,2024-06-16
AUG,崭新出厂,普通,34063,AUG | 鹰翼,85,162.77,214.74,1.32,2024-06-16
AUG,略有磨损,普通,34064,AUG | 鹰翼,17,161.5,206.54,1.28,2024-06-16
AUG,略有磨损,StatTrak™,38246,AUG（StatTrak™） | 孟加拉猛虎,29,158.49,204.73,1.29,2024-06-16
AUG,略有磨损,StatTrak™,38279,AUG（StatTrak™） | 鹰翼,23,158.1,213.65,1.35,2024-06-16
AUG,破损不堪,纪念品,37540,AUG（纪念品） | 暴风呼啸,14,156,309.71,1.99,2024-06-16
AUG,崭新出厂,StatTrak™,773723,AUG（StatTrak™） | 汪之萌杀,55,152.9,227.29,1.49,2024-06-16
AUG,崭新出厂,StatTrak™,38254,AUG（StatTrak™） | 燕群,59,149.5,219.75,1.47,2024-06-16
AUG,崭新出厂,StatTrak™,775722,AUG（StatTrak™） | 极地孤狼,91,129.84,177.82,1.37,2024-06-16
AUG,崭新出厂,StatTrak™,38269,AUG（StatTrak™） | 力矩,57,121.49,160.26,1.32,2024-06-16
AUG,崭新出厂,StatTrak™,38249,AUG（StatTrak™） | 变色龙,120,116.28,174.77,1.5,2024-06-16
AUG,崭新出厂,普通,835754,AUG | 璞玉,542,109.5,143.65,1.31,2024-06-16
AUG,崭新出厂,StatTrak™,38264,AUG（StatTrak™） | 席德.米德,82,109.5,182.89,1.67,2024-06-16
AUG,略有磨损,纪念品,37529,AUG（纪念品） | 雇佣兵,11,109.5,121.81,1.11,2024-06-16
AUG,破损不堪,纪念品,37530,AUG（纪念品） | 雇佣兵,6,98.79,104.32,1.06,2024-06-16
AUG,略有磨损,StatTrak™,38271,AUG（StatTrak™） | 力矩,42,98.7,125.51,1.27,2024-06-16
AUG,略有磨损,普通,835445,AUG | 璞玉,34,96.34,122.75,1.27,2024-06-16
AUG,崭新出厂,普通,769483,AUG | 动量,113,94.9,134.79,1.42,2024-06-16
AUG,久经沙场,普通,835974,AUG | 璞玉,13,94.89,141.32,1.49,2024-06-16
AUG,崭新出厂,纪念品,37519,AUG（纪念品） | 殖民侵略者,19,88.9,91.92,1.03,2024-06-16
AUG,破损不堪,StatTrak™,38272,AUG（StatTrak™） | 力矩,15,85.14,101.42,1.19,2024-06-16
AUG,战痕累累,StatTrak™,38268,AUG（StatTrak™） | 力矩,5,84.19,88.73,1.05,2024-06-16
AUG,久经沙场,纪念品,37538,AUG（纪念品） | 暴风呼啸,27,83.97,106.57,1.27,2024-06-16
AUG,久经沙场,StatTrak™,38245,AUG（StatTrak™） | 孟加拉猛虎,29,83.85,106.86,1.27,2024-06-16
AUG,崭新出厂,StatTrak™,45447,AUG（StatTrak™） | 湖怪鸟,108,82.22,113.1,1.38,2024-06-16
AUG,略有磨损,StatTrak™,769469,AUG（StatTrak™） | 动量,106,81,108.17,1.34,2024-06-16
AUG,久经沙场,StatTrak™,38270,AUG（StatTrak™） | 力矩,26,78.8,111.51,1.42,2024-06-16
AUG,破损不堪,StatTrak™,38247,AUG（StatTrak™） | 孟加拉猛虎,8,77.99,111.51,1.43,2024-06-16
AUG,战痕累累,StatTrak™,38243,AUG（StatTrak™） | 孟加拉猛虎,8,76.9,99.68,1.3,2024-06-16
AUG,略有磨损,StatTrak™,773788,AUG（StatTrak™） | 汪之萌杀,65,75.29,100.55,1.34,2024-06-16
AUG,战痕累累,纪念品,37527,AUG（纪念品） | 雇佣兵,10,74.9,121.37,1.62,2024-06-16
AUG,崭新出厂,普通,34054,AUG | 力矩,110,72.8,96.92,1.33,2024-06-16
AUG,战痕累累,StatTrak™,38248,AUG（StatTrak™） | 变色龙,10,64.78,86.91,1.34,2024-06-16
AUG,崭新出厂,普通,773667,AUG | 汪之萌杀,208,64.7,87.06,1.35,2024-06-16
AUG,久经沙场,纪念品,37528,AUG（纪念品） | 雇佣兵,44,64.15,102.73,1.6,2024-06-16
AUG,略有磨损,StatTrak™,38251,AUG（StatTrak™） | 变色龙,95,63.9,94.82,1.48,2024-06-16
AUG,破损不堪,StatTrak™,38252,AUG（StatTrak™） | 变色龙,9,61.16,81.91,1.34,2024-06-16
AUG,崭新出厂,普通,34006,AUG | 殖民侵略者,7,61.05,114.7,1.88,2024-06-16
AUG,战痕累累,普通,34053,AUG | 力矩,3,60.72,75.96,1.25,2024-06-16
AUG,破损不堪,普通,34057,AUG | 力矩,3,59.9,77.34,1.29,2024-06-16
AUG,崭新出厂,普通,34027,AUG | 燕群,172,59.7,79.22,1.33,2024-06-16
AUG,略有磨损,普通,34056,AUG | 力矩,85,58.89,77.84,1.32,2024-06-16
AUG,久经沙场,普通,34055,AUG | 力矩,31,53.8,72.55,1.35,2024-06-16
AUG,战痕累累,纪念品,762670,AUG（纪念品） | 随机存取,6,53.62,79.0,1.47,2024-06-16
AUG,久经沙场,StatTrak™,773704,AUG（StatTrak™） | 汪之萌杀,33,52.05,77.84,1.5,2024-06-16
AUG,破损不堪,StatTrak™,773818,AUG（StatTrak™） | 汪之萌杀,2,50.14,73.13,1.46,2024-06-16
AUG,略有磨损,普通,33998,AUG | 孟加拉猛虎,71,50.1,66.53,1.33,2024-06-16
AUG,略有磨损,StatTrak™,38256,AUG（StatTrak™） | 燕群,63,49,80.31,1.64,2024-06-16
AUG,略有磨损,StatTrak™,776073,AUG（StatTrak™） | 极地孤狼,136,47.78,69.86,1.46,2024-06-16
AUG,崭新出厂,纪念品,877037,AUG（纪念品） | 璞玉,536,45.7,59.63,1.3,2024-06-16
AUG,略有磨损,StatTrak™,38266,AUG（StatTrak™） | 席德.米德,139,45.68,66.09,1.45,2024-06-16
AUG,破损不堪,纪念品,761499,AUG（纪念品） | 随机存取,9,44.42,79.37,1.79,2024-06-16
AUG,崭新出厂,普通,34049,AUG | 席德.米德,237,43.7,60.94,1.39,2024-06-16
AUG,略有磨损,普通,773678,AUG | 汪之萌杀,142,41.39,54.27,1.31,2024-06-16
AUG,崭新出厂,StatTrak™,38239,AUG（StatTrak™） | 贵族,112,40.88,58.18,1.42,2024-06-16
AUG,战痕累累,普通,33995,AUG | 孟加拉猛虎,5,39.89,50.35,1.26,2024-06-16
AUG,崭新出厂,普通,34022,AUG | 代达罗斯之殇,26,39.88,45.49,1.14,2024-06-16
AUG,久经沙场,StatTrak™,38250,AUG（StatTrak™） | 变色龙,67,39.2,55.06,1.4,2024-06-16
AUG,破损不堪,普通,33999,AUG | 孟加拉猛虎,15,39.18,47.08,1.2,2024-06-16
AUG,崭新出厂,普通,45245,AUG | 湖怪鸟,281,38.9,52.67,1.35,2024-06-16
AUG,破损不堪,StatTrak™,776103,AUG（StatTrak™） | 极地孤狼,14,37.88,61.3,1.62,2024-06-16
AUG,略有磨损,普通,34024,AUG | 代达罗斯之殇,5,37.78,44.47,1.18,2024-06-16
AUG,久经沙场,普通,773643,AUG | 汪之萌杀,55,37.68,51.73,1.37,2024-06-16
AUG,久经沙场,普通,871077,AUG | 朽木,17,37,44.18,1.19,2024-06-16
AUG,崭新出厂,普通,871335,AUG | 朽木,115,36.34,46.87,1.29,2024-06-16
AUG,破损不堪,普通,871273,AUG | 朽木,13,35.9,44.47,1.24,2024-06-16
AUG,破损不堪,StatTrak™,38257,AUG（StatTrak™） | 燕群,14,35.89,31.27,0.87,2024-06-16
AUG,战痕累累,普通,871571,AUG | 朽木,15,34.9,46.5,1.33,2024-06-16
AUG,破损不堪,普通,773811,AUG | 汪之萌杀,1,34.9,49.77,1.43,2024-06-16
AUG,崭新出厂,普通,775252,AUG | 极地孤狼,269,33.96,48.03,1.41,2024-06-16
AUG,略有磨损,普通,871312,AUG | 朽木,33,33.9,46.29,1.37,2024-06-16
AUG,久经沙场,普通,33997,AUG | 孟加拉猛虎,73,33.83,43.38,1.28,2024-06-16
AUG,战痕累累,普通,34021,AUG | 代达罗斯之殇,8,33.8,44.76,1.32,2024-06-16
AUG,久经沙场,普通,34023,AUG | 代达罗斯之殇,14,32.9,41.06,1.25,2024-06-16
AUG,略有磨损,StatTrak™,45304,AUG（StatTrak™） | 湖怪鸟,120,32.89,46.87,1.43,2024-06-16
AUG,崭新出厂,纪念品,37532,AUG（纪念品） | 辐射危机,382,32.17,48.46,1.51,2024-06-16
AUG,破损不堪,普通,34025,AUG | 代达罗斯之殇,2,32.09,43.46,1.35,2024-06-16
AUG,崭新出厂,纪念品,876963,AUG（纪念品） | 夜空沙暴,220,31.8,48.9,1.54,2024-06-16
AUG,崭新出厂,普通,775080,AUG | 穆拉诺之蓝,79,31.12,40.7,1.31,2024-06-16
AUG,略有磨损,普通,34029,AUG | 燕群,152,29.8,38.81,1.3,2024-06-16
AUG,略有磨损,普通,769269,AUG | 动量,440,28.49,38.67,1.36,2024-06-16
AUG,破损不堪,普通,34009,AUG | 殖民侵略者,64,28.43,40.41,1.42,2024-06-16
AUG,久经沙场,StatTrak™,775270,AUG（StatTrak™） | 极地孤狼,176,26.4,37.0,1.4,2024-06-16
AUG,久经沙场,StatTrak™,38255,AUG（StatTrak™） | 燕群,68,26.1,33.95,1.3,2024-06-16
AUG,崭新出厂,纪念品,761535,AUG（纪念品） | 随机存取,73,25.58,32.5,1.27,2024-06-16
AUG,崭新出厂,普通,34001,AUG | 变色龙,635,25.29,34.03,1.35,2024-06-16
AUG,崭新出厂,StatTrak™,871790,AUG（StatTrak™） | 瘟疫,70,24.39,35.55,1.46,2024-06-16
AUG,崭新出厂,普通,762193,AUG | 随机存取,312,23.74,31.7,1.34,2024-06-16
AUG,久经沙场,StatTrak™,769258,AUG（StatTrak™） | 动量,163,23.69,33.08,1.4,2024-06-16
AUG,略有磨损,纪念品,877052,AUG（纪念品） | 璞玉,242,23.54,30.91,1.31,2024-06-16
AUG,略有磨损,普通,34051,AUG | 席德.米德,398,23.5,29.31,1.25,2024-06-16
AUG,略有磨损,纪念品,37534,AUG（纪念品） | 辐射危机,401,22.79,33.15,1.45,2024-06-16
AUG,战痕累累,StatTrak™,38253,AUG（StatTrak™） | 燕群,31,21.48,28.8,1.34,2024-06-16
AUG,略有磨损,普通,34008,AUG | 殖民侵略者,10,19.9,26.77,1.35,2024-06-16
AUG,久经沙场,纪念品,877090,AUG（纪念品） | 璞玉,51,19.78,26.77,1.35,2024-06-16
AUG,略有磨损,纪念品,876873,AUG（纪念品） | 夜空沙暴,171,19.78,30.11,1.52,2024-06-16
AUG,久经沙场,StatTrak™,38265,AUG（StatTrak™） | 席德.米德,210,19.4,27.93,1.44,2024-06-16
AUG,略有磨损,普通,775166,AUG | 极地孤狼,425,19.1,25.03,1.31,2024-06-16
AUG,破损不堪,StatTrak™,38267,AUG（StatTrak™） | 席德.米德,20,18.77,26.77,1.43,2024-06-16
AUG,战痕累累,纪念品,877065,AUG（纪念品） | 夜空沙暴,21,18.5,19.37,1.05,2024-06-16
AUG,略有磨损,普通,45380,AUG | 湖怪鸟,350,18.09,23.14,1.28,2024-06-16
AUG,崭新出厂,StatTrak™,38274,AUG（StatTrak™） | 三角战术,115,17.25,26.7,1.55,2024-06-16
AUG,略有磨损,StatTrak™,38241,AUG（StatTrak™） | 贵族,148,17.2,26.33,1.53,2024-06-16
AUG,战痕累累,普通,34005,AUG | 殖民侵略者,4,17.15,23.36,1.36,2024-06-16
AUG,战痕累累,StatTrak™,38263,AUG（StatTrak™） | 席德.米德,29,17.12,22.13,1.29,2024-06-16
AUG,久经沙场,普通,34007,AUG | 殖民侵略者,22,16.79,22.93,1.37,2024-06-16
AUG,破损不堪,StatTrak™,769472,AUG（StatTrak™） | 动量,44,16.78,22.78,1.36,2024-06-16
AUG,崭新出厂,普通,34034,AUG | 辐射危机,73,16.77,22.49,1.34,2024-06-16
AUG,略有磨损,普通,34036,AUG | 辐射危机,33,16.27,20.97,1.29,2024-06-16
AUG,破损不堪,普通,34052,AUG | 席德.米德,16,15.78,21.26,1.35,2024-06-16
AUG,略有磨损,普通,34003,AUG | 变色龙,649,15.69,22.93,1.46,2024-06-16
AUG,战痕累累,普通,34000,AUG | 变色龙,22,15.68,21.84,1.39,2024-06-16
AUG,战痕累累,StatTrak™,769257,AUG（StatTrak™） | 动量,69,15.16,18.57,1.22,2024-06-16
AUG,略有磨损,纪念品,761557,AUG（纪念品） | 随机存取,50,15.08,20.31,1.35,2024-06-16
AUG,久经沙场,普通,34035,AUG | 辐射危机,22,14.65,18.14,1.24,2024-06-16
AUG,破损不堪,普通,34004,AUG | 变色龙,9,14.6,19.59,1.34,2024-06-16
AUG,略有磨损,StatTrak™,871517,AUG（StatTrak™） | 瘟疫,46,14.42,20.97,1.45,2024-06-16
AUG,破损不堪,普通,34037,AUG | 辐射危机,15,14.29,18.57,1.3,2024-06-16
AUG,战痕累累,普通,34033,AUG | 辐射危机,8,14.14,17.63,1.25,2024-06-16
AUG,崭新出厂,StatTrak™,38259,AUG（StatTrak™） | 弹跳线条,96,13.99,19.3,1.38,2024-06-16
AUG,破损不堪,纪念品,877019,AUG（纪念品） | 夜空沙暴,31,13.45,19.52,1.45,2024-06-16
AUG,略有磨损,普通,774785,AUG | 穆拉诺之蓝,52,13.4,17.56,1.31,2024-06-16
AUG,破损不堪,StatTrak™,38242,AUG（StatTrak™） | 贵族,11,13.18,22.2,1.68,2024-06-16
AUG,久经沙场,普通,34028,AUG | 燕群,185,13.1,17.92,1.37,2024-06-16
AUG,久经沙场,纪念品,876968,AUG（纪念品） | 夜空沙暴,304,13,19.44,1.5,2024-06-16
AUG,久经沙场,StatTrak™,45303,AUG（StatTrak™） | 湖怪鸟,315,12.8,18.94,1.48,2024-06-16
AUG,破损不堪,StatTrak™,45466,AUG（StatTrak™） | 湖怪鸟,30,12.6,18.14,1.44,2024-06-16
AUG,战痕累累,StatTrak™,776068,AUG（StatTrak™） | 极地孤狼,7,12.4,19.01,1.53,2024-06-16
AUG,久经沙场,普通,34002,AUG | 变色龙,410,12.15,16.11,1.33,2024-06-16
AUG,崭新出厂,普通,33991,AUG | 贵族,326,11.59,15.89,1.37,2024-06-16
AUG,破损不堪,普通,34030,AUG | 燕群,35,11.09,15.24,1.37,2024-06-16
AUG,久经沙场,普通,775242,AUG | 极地孤狼,493,10.9,14.58,1.34,2024-06-16
AUG,战痕累累,纪念品,37531,AUG（纪念品） | 辐射危机,38,10.79,16.47,1.53,2024-06-16
AUG,战痕累累,StatTrak™,45446,AUG（StatTrak™） | 湖怪鸟,30,10.78,17.48,1.62,2024-06-16
AUG,战痕累累,普通,34026,AUG | 燕群,52,10.4,14.29,1.37,2024-06-16
AUG,崭新出厂,普通,871601,AUG | 瘟疫,67,9.9,12.99,1.31,2024-06-16
AUG,久经沙场,普通,34050,AUG | 席德.米德,653,9.9,13.35,1.35,2024-06-16
AUG,破损不堪,纪念品,37535,AUG（纪念品） | 辐射危机,41,9.97,16.47,1.65,2024-06-16
AUG,略有磨损,普通,762195,AUG | 随机存取,342,9.85,14.15,1.44,2024-06-16
AUG,久经沙场,普通,775294,AUG | 穆拉诺之蓝,47,9.69,12.26,1.27,2024-06-16
AUG,崭新出厂,普通,871111,AUG | 渐变琥珀,571,9.59,13.71,1.43,2024-06-16
AUG,破损不堪,普通,871788,AUG | 渐变琥珀,32,9.56,10.23,1.07,2024-06-16
AUG,崭新出厂,StatTrak™,779260,AUG（StatTrak™） | 汤姆猫,172,9.28,11.39,1.23,2024-06-16
AUG,破损不堪,普通,775620,AUG | 极地孤狼,38,9.22,12.19,1.32,2024-06-16
AUG,破损不堪,StatTrak™,871867,AUG（StatTrak™） | 瘟疫,8,9.15,9.79,1.07,2024-06-16
AUG,战痕累累,普通,774744,AUG | 穆拉诺之蓝,29,9.07,11.17,1.23,2024-06-16
AUG,久经沙场,普通,769137,AUG | 动量,1015,9.01,12.77,1.42,2024-06-16
AUG,崭新出厂,StatTrak™,759278,AUG（StatTrak™） | 琥珀冲流,121,8.51,10.95,1.29,2024-06-16
AUG,破损不堪,普通,774876,AUG | 穆拉诺之蓝,39,8.32,11.1,1.33,2024-06-16
AUG,久经沙场,纪念品,37533,AUG（纪念品） | 辐射危机,558,8.24,11.39,1.38,2024-06-16
AUG,战痕累累,StatTrak™,38238,AUG（StatTrak™） | 贵族,36,8.08,12.26,1.52,2024-06-16
AUG,战痕累累,普通,34048,AUG | 席德.米德,39,7.91,10.37,1.31,2024-06-16
AUG,略有磨损,普通,871236,AUG | 渐变琥珀,118,7.89,11.03,1.4,2024-06-16
AUG,破损不堪,普通,769282,AUG | 动量,113,7.77,10.45,1.34,2024-06-16
AUG,久经沙场,StatTrak™,38240,AUG（StatTrak™） | 贵族,162,7.76,11.39,1.47,2024-06-16
AUG,久经沙场,普通,45246,AUG | 湖怪鸟,684,7.69,10.01,1.3,2024-06-16
AUG,战痕累累,普通,775832,AUG | 极地孤狼,77,7.64,9.5,1.24,2024-06-16
AUG,破损不堪,普通,45445,AUG | 湖怪鸟,30,7.49,8.85,1.18,2024-06-16
AUG,久经沙场,普通,871095,AUG | 渐变琥珀,75,7.15,9.5,1.33,2024-06-16
AUG,久经沙场,纪念品,761536,AUG（纪念品） | 随机存取,66,7.1,10.37,1.46,2024-06-16
AUG,战痕累累,普通,769234,AUG | 动量,179,6.96,9.21,1.32,2024-06-16
AUG,久经沙场,StatTrak™,871424,AUG（StatTrak™） | 瘟疫,61,6.89,9.14,1.33,2024-06-16
AUG,破损不堪,StatTrak™,38262,AUG（StatTrak™） | 弹跳线条,10,6.88,8.92,1.3,2024-06-16
AUG,崭新出厂,普通,835388,AUG | 搜索,174,6.49,8.13,1.25,2024-06-16
AUG,战痕累累,普通,45379,AUG | 湖怪鸟,74,6.49,9.29,1.43,2024-06-16
AUG,略有磨损,普通,835391,AUG | 搜索,75,6.09,7.47,1.23,2024-06-16
AUG,略有磨损,普通,871251,AUG | 瘟疫,75,6.04,8.63,1.43,2024-06-16
AUG,略有磨损,纪念品,37521,AUG（纪念品） | 殖民侵略者,317,5.99,7.47,1.25,2024-06-16
AUG,破损不堪,普通,835429,AUG | 搜索,29,5.98,6.96,1.16,2024-06-16
AUG,久经沙场,普通,835335,AUG | 搜索,218,5.89,7.33,1.24,2024-06-16
AUG,战痕累累,普通,835345,AUG | 搜索,41,5.8,6.96,1.2,2024-06-16
AUG,略有磨损,StatTrak™,38261,AUG（StatTrak™） | 弹跳线条,155,5.48,7.91,1.44,2024-06-16
AUG,略有磨损,普通,33993,AUG | 贵族,272,5.42,7.62,1.41,2024-06-16
AUG,战痕累累,StatTrak™,871491,AUG（StatTrak™） | 瘟疫,14,4.9,7.54,1.54,2024-06-16
AUG,久经沙场,普通,871130,AUG | 瘟疫,110,4.37,5.3,1.21,2024-06-16
AUG,久经沙场,普通,762194,AUG | 随机存取,151,4.34,5.59,1.29,2024-06-16
AUG,略有磨损,StatTrak™,759279,AUG（StatTrak™） | 琥珀冲流,105,4.16,5.88,1.41,2024-06-16
AUG,破损不堪,纪念品,37522,AUG（纪念品） | 殖民侵略者,102,3.51,4.72,1.34,2024-06-16
AUG,破损不堪,普通,762196,AUG | 随机存取,24,3.49,4.35,1.25,2024-06-16
AUG,崭新出厂,普通,34039,AUG | 弹跳线条,438,3.38,4.35,1.29,2024-06-16
AUG,战痕累累,普通,762192,AUG | 随机存取,30,3.27,3.85,1.18,2024-06-16
AUG,久经沙场,普通,33992,AUG | 贵族,318,3.25,4.14,1.27,2024-06-16
AUG,破损不堪,普通,33994,AUG | 贵族,21,3.18,4.57,1.44,2024-06-16
AUG,破损不堪,普通,871337,AUG | 瘟疫,8,3.06,4.14,1.35,2024-06-16
AUG,战痕累累,普通,33990,AUG | 贵族,114,2.8,3.99,1.43,2024-06-16
AUG,战痕累累,普通,871600,AUG | 瘟疫,30,2.52,3.92,1.56,2024-06-16
AUG,崭新出厂,普通,759190,AUG | 琥珀冲流,179,2.38,3.05,1.28,2024-06-16
AUG,略有磨损,StatTrak™,38276,AUG（StatTrak™） | 三角战术,413,2.37,3.12,1.32,2024-06-16
AUG,崭新出厂,普通,34044,AUG | 暴风呼啸,467,2.34,3.12,1.33,2024-06-16
AUG,崭新出厂,普通,34059,AUG | 三角战术,262,2.28,3.48,1.53,2024-06-16
AUG,久经沙场,StatTrak™,759218,AUG（StatTrak™） | 琥珀冲流,137,2.18,2.47,1.13,2024-06-16
AUG,略有磨损,StatTrak™,779259,AUG（StatTrak™） | 汤姆猫,348,2.11,3.05,1.45,2024-06-16
AUG,破损不堪,StatTrak™,759280,AUG（StatTrak™） | 琥珀冲流,18,2.03,3.05,1.5,2024-06-16
AUG,久经沙场,StatTrak™,38260,AUG（StatTrak™） | 弹跳线条,192,1.88,2.54,1.35,2024-06-16
AUG,崭新出厂,纪念品,929009,AUG（纪念品） | 蛇窟,388,1.7,2.03,1.19,2024-06-16
AUG,略有磨损,普通,759236,AUG | 琥珀冲流,154,1.57,2.32,1.48,2024-06-16
AUG,崭新出厂,普通,779294,AUG | 汤姆猫,452,1.51,2.25,1.49,2024-06-16
AUG,破损不堪,StatTrak™,779308,AUG（StatTrak™） | 汤姆猫,22,1.49,2.03,1.36,2024-06-16
AUG,破损不堪,普通,759237,AUG | 琥珀冲流,16,1.47,1.31,0.89,2024-06-16
AUG,久经沙场,纪念品,37520,AUG（纪念品） | 殖民侵略者,846,1.44,1.81,1.26,2024-06-16
AUG,战痕累累,纪念品,37518,AUG（纪念品） | 殖民侵略者,165,1.4,2.18,1.56,2024-06-16
AUG,略有磨损,普通,34041,AUG | 弹跳线条,571,1.4,1.89,1.35,2024-06-16
AUG,战痕累累,StatTrak™,759277,AUG（StatTrak™） | 琥珀冲流,26,1.39,2.47,1.78,2024-06-16
AUG,战痕累累,StatTrak™,38258,AUG（StatTrak™） | 弹跳线条,49,1.17,1.38,1.18,2024-06-16
AUG,崭新出厂,普通,34011,AUG | 众枪之的,64,1.17,1.52,1.3,2024-06-16
AUG,久经沙场,普通,759217,AUG | 琥珀冲流,140,1.16,1.45,1.25,2024-06-16
AUG,战痕累累,普通,759235,AUG | 琥珀冲流,26,0.99,1.45,1.46,2024-06-16
AUG,久经沙场,StatTrak™,38275,AUG（StatTrak™） | 三角战术,219,0.96,1.38,1.44,2024-06-16
AUG,战痕累累,纪念品,877194,AUG（纪念品） | 朽木,31,0.83,1.74,2.1,2024-06-16
AUG,崭新出厂,普通,927301,AUG | 蛇窟,1351,0.84,1.09,1.3,2024-06-16
AUG,崭新出厂,纪念品,761351,AUG（纪念品） | 扫频仪,668,0.78,1.09,1.4,2024-06-16
AUG,久经沙场,StatTrak™,779258,AUG（StatTrak™） | 汤姆猫,459,0.75,0.94,1.25,2024-06-16
AUG,略有磨损,普通,34061,AUG | 三角战术,486,0.74,1.09,1.47,2024-06-16
AUG,久经沙场,普通,34040,AUG | 弹跳线条,376,0.67,0.94,1.4,2024-06-16
AUG,略有磨损,普通,779209,AUG | 汤姆猫,764,0.66,0.87,1.32,2024-06-16
AUG,战痕累累,StatTrak™,779310,AUG（StatTrak™） | 汤姆猫,60,0.62,1.02,1.65,2024-06-16
AUG,破损不堪,StatTrak™,38277,AUG（StatTrak™） | 三角战术,95,0.62,1.02,1.65,2024-06-16
AUG,战痕累累,StatTrak™,38273,AUG（StatTrak™） | 三角战术,62,0.61,1.02,1.67,2024-06-16
AUG,破损不堪,普通,34042,AUG | 弹跳线条,49,0.58,0.87,1.5,2024-06-16
AUG,略有磨损,普通,34012,AUG | 众枪之的,336,0.47,0.58,1.23,2024-06-16
AUG,破损不堪,纪念品,761369,AUG（纪念品） | 扫频仪,80,0.46,0.8,1.74,2024-06-16
AUG,略有磨损,纪念品,929017,AUG（纪念品） | 蛇窟,283,0.44,0.65,1.48,2024-06-16
AUG,崭新出厂,普通,34015,AUG | 雇佣兵,110,0.43,0.58,1.35,2024-06-16
AUG,崭新出厂,纪念品,877124,AUG（纪念品） | 朽木,291,0.39,0.65,1.67,2024-06-16
AUG,战痕累累,普通,779212,AUG | 汤姆猫,65,0.39,0.51,1.31,2024-06-16
AUG,久经沙场,普通,34060,AUG | 三角战术,261,0.39,0.65,1.67,2024-06-16
AUG,久经沙场,普通,779187,AUG | 汤姆猫,521,0.34,0.51,1.5,2024-06-16
AUG,战痕累累,普通,34038,AUG | 弹跳线条,69,0.34,0.58,1.71,2024-06-16
AUG,略有磨损,普通,927298,AUG | 蛇窟,564,0.33,0.58,1.76,2024-06-16
AUG,破损不堪,普通,779241,AUG | 汤姆猫,37,0.31,0.58,1.87,2024-06-16
AUG,久经沙场,普通,33819,AUG | 众枪之的,497,0.3,0.51,1.7,2024-06-16
AUG,略有磨损,纪念品,761346,AUG（纪念品） | 扫频仪,595,0.28,0.51,1.82,2024-06-16
AUG,战痕累累,普通,34058,AUG | 三角战术,84,0.28,0.51,1.82,2024-06-16
AUG,破损不堪,普通,34013,AUG | 众枪之的,63,0.26,0.51,1.96,2024-06-16
AUG,战痕累累,普通,34010,AUG | 众枪之的,89,0.25,0.51,2.04,2024-06-16
AUG,破损不堪,普通,34062,AUG | 三角战术,48,0.24,0.51,2.12,2024-06-16
AUG,破损不堪,纪念品,929039,AUG（纪念品） | 蛇窟,59,0.22,0.58,2.64,2024-06-16
AUG,久经沙场,普通,927296,AUG | 蛇窟,876,0.22,0.44,2.0,2024-06-16
AUG,略有磨损,纪念品,877123,AUG（纪念品） | 朽木,222,0.21,0.36,1.71,2024-06-16
AUG,破损不堪,普通,927334,AUG | 蛇窟,63,0.2,0.44,2.2,2024-06-16
AUG,久经沙场,纪念品,877158,AUG（纪念品） | 朽木,727,0.19,0.29,1.53,2024-06-16
AUG,久经沙场,纪念品,929024,AUG（纪念品） | 蛇窟,553,0.18,0.36,2.0,2024-06-16
AUG,战痕累累,普通,927317,AUG | 蛇窟,177,0.19,0.44,2.32,2024-06-16
AUG,破损不堪,纪念品,877160,AUG（纪念品） | 朽木,33,0.18,0.36,2.0,2024-06-16
AUG,崭新出厂,普通,762111,AUG | 扫频仪,815,0.17,0.36,2.12,2024-06-16
AUG,战痕累累,纪念品,929059,AUG（纪念品） | 蛇窟,75,0.15,0.36,2.4,2024-06-16
AUG,战痕累累,纪念品,761372,AUG（纪念品） | 扫频仪,130,0.15,0.29,1.93,2024-06-16
AUG,略有磨损,普通,762071,AUG | 扫频仪,1154,0.08,0.22,2.75,2024-06-16
AUG,久经沙场,纪念品,761329,AUG（纪念品） | 扫频仪,1089,0.08,0.29,3.62,2024-06-16
AUG,略有磨损,普通,34046,AUG | 暴风呼啸,1663,0.06,0.22,3.67,2024-06-16
AUG,破损不堪,普通,762112,AUG | 扫频仪,127,0.04,0.22,5.5,2024-06-16
AUG,久经沙场,普通,762059,AUG | 扫频仪,1255,0.05,0.22,4.4,2024-06-16
AUG,略有磨损,普通,34017,AUG | 雇佣兵,791,0.04,0.22,5.5,2024-06-16
AUG,战痕累累,普通,762083,AUG | 扫频仪,224,0.04,0.22,5.5,2024-06-16
AUG,战痕累累,普通,34043,AUG | 暴风呼啸,266,0.03,0.22,7.33,2024-06-16
AUG,破损不堪,普通,34018,AUG | 雇佣兵,149,0.03,0.22,7.33,2024-06-16
AUG,久经沙场,普通,34016,AUG | 雇佣兵,1472,0.03,0.22,7.33,2024-06-16
AUG,战痕累累,普通,34014,AUG | 雇佣兵,390,0.03,0.22,7.33,2024-06-16
AUG,破损不堪,普通,34047,AUG | 暴风呼啸,202,0.02,0.22,11.0,2024-06-16
AUG,久经沙场,普通,34045,AUG | 暴风呼啸,1678,0.03,0.22,7.33,2024-06-16
AUG,崭新出厂,纪念品,761351,AUG（纪念品） | 扫频仪,668,0.78,1.09,1.4,2024-06-16
AUG,久经沙场,StatTrak™,779258,AUG（StatTrak™） | 汤姆猫,459,0.75,0.94,1.25,2024-06-16
AUG,略有磨损,普通,34061,AUG | 三角战术,486,0.74,1.09,1.47,2024-06-16
AUG,久经沙场,普通,34040,AUG | 弹跳线条,376,0.67,0.94,1.4,2024-06-16
AUG,略有磨损,普通,779209,AUG | 汤姆猫,764,0.66,0.87,1.32,2024-06-16
AUG,战痕累累,StatTrak™,779310,AUG（StatTrak™） | 汤姆猫,60,0.62,1.02,1.65,2024-06-16
AUG,破损不堪,StatTrak™,38277,AUG（StatTrak™） | 三角战术,95,0.62,1.02,1.65,2024-06-16
AUG,战痕累累,StatTrak™,38273,AUG（StatTrak™） | 三角战术,62,0.61,1.02,1.67,2024-06-16
AUG,破损不堪,普通,34042,AUG | 弹跳线条,49,0.58,0.87,1.5,2024-06-16
AUG,略有磨损,普通,34012,AUG | 众枪之的,336,0.47,0.58,1.23,2024-06-16
AUG,破损不堪,纪念品,761369,AUG（纪念品） | 扫频仪,80,0.46,0.8,1.74,2024-06-16
AUG,略有磨损,纪念品,929017,AUG（纪念品） | 蛇窟,283,0.44,0.65,1.48,2024-06-16
AUG,崭新出厂,普通,34015,AUG | 雇佣兵,110,0.43,0.58,1.35,2024-06-16
AUG,崭新出厂,纪念品,877124,AUG（纪念品） | 朽木,291,0.39,0.65,1.67,2024-06-16
AUG,战痕累累,普通,779212,AUG | 汤姆猫,65,0.39,0.51,1.31,2024-06-16
AUG,久经沙场,普通,34060,AUG | 三角战术,261,0.39,0.65,1.67,2024-06-16
AUG,久经沙场,普通,779187,AUG | 汤姆猫,521,0.34,0.51,1.5,2024-06-16
AUG,战痕累累,普通,34038,AUG | 弹跳线条,69,0.34,0.58,1.71,2024-06-16
AUG,略有磨损,普通,927298,AUG | 蛇窟,564,0.33,0.58,1.76,2024-06-16
AUG,破损不堪,普通,779241,AUG | 汤姆猫,37,0.31,0.58,1.87,2024-06-16
AUG,久经沙场,普通,33819,AUG | 众枪之的,497,0.3,0.51,1.7,2024-06-16
AUG,略有磨损,纪念品,761346,AUG（纪念品） | 扫频仪,595,0.28,0.51,1.82,2024-06-16
AUG,战痕累累,普通,34058,AUG | 三角战术,84,0.28,0.51,1.82,2024-06-16
AUG,破损不堪,普通,34013,AUG | 众枪之的,63,0.26,0.51,1.96,2024-06-16
AUG,战痕累累,普通,34010,AUG | 众枪之的,89,0.25,0.51,2.04,2024-06-16
AUG,破损不堪,普通,34062,AUG | 三角战术,48,0.24,0.51,2.12,2024-06-16
AUG,破损不堪,纪念品,929039,AUG（纪念品） | 蛇窟,59,0.22,0.58,2.64,2024-06-16
AUG,久经沙场,普通,927296,AUG | 蛇窟,876,0.22,0.44,2.0,2024-06-16
AUG,略有磨损,纪念品,877123,AUG（纪念品） | 朽木,222,0.21,0.36,1.71,2024-06-16
AUG,破损不堪,普通,927334,AUG | 蛇窟,63,0.2,0.44,2.2,2024-06-16
AUG,久经沙场,纪念品,877158,AUG（纪念品） | 朽木,727,0.19,0.29,1.53,2024-06-16
AUG,久经沙场,纪念品,929024,AUG（纪念品） | 蛇窟,553,0.18,0.36,2.0,2024-06-16
AUG,战痕累累,普通,927317,AUG | 蛇窟,177,0.19,0.44,2.32,2024-06-16
AUG,破损不堪,纪念品,877160,AUG（纪念品） | 朽木,33,0.18,0.36,2.0,2024-06-16
AUG,崭新出厂,普通,762111,AUG | 扫频仪,815,0.17,0.36,2.12,2024-06-16
AUG,战痕累累,纪念品,929059,AUG（纪念品） | 蛇窟,75,0.15,0.36,2.4,2024-06-16
AUG,战痕累累,纪念品,761372,AUG（纪念品） | 扫频仪,130,0.15,0.29,1.93,2024-06-16
AUG,略有磨损,普通,762071,AUG | 扫频仪,1154,0.08,0.22,2.75,2024-06-16
AUG,久经沙场,纪念品,761329,AUG（纪念品） | 扫频仪,1089,0.08,0.29,3.62,2024-06-16
AUG,略有磨损,普通,34046,AUG | 暴风呼啸,1663,0.06,0.22,3.67,2024-06-16
AUG,破损不堪,普通,762112,AUG | 扫频仪,127,0.04,0.22,5.5,2024-06-16
AUG,久经沙场,普通,762059,AUG | 扫频仪,1255,0.05,0.22,4.4,2024-06-16
AUG,略有磨损,普通,34017,AUG | 雇佣兵,791,0.04,0.22,5.5,2024-06-16
AUG,战痕累累,普通,762083,AUG | 扫频仪,224,0.04,0.22,5.5,2024-06-16
AUG,战痕累累,普通,34043,AUG | 暴风呼啸,266,0.03,0.22,7.33,2024-06-16
AUG,破损不堪,普通,34018,AUG | 雇佣兵,149,0.03,0.22,7.33,2024-06-16
AUG,久经沙场,普通,34016,AUG | 雇佣兵,1472,0.03,0.22,7.33,2024-06-16
AUG,战痕累累,普通,34014,AUG | 雇佣兵,390,0.03,0.22,7.33,2024-06-16
AUG,破损不堪,普通,34047,AUG | 暴风呼啸,202,0.02,0.22,11.0,2024-06-16
AUG,久经沙场,普通,34045,AUG | 暴风呼啸,1678,0.03,0.22,7.33,2024-06-16
AUG,崭新出厂,纪念品,761351,AUG（纪念品） | 扫频仪,668,0.78,1.09,1.4,2024-06-16
AUG,略有磨损,普通,34061,AUG | 三角战术,486,0.74,1.09,1.47,2024-06-16
AUG,久经沙场,StatTrak™,779258,AUG（StatTrak™） | 汤姆猫,460,0.69,0.94,1.36,2024-06-16
AUG,久经沙场,普通,34040,AUG | 弹跳线条,376,0.67,0.94,1.4,2024-06-16
AUG,略有磨损,普通,779209,AUG | 汤姆猫,764,0.66,0.87,1.32,2024-06-16
AUG,战痕累累,StatTrak™,779310,AUG（StatTrak™） | 汤姆猫,60,0.62,1.02,1.65,2024-06-16
AUG,破损不堪,StatTrak™,38277,AUG（StatTrak™） | 三角战术,95,0.62,1.02,1.65,2024-06-16
AUG,战痕累累,StatTrak™,38273,AUG（StatTrak™） | 三角战术,62,0.61,1.02,1.67,2024-06-16
AUG,破损不堪,普通,34042,AUG | 弹跳线条,49,0.58,0.87,1.5,2024-06-16
AUG,略有磨损,普通,34012,AUG | 众枪之的,336,0.47,0.58,1.23,2024-06-16
AUG,破损不堪,纪念品,761369,AUG（纪念品） | 扫频仪,80,0.46,0.8,1.74,2024-06-16
AUG,略有磨损,纪念品,929017,AUG（纪念品） | 蛇窟,283,0.44,0.65,1.48,2024-06-16
AUG,崭新出厂,普通,34015,AUG | 雇佣兵,110,0.43,0.58,1.35,2024-06-16
AUG,崭新出厂,纪念品,877124,AUG（纪念品） | 朽木,291,0.39,0.65,1.67,2024-06-16
AUG,战痕累累,普通,779212,AUG | 汤姆猫,65,0.39,0.51,1.31,2024-06-16
AUG,久经沙场,普通,34060,AUG | 三角战术,261,0.39,0.65,1.67,2024-06-16
AUG,久经沙场,普通,779187,AUG | 汤姆猫,521,0.34,0.51,1.5,2024-06-16
AUG,战痕累累,普通,34038,AUG | 弹跳线条,69,0.34,0.58,1.71,2024-06-16
AUG,略有磨损,普通,927298,AUG | 蛇窟,564,0.33,0.58,1.76,2024-06-16
AUG,破损不堪,普通,779241,AUG | 汤姆猫,37,0.31,0.58,1.87,2024-06-16
AUG,久经沙场,普通,33819,AUG | 众枪之的,497,0.3,0.51,1.7,2024-06-16
AUG,略有磨损,纪念品,761346,AUG（纪念品） | 扫频仪,595,0.28,0.51,1.82,2024-06-16
AUG,战痕累累,普通,34058,AUG | 三角战术,84,0.28,0.51,1.82,2024-06-16
AUG,破损不堪,普通,34013,AUG | 众枪之的,63,0.26,0.51,1.96,2024-06-16
AUG,战痕累累,普通,34010,AUG | 众枪之的,89,0.25,0.51,2.04,2024-06-16
AUG,破损不堪,普通,34062,AUG | 三角战术,48,0.24,0.51,2.12,2024-06-16
AUG,破损不堪,纪念品,929039,AUG（纪念品） | 蛇窟,59,0.22,0.58,2.64,2024-06-16
AUG,久经沙场,普通,927296,AUG | 蛇窟,876,0.22,0.44,2.0,2024-06-16
AUG,略有磨损,纪念品,877123,AUG（纪念品） | 朽木,222,0.21,0.36,1.71,2024-06-16
AUG,破损不堪,普通,927334,AUG | 蛇窟,63,0.2,0.44,2.2,2024-06-16
AUG,久经沙场,纪念品,877158,AUG（纪念品） | 朽木,727,0.19,0.29,1.53,2024-06-16
AUG,久经沙场,纪念品,929024,AUG（纪念品） | 蛇窟,553,0.18,0.36,2.0,2024-06-16
AUG,战痕累累,普通,927317,AUG | 蛇窟,177,0.19,0.44,2.32,2024-06-16
AUG,破损不堪,纪念品,877160,AUG（纪念品） | 朽木,33,0.18,0.36,2.0,2024-06-16
AUG,崭新出厂,普通,762111,AUG | 扫频仪,815,0.17,0.36,2.12,2024-06-16
AUG,战痕累累,纪念品,929059,AUG（纪念品） | 蛇窟,75,0.15,0.36,2.4,2024-06-16
AUG,战痕累累,纪念品,761372,AUG（纪念品） | 扫频仪,130,0.15,0.29,1.93,2024-06-16
AUG,略有磨损,普通,762071,AUG | 扫频仪,1154,0.08,0.22,2.75,2024-06-16
AUG,久经沙场,纪念品,761329,AUG（纪念品） | 扫频仪,1089,0.08,0.29,3.62,2024-06-16
AUG,略有磨损,普通,34046,AUG | 暴风呼啸,1663,0.06,0.22,3.67,2024-06-16
AUG,破损不堪,普通,762112,AUG | 扫频仪,127,0.04,0.22,5.5,2024-06-16
AUG,久经沙场,普通,762059,AUG | 扫频仪,1255,0.05,0.22,4.4,2024-06-16
AUG,略有磨损,普通,34017,AUG | 雇佣兵,791,0.04,0.22,5.5,2024-06-16
AUG,战痕累累,普通,762083,AUG | 扫频仪,224,0.04,0.22,5.5,2024-06-16
AUG,战痕累累,普通,34043,AUG | 暴风呼啸,266,0.03,0.22,7.33,2024-06-16
AUG,破损不堪,普通,34018,AUG | 雇佣兵,149,0.03,0.22,7.33,2024-06-16
AUG,久经沙场,普通,34016,AUG | 雇佣兵,1472,0.03,0.22,7.33,2024-06-16
AUG,战痕累累,普通,34014,AUG | 雇佣兵,390,0.03,0.22,7.33,2024-06-16
AUG,破损不堪,普通,34047,AUG | 暴风呼啸,202,0.02,0.22,11.0,2024-06-16
AUG,久经沙场,普通,34045,AUG | 暴风呼啸,1678,0.03,0.22,7.33,2024-06-16
AUG,略有磨损,StatTrak™,38266,AUG（StatTrak™） | 席德.米德,145,45.4,66.26,1.46,2024-06-20
AUG,崭新出厂,普通,34049,AUG | 席德.米德,236,42.3,58.2,1.38,2024-06-20
AUG,略有磨损,普通,773678,AUG | 汪之萌杀,177,40.35,55.45,1.37,2024-06-20
AUG,破损不堪,纪念品,761499,AUG（纪念品） | 随机存取,8,39.89,83.1,2.08,2024-06-20
AUG,崭新出厂,普通,34022,AUG | 代达罗斯之殇,29,39.68,48.19,1.21,2024-06-20
AUG,战痕累累,普通,33995,AUG | 孟加拉猛虎,12,39.24,49.79,1.27,2024-06-20
AUG,破损不堪,普通,773811,AUG | 汪之萌杀,4,39.19,49.06,1.25,2024-06-20
AUG,久经沙场,StatTrak™,38250,AUG（StatTrak™） | 变色龙,66,38.79,51.53,1.33,2024-06-20
AUG,略有磨损,普通,34024,AUG | 代达罗斯之殇,4,38.68,44.78,1.16,2024-06-20
AUG,崭新出厂,普通,45245,AUG | 湖怪鸟,290,38.29,52.62,1.37,2024-06-20
AUG,崭新出厂,StatTrak™,38239,AUG（StatTrak™） | 贵族,126,38.22,51.45,1.35,2024-06-20
AUG,破损不堪,普通,33999,AUG | 孟加拉猛虎,12,37.76,42.02,1.11,2024-06-20
AUG,久经沙场,普通,773643,AUG | 汪之萌杀,66,36.9,48.19,1.31,2024-06-20
AUG,久经沙场,普通,34023,AUG | 代达罗斯之殇,15,36.75,40.13,1.09,2024-06-20
AUG,破损不堪,普通,871273,AUG | 朽木,14,35.7,44.27,1.24,2024-06-20
AUG,略有磨损,普通,871312,AUG | 朽木,39,35.56,46.3,1.3,2024-06-20
AUG,战痕累累,普通,871571,AUG | 朽木,12,35.34,46.16,1.31,2024-06-20
AUG,久经沙场,普通,871077,AUG | 朽木,48,35.2,45.29,1.29,2024-06-20
AUG,崭新出厂,普通,871335,AUG | 朽木,148,34.89,46.01,1.32,2024-06-20
AUG,破损不堪,StatTrak™,776103,AUG（StatTrak™） | 极地孤狼,17,34.79,54.65,1.57,2024-06-20
AUG,崭新出厂,普通,775252,AUG | 极地孤狼,281,33.9,46.52,1.37,2024-06-20
AUG,崭新出厂,纪念品,37532,AUG（纪念品） | 辐射危机,379,32.99,42.38,1.28,2024-06-20
AUG,久经沙场,普通,33997,AUG | 孟加拉猛虎,99,32.56,40.93,1.26,2024-06-20
AUG,破损不堪,普通,34025,AUG | 代达罗斯之殇,3,31.84,42.89,1.35,2024-06-20
AUG,略有磨损,StatTrak™,45304,AUG（StatTrak™） | 湖怪鸟,131,31.4,45.29,1.44,2024-06-20
AUG,崭新出厂,纪念品,876963,AUG（纪念品） | 夜空沙暴,233,31.2,39.84,1.28,2024-06-20
AUG,崭新出厂,普通,775080,AUG | 穆拉诺之蓝,80,30.44,40.86,1.34,2024-06-20
AUG,战痕累累,普通,34021,AUG | 代达罗斯之殇,5,28.03,36.29,1.29,2024-06-20
AUG,略有磨损,普通,769269,AUG | 动量,446,28,37.01,1.32,2024-06-20
AUG,略有磨损,普通,34029,AUG | 燕群,196,27.8,38.68,1.39,2024-06-20
AUG,久经沙场,StatTrak™,775270,AUG（StatTrak™） | 极地孤狼,167,26.33,37.01,1.41,2024-06-20
AUG,久经沙场,StatTrak™,38255,AUG（StatTrak™） | 燕群,74,25.4,33.89,1.33,2024-06-20
AUG,崭新出厂,纪念品,761535,AUG（纪念品） | 随机存取,82,25.35,33.38,1.32,2024-06-20
AUG,崭新出厂,普通,34001,AUG | 变色龙,637,24.6,32.51,1.32,2024-06-20
AUG,崭新出厂,StatTrak™,871790,AUG（StatTrak™） | 瘟疫,70,24.32,38.54,1.58,2024-06-20
AUG,破损不堪,StatTrak™,38257,AUG（StatTrak™） | 燕群,22,23.43,26.49,1.13,2024-06-20
AUG,崭新出厂,普通,762193,AUG | 随机存取,302,22.89,30.12,1.32,2024-06-20
AUG,久经沙场,StatTrak™,769258,AUG（StatTrak™） | 动量,175,22.7,32.8,1.44,2024-06-20
AUG,略有磨损,纪念品,37534,AUG（纪念品） | 辐射危机,405,22.59,34.76,1.54,2024-06-20
AUG,破损不堪,普通,34009,AUG | 殖民侵略者,60,22.5,35.92,1.6,2024-06-20
AUG,略有磨损,纪念品,877052,AUG（纪念品） | 璞玉,236,22.26,32.01,1.44,2024-06-20
AUG,略有磨损,普通,34051,AUG | 席德.米德,435,21.3,30.63,1.44,2024-06-20
AUG,略有磨损,纪念品,876873,AUG（纪念品） | 夜空沙暴,169,20.7,29.54,1.43,2024-06-20
AUG,略有磨损,普通,34008,AUG | 殖民侵略者,10,19.8,25.04,1.26,2024-06-20
AUG,久经沙场,纪念品,877090,AUG（纪念品） | 璞玉,55,19.4,26.78,1.38,2024-06-20
AUG,略有磨损,普通,775166,AUG | 极地孤狼,431,19.17,23.51,1.23,2024-06-20
AUG,久经沙场,普通,34007,AUG | 殖民侵略者,12,18.9,23.8,1.26,2024-06-20
AUG,久经沙场,StatTrak™,38265,AUG（StatTrak™） | 席德.米德,209,18.9,25.11,1.33,2024-06-20
AUG,战痕累累,StatTrak™,38253,AUG（StatTrak™） | 燕群,35,18.13,27.0,1.49,2024-06-20
AUG,破损不堪,StatTrak™,38267,AUG（StatTrak™） | 席德.米德,18,17.9,26.42,1.48,2024-06-20
AUG,略有磨损,StatTrak™,38241,AUG（StatTrak™） | 贵族,142,17.19,25.62,1.49,2024-06-20
AUG,破损不堪,StatTrak™,769472,AUG（StatTrak™） | 动量,50,16.66,20.39,1.22,2024-06-20
AUG,战痕累累,普通,34005,AUG | 殖民侵略者,5,16.53,26.92,1.63,2024-06-20
AUG,略有磨损,普通,45380,AUG | 湖怪鸟,400,16.5,24.46,1.48,2024-06-20
AUG,崭新出厂,StatTrak™,38274,AUG（StatTrak™） | 三角战术,125,16.49,26.78,1.62,2024-06-20
AUG,战痕累累,StatTrak™,38263,AUG（StatTrak™） | 席德.米德,25,15.99,24.17,1.51,2024-06-20
AUG,略有磨损,普通,34036,AUG | 辐射危机,29,15.99,18.72,1.17,2024-06-20
AUG,崭新出厂,普通,34034,AUG | 辐射危机,77,15.9,21.26,1.34,2024-06-20
AUG,战痕累累,普通,34000,AUG | 变色龙,20,15.8,20.39,1.29,2024-06-20
AUG,破损不堪,普通,34052,AUG | 席德.米德,19,15.3,21.19,1.38,2024-06-20
AUG,破损不堪,普通,34037,AUG | 辐射危机,10,15.26,18.94,1.24,2024-06-20
AUG,略有磨损,普通,34003,AUG | 变色龙,656,15.07,21.84,1.45,2024-06-20
AUG,破损不堪,普通,34004,AUG | 变色龙,8,14.6,18.87,1.29,2024-06-20
AUG,久经沙场,普通,34035,AUG | 辐射危机,34,14.48,17.78,1.23,2024-06-20
AUG,略有磨损,StatTrak™,871517,AUG（StatTrak™） | 瘟疫,42,14.14,21.77,1.54,2024-06-20
AUG,破损不堪,纪念品,877019,AUG（纪念品） | 夜空沙暴,29,14.05,22.35,1.59,2024-06-20
AUG,略有磨损,纪念品,761557,AUG（纪念品） | 随机存取,52,14.04,21.84,1.56,2024-06-20
AUG,战痕累累,StatTrak™,769257,AUG（StatTrak™） | 动量,88,14,20.61,1.47,2024-06-20
AUG,崭新出厂,StatTrak™,38259,AUG（StatTrak™） | 弹跳线条,101,13.88,20.03,1.44,2024-06-20
AUG,战痕累累,纪念品,877065,AUG（纪念品） | 夜空沙暴,24,13.83,22.57,1.63,2024-06-20
AUG,略有磨损,普通,774785,AUG | 穆拉诺之蓝,40,13.7,18.07,1.32,2024-06-20
AUG,久经沙场,StatTrak™,45303,AUG（StatTrak™） | 湖怪鸟,333,13.46,18.87,1.4,2024-06-20
AUG,久经沙场,纪念品,876968,AUG（纪念品） | 夜空沙暴,311,13.07,20.39,1.56,2024-06-20
AUG,破损不堪,StatTrak™,38242,AUG（StatTrak™） | 贵族,12,12.9,22.5,1.74,2024-06-20
AUG,久经沙场,普通,34028,AUG | 燕群,223,12.86,17.35,1.35,2024-06-20
AUG,破损不堪,StatTrak™,45466,AUG（StatTrak™） | 湖怪鸟,30,12.57,17.13,1.36,2024-06-20
AUG,战痕累累,普通,34033,AUG | 辐射危机,7,12.46,16.91,1.36,2024-06-20
AUG,战痕累累,StatTrak™,776068,AUG（StatTrak™） | 极地孤狼,11,12.3,18.8,1.53,2024-06-20
AUG,久经沙场,普通,34002,AUG | 变色龙,419,11.9,15.89,1.34,2024-06-20
AUG,破损不堪,纪念品,37535,AUG（纪念品） | 辐射危机,42,11.63,16.4,1.41,2024-06-20
AUG,崭新出厂,普通,33984,AUG | 秋叶原之选,42,28198.5,28558.96,1.01,2024-06-20
AUG,略有磨损,普通,33986,AUG | 秋叶原之选,80,9399,9026.97,0.96,2024-06-20
AUG,久经沙场,普通,33985,AUG | 秋叶原之选,66,3898.5,5745.9,1.47,2024-06-20
AUG,崭新出厂,普通,34031,AUG | 赤红新星,21,3065.5,4051.23,1.32,2024-06-20
AUG,战痕累累,普通,776808,AUG | 烈焰巨蟒,1,2999.5,5234.04,1.74,2024-06-20
AUG,崭新出厂,纪念品,37537,AUG（纪念品） | 暴风呼啸,1,2899.5,1208.79,0.42,2024-06-20
AUG,破损不堪,普通,33987,AUG | 秋叶原之选,15,2498.5,3429.77,1.37,2024-06-20
AUG,崭新出厂,普通,775442,AUG | 午夜百合,47,2428.37,3663.61,1.51,2024-06-20
AUG,略有磨损,普通,775745,AUG | 午夜百合,7,2268,5080.03,2.24,2024-06-20
AUG,崭新出厂,普通,775823,AUG | 烈焰巨蟒,64,2221,2971.83,1.34,2024-06-20
AUG,久经沙场,普通,776078,AUG | 午夜百合,7,2149.49,3419.18,1.59,2024-06-20
AUG,略有磨损,普通,775983,AUG | 烈焰巨蟒,8,2085.5,3148.55,1.51,2024-06-20
AUG,久经沙场,普通,775910,AUG | 烈焰巨蟒,5,2049,3083.16,1.5,2024-06-20
AUG,战痕累累,普通,33983,AUG | 秋叶原之选,9,1773.5,3244.64,1.83,2024-06-20
AUG,略有磨损,纪念品,37525,AUG（纪念品） | 众枪之的,2,888.38,1076.71,1.21,2024-06-20
AUG,略有磨损,普通,34020,AUG | 铜斑蛇,12,708.38,943.39,1.33,2024-06-20
AUG,久经沙场,普通,34019,AUG | 铜斑蛇,5,665.5,942.08,1.42,2024-06-20
AUG,破损不堪,普通,871537,AUG | 夜空沙暴,3,649.5,537.56,0.83,2024-06-20
AUG,略有磨损,普通,33989,AUG | 深蓝电镀处理,4,626.03,580.59,0.93,2024-06-20
AUG,崭新出厂,StatTrak™,38244,AUG（StatTrak™） | 孟加拉猛虎,8,544,870.53,1.6,2024-06-20
AUG,崭新出厂,普通,871176,AUG | 夜空沙暴,59,439.5,605.63,1.38,2024-06-20
AUG,略有磨损,普通,871599,AUG | 夜空沙暴,15,421.5,586.04,1.39,2024-06-20
AUG,崭新出厂,StatTrak™,769576,AUG（StatTrak™） | 动量,42,419.5,619.56,1.48,2024-06-20
AUG,久经沙场,普通,871373,AUG | 夜空沙暴,16,411.5,539.59,1.31,2024-06-20
AUG,战痕累累,普通,871714,AUG | 夜空沙暴,6,388.5,584.66,1.5,2024-06-20
AUG,略有磨损,纪念品,37539,AUG（纪念品） | 暴风呼啸,9,269.4,257.27,0.95,2024-06-20
AUG,久经沙场,纪念品,37524,AUG（纪念品） | 众枪之的,13,238.75,327.16,1.37,2024-06-20
AUG,战痕累累,纪念品,37536,AUG（纪念品） | 暴风呼啸,5,199.49,131.58,0.66,2024-06-20
AUG,崭新出厂,普通,33988,AUG | 深蓝电镀处理,77,190.95,262.36,1.37,2024-06-20
AUG,崭新出厂,普通,33996,AUG | 孟加拉猛虎,52,188.17,259.81,1.38,2024-06-20
AUG,崭新出厂,StatTrak™,38278,AUG（StatTrak™） | 鹰翼,141,169.4,223.82,1.32,2024-06-20
AUG,略有磨损,StatTrak™,38279,AUG（StatTrak™） | 鹰翼,17,165,210.61,1.28,2024-06-20
AUG,崭新出厂,普通,34063,AUG | 鹰翼,91,159.5,210.1,1.32,2024-06-20
AUG,略有磨损,普通,34064,AUG | 鹰翼,11,159,213.29,1.34,2024-06-20
AUG,崭新出厂,StatTrak™,773723,AUG（StatTrak™） | 汪之萌杀,62,157.5,224.83,1.43,2024-06-20
AUG,破损不堪,纪念品,37540,AUG（纪念品） | 暴风呼啸,14,156,311.78,2.0,2024-06-20
AUG,略有磨损,StatTrak™,38246,AUG（StatTrak™） | 孟加拉猛虎,32,153.5,197.47,1.29,2024-06-20
AUG,崭新出厂,StatTrak™,38254,AUG（StatTrak™） | 燕群,58,144.1,198.85,1.38,2024-06-20
AUG,崭新出厂,StatTrak™,775722,AUG（StatTrak™） | 极地孤狼,90,121.5,174.83,1.44,2024-06-20
AUG,崭新出厂,StatTrak™,38249,AUG（StatTrak™） | 变色龙,114,116.69,150.23,1.29,2024-06-20
AUG,崭新出厂,StatTrak™,38264,AUG（StatTrak™） | 席德.米德,82,110.5,167.86,1.52,2024-06-20
AUG,略有磨损,纪念品,37529,AUG（纪念品） | 雇佣兵,12,109.5,121.85,1.11,2024-06-20
AUG,崭新出厂,StatTrak™,38269,AUG（StatTrak™） | 力矩,69,109.3,159.37,1.46,2024-06-20
AUG,崭新出厂,普通,835754,AUG | 璞玉,560,108.95,144.2,1.32,2024-06-20
AUG,久经沙场,普通,835974,AUG | 璞玉,12,102.5,124.97,1.22,2024-06-20
AUG,破损不堪,纪念品,37530,AUG（纪念品） | 雇佣兵,6,98.79,102.98,1.04,2024-06-20
AUG,略有磨损,StatTrak™,38271,AUG（StatTrak™） | 力矩,41,97.8,125.84,1.29,2024-06-20
AUG,略有磨损,普通,835445,AUG | 璞玉,38,96.06,123.59,1.29,2024-06-20
AUG,崭新出厂,普通,769483,AUG | 动量,118,94.69,137.89,1.46,2024-06-20
AUG,崭新出厂,普通,34006,AUG | 殖民侵略者,7,89.21,81.94,0.92,2024-06-20
AUG,久经沙场,StatTrak™,38270,AUG（StatTrak™） | 力矩,33,89.19,105.67,1.18,2024-06-20
AUG,崭新出厂,纪念品,37519,AUG（纪念品） | 殖民侵略者,21,81.9,91.81,1.12,2024-06-20
AUG,崭新出厂,StatTrak™,45447,AUG（StatTrak™） | 湖怪鸟,102,80.77,114.81,1.42,2024-06-20
AUG,略有磨损,StatTrak™,769469,AUG（StatTrak™） | 动量,101,79.6,108.5,1.36,2024-06-20
AUG,战痕累累,StatTrak™,38268,AUG（StatTrak™） | 力矩,8,77.48,91.81,1.18,2024-06-20
AUG,战痕累累,纪念品,762670,AUG（纪念品） | 随机存取,10,77.38,79.25,1.02,2024-06-20
AUG,久经沙场,StatTrak™,38245,AUG（StatTrak™） | 孟加拉猛虎,32,76.51,101.17,1.32,2024-06-20
AUG,略有磨损,StatTrak™,773788,AUG（StatTrak™） | 汪之萌杀,64,74.09,108.86,1.47,2024-06-20
AUG,破损不堪,StatTrak™,38272,AUG（StatTrak™） | 力矩,23,72.55,101.89,1.4,2024-06-20
AUG,战痕累累,纪念品,37527,AUG（纪念品） | 雇佣兵,10,69.9,130.56,1.87,2024-06-20
AUG,久经沙场,纪念品,37538,AUG（纪念品） | 暴风呼啸,25,69.81,106.54,1.53,2024-06-20
AUG,崭新出厂,普通,34054,AUG | 力矩,149,66.6,89.41,1.34,2024-06-20
AUG,破损不堪,StatTrak™,773818,AUG（StatTrak™） | 汪之萌杀,1,65.9,73.15,1.11,2024-06-20
AUG,破损不堪,StatTrak™,38247,AUG（StatTrak™） | 孟加拉猛虎,11,65.48,110.46,1.69,2024-06-20
AUG,略有磨损,StatTrak™,38251,AUG（StatTrak™） | 变色龙,96,63.99,88.1,1.38,2024-06-20
AUG,崭新出厂,普通,773667,AUG | 汪之萌杀,232,61.6,86.29,1.4,2024-06-20
AUG,战痕累累,StatTrak™,38243,AUG（StatTrak™） | 孟加拉猛虎,12,60.8,99.93,1.64,2024-06-20
AUG,战痕累累,普通,34053,AUG | 力矩,3,60.72,73.15,1.2,2024-06-20
AUG,略有磨损,普通,34056,AUG | 力矩,69,59.74,73.59,1.23,2024-06-20
AUG,破损不堪,普通,34057,AUG | 力矩,6,59.7,77.94,1.31,2024-06-20
AUG,崭新出厂,普通,34027,AUG | 燕群,184,59.34,86.94,1.47,2024-06-20
AUG,战痕累累,StatTrak™,38248,AUG（StatTrak™） | 变色龙,14,58.57,81.43,1.39,2024-06-20
AUG,破损不堪,StatTrak™,38252,AUG（StatTrak™） | 变色龙,9,55.46,70.54,1.27,2024-06-20
AUG,久经沙场,普通,34055,AUG | 力矩,38,53.8,66.26,1.23,2024-06-20
AUG,久经沙场,纪念品,37528,AUG（纪念品） | 雇佣兵,49,52.68,93.98,1.78,2024-06-20
AUG,久经沙场,StatTrak™,773704,AUG（StatTrak™） | 汪之萌杀,31,52.54,78.74,1.5,2024-06-20
AUG,略有磨损,StatTrak™,776073,AUG（StatTrak™） | 极地孤狼,130,50.56,70.98,1.4,2024-06-20
AUG,略有磨损,StatTrak™,38256,AUG（StatTrak™） | 燕群,72,50.3,62.7,1.25,2024-06-20
AUG,略有磨损,普通,33998,AUG | 孟加拉猛虎,84,46.9,65.32,1.39,2024-06-20
AUG,崭新出厂,纪念品,877037,AUG（纪念品） | 璞玉,531,45.9,64.37,1.4,2024-06-20
AUG,战痕累累,StatTrak™,45446,AUG（StatTrak™） | 湖怪鸟,32,11.1,15.82,1.43,2024-06-20
AUG,战痕累累,纪念品,37531,AUG（纪念品） | 辐射危机,39,10.99,17.49,1.59,2024-06-20
AUG,破损不堪,普通,34030,AUG | 燕群,46,10.97,14.37,1.31,2024-06-20
AUG,崭新出厂,普通,33991,AUG | 贵族,362,10.7,14.51,1.36,2024-06-20
AUG,久经沙场,普通,775242,AUG | 极地孤狼,606,10.02,14.15,1.41,2024-06-20
AUG,战痕累累,普通,34026,AUG | 燕群,57,10,12.85,1.28,2024-06-20
AUG,崭新出厂,普通,871601,AUG | 瘟疫,60,9.96,13.06,1.31,2024-06-20
AUG,略有磨损,普通,762195,AUG | 随机存取,284,9.8,13.79,1.41,2024-06-20
AUG,久经沙场,普通,775294,AUG | 穆拉诺之蓝,40,9.77,12.56,1.29,2024-06-20
AUG,崭新出厂,普通,871111,AUG | 渐变琥珀,526,9.74,13.43,1.38,2024-06-20
AUG,破损不堪,普通,775620,AUG | 极地孤狼,18,9.49,12.7,1.34,2024-06-20
AUG,破损不堪,普通,871788,AUG | 渐变琥珀,32,9.35,9.58,1.02,2024-06-20
AUG,久经沙场,普通,34050,AUG | 席德.米德,732,9.39,12.63,1.35,2024-06-20
AUG,破损不堪,StatTrak™,871867,AUG（StatTrak™） | 瘟疫,11,8.99,10.09,1.12,2024-06-20
AUG,久经沙场,普通,769137,AUG | 动量,1031,8.99,12.05,1.34,2024-06-20
AUG,破损不堪,普通,774876,AUG | 穆拉诺之蓝,36,8.88,11.76,1.32,2024-06-20
AUG,战痕累累,普通,774744,AUG | 穆拉诺之蓝,44,8.72,11.76,1.35,2024-06-20
AUG,崭新出厂,StatTrak™,779260,AUG（StatTrak™） | 汤姆猫,148,8.48,10.6,1.25,2024-06-20
AUG,战痕累累,StatTrak™,38238,AUG（StatTrak™） | 贵族,42,8.29,12.92,1.56,2024-06-20
AUG,崭新出厂,StatTrak™,759278,AUG（StatTrak™） | 琥珀冲流,128,8.25,11.03,1.34,2024-06-20
AUG,略有磨损,普通,871236,AUG | 渐变琥珀,108,8.16,11.03,1.35,2024-06-20
AUG,久经沙场,纪念品,37533,AUG（纪念品） | 辐射危机,549,7.97,11.39,1.43,2024-06-20
AUG,久经沙场,StatTrak™,38240,AUG（StatTrak™） | 贵族,181,7.82,10.6,1.36,2024-06-20
AUG,战痕累累,普通,34048,AUG | 席德.米德,52,7.52,10.45,1.39,2024-06-20
AUG,破损不堪,普通,769282,AUG | 动量,127,7.49,10.81,1.44,2024-06-20
AUG,久经沙场,普通,45246,AUG | 湖怪鸟,800,7.49,10.02,1.34,2024-06-20
AUG,破损不堪,普通,45445,AUG | 湖怪鸟,36,7.43,9.14,1.23,2024-06-20
AUG,战痕累累,普通,775832,AUG | 极地孤狼,106,7.42,9.58,1.29,2024-06-20
AUG,久经沙场,纪念品,761536,AUG（纪念品） | 随机存取,65,7,10.81,1.54,2024-06-20
AUG,崭新出厂,普通,835388,AUG | 搜索,99,6.98,7.91,1.13,2024-06-20
AUG,战痕累累,普通,769234,AUG | 动量,194,6.89,8.85,1.28,2024-06-20
AUG,破损不堪,StatTrak™,38262,AUG（StatTrak™） | 弹跳线条,13,6.83,10.16,1.49,2024-06-20
AUG,略有磨损,普通,835391,AUG | 搜索,110,6.7,7.11,1.06,2024-06-20
AUG,久经沙场,普通,871095,AUG | 渐变琥珀,67,6.56,8.64,1.32,2024-06-20
AUG,久经沙场,StatTrak™,871424,AUG（StatTrak™） | 瘟疫,69,6.36,9.0,1.42,2024-06-20
AUG,战痕累累,普通,45379,AUG | 湖怪鸟,96,6.36,8.71,1.37,2024-06-20
AUG,略有磨损,普通,871251,AUG | 瘟疫,63,5.95,7.48,1.26,2024-06-20
AUG,破损不堪,普通,835429,AUG | 搜索,51,5.91,6.68,1.13,2024-06-20
AUG,略有磨损,普通,33993,AUG | 贵族,272,5.9,8.13,1.38,2024-06-20
AUG,略有磨损,StatTrak™,38261,AUG（StatTrak™） | 弹跳线条,168,5.86,8.42,1.44,2024-06-20
AUG,久经沙场,普通,835335,AUG | 搜索,299,5.84,7.48,1.28,2024-06-20
AUG,战痕累累,普通,835345,AUG | 搜索,37,5.79,6.82,1.18,2024-06-20
AUG,略有磨损,纪念品,37521,AUG（纪念品） | 殖民侵略者,328,5.79,7.33,1.27,2024-06-20
AUG,久经沙场,普通,762194,AUG | 随机存取,140,4.87,5.95,1.22,2024-06-20
AUG,战痕累累,StatTrak™,871491,AUG（StatTrak™） | 瘟疫,17,4.79,6.24,1.3,2024-06-20
AUG,略有磨损,StatTrak™,759279,AUG（StatTrak™） | 琥珀冲流,112,4.24,6.02,1.42,2024-06-20
AUG,久经沙场,普通,871130,AUG | 瘟疫,105,3.95,5.3,1.34,2024-06-20
AUG,破损不堪,普通,762196,AUG | 随机存取,27,3.58,4.5,1.26,2024-06-20
AUG,破损不堪,纪念品,37522,AUG（纪念品） | 殖民侵略者,103,3.4,5.01,1.47,2024-06-20
AUG,崭新出厂,普通,34039,AUG | 弹跳线条,423,3.34,4.43,1.33,2024-06-20
AUG,战痕累累,普通,762192,AUG | 随机存取,33,3.24,3.85,1.19,2024-06-20
AUG,久经沙场,普通,33992,AUG | 贵族,373,3.23,3.99,1.24,2024-06-20
AUG,破损不堪,普通,33994,AUG | 贵族,20,3.08,4.64,1.51,2024-06-20
AUG,破损不堪,普通,871337,AUG | 瘟疫,5,3.07,4.5,1.47,2024-06-20
AUG,战痕累累,普通,33990,AUG | 贵族,105,2.96,3.99,1.35,2024-06-20
AUG,战痕累累,普通,871600,AUG | 瘟疫,15,2.72,4.35,1.6,2024-06-20
AUG,崭新出厂,普通,34044,AUG | 暴风呼啸,428,2.41,2.98,1.24,2024-06-20
AUG,崭新出厂,普通,759190,AUG | 琥珀冲流,221,2.33,3.05,1.31,2024-06-20
AUG,略有磨损,StatTrak™,38276,AUG（StatTrak™） | 三角战术,401,2.29,3.48,1.52,2024-06-20
AUG,崭新出厂,普通,34059,AUG | 三角战术,242,2.19,3.05,1.39,2024-06-20
AUG,久经沙场,StatTrak™,759218,AUG（StatTrak™） | 琥珀冲流,135,2.08,2.47,1.19,2024-06-20
AUG,破损不堪,StatTrak™,779308,AUG（StatTrak™） | 汤姆猫,20,1.99,1.96,0.98,2024-06-20
AUG,略有磨损,StatTrak™,779259,AUG（StatTrak™） | 汤姆猫,329,1.97,2.98,1.51,2024-06-20
AUG,破损不堪,StatTrak™,759280,AUG（StatTrak™） | 琥珀冲流,18,1.97,2.83,1.44,2024-06-20
AUG,久经沙场,StatTrak™,38260,AUG（StatTrak™） | 弹跳线条,177,1.96,2.47,1.26,2024-06-20
AUG,崭新出厂,纪念品,929009,AUG（纪念品） | 蛇窟,339,1.9,2.03,1.07,2024-06-20
AUG,崭新出厂,普通,34011,AUG | 众枪之的,73,1.84,1.52,0.83,2024-06-20
AUG,久经沙场,纪念品,37520,AUG（纪念品） | 殖民侵略者,828,1.83,1.89,1.03,2024-06-20
AUG,崭新出厂,普通,779294,AUG | 汤姆猫,452,1.62,2.1,1.3,2024-06-20
AUG,略有磨损,普通,34041,AUG | 弹跳线条,511,1.53,1.96,1.28,2024-06-20
AUG,略有磨损,普通,759236,AUG | 琥珀冲流,152,1.46,2.03,1.39,2024-06-20
AUG,战痕累累,StatTrak™,759277,AUG（StatTrak™） | 琥珀冲流,26,1.44,1.96,1.36,2024-06-20
AUG,战痕累累,纪念品,37518,AUG（纪念品） | 殖民侵略者,165,1.39,2.25,1.62,2024-06-20
AUG,破损不堪,普通,759237,AUG | 琥珀冲流,12,1.32,1.45,1.1,2024-06-20
AUG,略有磨损,普通,34061,AUG | 三角战术,442,1.13,1.16,1.03,2024-06-20
AUG,战痕累累,StatTrak™,38258,AUG（StatTrak™） | 弹跳线条,46,1.09,1.45,1.33,2024-06-20
AUG,崭新出厂,纪念品,761351,AUG（纪念品） | 扫频仪,672,1.04,1.16,1.12,2024-06-20
AUG,久经沙场,普通,759217,AUG | 琥珀冲流,126,1.03,1.52,1.48,2024-06-20
AUG,久经沙场,StatTrak™,38275,AUG（StatTrak™） | 三角战术,229,1.02,1.31,1.28,2024-06-20
AUG,战痕累累,纪念品,877194,AUG（纪念品） | 朽木,24,0.86,1.31,1.52,2024-06-20
AUG,战痕累累,普通,759235,AUG | 琥珀冲流,28,0.86,1.23,1.43,2024-06-20
AUG,崭新出厂,普通,927301,AUG | 蛇窟,1271,0.84,1.02,1.21,2024-06-20
AUG,战痕累累,StatTrak™,779310,AUG（StatTrak™） | 汤姆猫,53,0.81,1.02,1.26,2024-06-20
AUG,略有磨损,纪念品,929017,AUG（纪念品） | 蛇窟,258,0.74,0.65,0.88,2024-06-20
AUG,久经沙场,StatTrak™,779258,AUG（StatTrak™） | 汤姆猫,450,0.66,1.02,1.55,2024-06-20
AUG,略有磨损,普通,779209,AUG | 汤姆猫,766,0.62,0.8,1.29,2024-06-20
AUG,破损不堪,StatTrak™,38277,AUG（StatTrak™） | 三角战术,83,0.62,0.94,1.52,2024-06-20
AUG,战痕累累,StatTrak™,38273,AUG（StatTrak™） | 三角战术,65,0.61,0.94,1.54,2024-06-20
AUG,久经沙场,普通,34040,AUG | 弹跳线条,360,0.61,0.87,1.43,2024-06-20
AUG,破损不堪,普通,34042,AUG | 弹跳线条,46,0.55,0.8,1.45,2024-06-20
AUG,崭新出厂,纪念品,877124,AUG（纪念品） | 朽木,292,0.45,0.65,1.44,2024-06-20
AUG,破损不堪,纪念品,761369,AUG（纪念品） | 扫频仪,92,0.42,0.8,1.9,2024-06-20
AUG,崭新出厂,普通,34015,AUG | 雇佣兵,132,0.41,0.58,1.41,2024-06-20
AUG,略有磨损,普通,34012,AUG | 众枪之的,581,0.41,0.58,1.41,2024-06-20
AUG,久经沙场,普通,34060,AUG | 三角战术,236,0.39,0.65,1.67,2024-06-20
AUG,破损不堪,普通,779241,AUG | 汤姆猫,32,0.36,0.51,1.42,2024-06-20
AUG,略有磨损,纪念品,761346,AUG（纪念品） | 扫频仪,603,0.36,0.51,1.42,2024-06-20
AUG,略有磨损,普通,927298,AUG | 蛇窟,561,0.34,0.51,1.5,2024-06-20
AUG,战痕累累,普通,779212,AUG | 汤姆猫,73,0.33,0.51,1.55,2024-06-20
AUG,崭新出厂,普通,762111,AUG | 扫频仪,652,0.33,0.36,1.09,2024-06-20
AUG,久经沙场,普通,779187,AUG | 汤姆猫,510,0.33,0.58,1.76,2024-06-20
AUG,破损不堪,普通,34013,AUG | 众枪之的,56,0.32,0.44,1.38,2024-06-20
AUG,战痕累累,普通,34038,AUG | 弹跳线条,129,0.32,0.51,1.59,2024-06-20
AUG,久经沙场,普通,33819,AUG | 众枪之的,510,0.31,0.51,1.65,2024-06-20
AUG,战痕累累,普通,34010,AUG | 众枪之的,87,0.3,0.51,1.7,2024-06-20
AUG,略有磨损,纪念品,877123,AUG（纪念品） | 朽木,237,0.27,0.36,1.33,2024-06-20
AUG,破损不堪,普通,34062,AUG | 三角战术,47,0.26,0.51,1.96,2024-06-20
AUG,战痕累累,普通,34058,AUG | 三角战术,97,0.25,0.51,2.04,2024-06-20
AUG,破损不堪,纪念品,877160,AUG（纪念品） | 朽木,35,0.23,0.44,1.91,2024-06-20
AUG,久经沙场,普通,927296,AUG | 蛇窟,876,0.23,0.44,1.91,2024-06-20
AUG,破损不堪,普通,927334,AUG | 蛇窟,57,0.2,0.44,2.2,2024-06-20
AUG,战痕累累,普通,927317,AUG | 蛇窟,192,0.19,0.36,1.89,2024-06-20
AUG,破损不堪,纪念品,929039,AUG（纪念品） | 蛇窟,63,0.17,0.58,3.41,2024-06-20
AUG,久经沙场,纪念品,877158,AUG（纪念品） | 朽木,735,0.15,0.29,1.93,2024-06-20
AUG,战痕累累,纪念品,761372,AUG（纪念品） | 扫频仪,134,0.12,0.29,2.42,2024-06-20
AUG,战痕累累,纪念品,929059,AUG（纪念品） | 蛇窟,80,0.11,0.36,3.27,2024-06-20
AUG,久经沙场,纪念品,929024,AUG（纪念品） | 蛇窟,545,0.11,0.36,3.27,2024-06-20
AUG,略有磨损,普通,762071,AUG | 扫频仪,1008,0.09,0.22,2.44,2024-06-20
AUG,久经沙场,纪念品,761329,AUG（纪念品） | 扫频仪,1090,0.08,0.29,3.62,2024-06-20
AUG,略有磨损,普通,34046,AUG | 暴风呼啸,1637,0.07,0.22,3.14,2024-06-20
AUG,久经沙场,普通,34016,AUG | 雇佣兵,1360,0.05,0.22,4.4,2024-06-20
AUG,久经沙场,普通,762059,AUG | 扫频仪,1238,0.05,0.22,4.4,2024-06-20
AUG,破损不堪,普通,34047,AUG | 暴风呼啸,119,0.04,0.22,5.5,2024-06-20
AUG,略有磨损,普通,34017,AUG | 雇佣兵,506,0.04,0.22,5.5,2024-06-20
AUG,破损不堪,普通,762112,AUG | 扫频仪,115,0.03,0.22,7.33,2024-06-20
AUG,战痕累累,普通,762083,AUG | 扫频仪,224,0.04,0.22,5.5,2024-06-20
AUG,破损不堪,普通,34018,AUG | 雇佣兵,144,0.03,0.22,7.33,2024-06-20
AUG,久经沙场,普通,34045,AUG | 暴风呼啸,1693,0.03,0.22,7.33,2024-06-20
AUG,战痕累累,普通,34043,AUG | 暴风呼啸,183,0.03,0.22,7.33,2024-06-20
AUG,战痕累累,普通,34014,AUG | 雇佣兵,241,0.03,0.22,7.33,2024-06-20
AUG,战痕累累,普通,759235,AUG | 琥珀冲流,28,0.86,1.23,1.43,2024-06-20
AUG,崭新出厂,普通,927301,AUG | 蛇窟,1271,0.84,1.02,1.21,2024-06-20
AUG,战痕累累,StatTrak™,779310,AUG（StatTrak™） | 汤姆猫,53,0.81,1.02,1.26,2024-06-20
AUG,略有磨损,纪念品,929017,AUG（纪念品） | 蛇窟,258,0.74,0.65,0.88,2024-06-20
AUG,久经沙场,StatTrak™,779258,AUG（StatTrak™） | 汤姆猫,450,0.66,1.02,1.55,2024-06-20
AUG,略有磨损,普通,779209,AUG | 汤姆猫,766,0.62,0.8,1.29,2024-06-20
AUG,破损不堪,StatTrak™,38277,AUG（StatTrak™） | 三角战术,83,0.62,0.94,1.52,2024-06-20
AUG,战痕累累,StatTrak™,38273,AUG（StatTrak™） | 三角战术,65,0.61,0.94,1.54,2024-06-20
AUG,久经沙场,普通,34040,AUG | 弹跳线条,360,0.61,0.87,1.43,2024-06-20
AUG,破损不堪,普通,34042,AUG | 弹跳线条,46,0.55,0.8,1.45,2024-06-20
AUG,崭新出厂,纪念品,877124,AUG（纪念品） | 朽木,292,0.45,0.65,1.44,2024-06-20
AUG,破损不堪,纪念品,761369,AUG（纪念品） | 扫频仪,92,0.42,0.8,1.9,2024-06-20
AUG,崭新出厂,普通,34015,AUG | 雇佣兵,132,0.41,0.58,1.41,2024-06-20
AUG,略有磨损,普通,34012,AUG | 众枪之的,581,0.41,0.58,1.41,2024-06-20
AUG,久经沙场,普通,34060,AUG | 三角战术,236,0.39,0.65,1.67,2024-06-20
AUG,破损不堪,普通,779241,AUG | 汤姆猫,32,0.36,0.51,1.42,2024-06-20
AUG,略有磨损,纪念品,761346,AUG（纪念品） | 扫频仪,603,0.36,0.51,1.42,2024-06-20
AUG,略有磨损,普通,927298,AUG | 蛇窟,561,0.34,0.51,1.5,2024-06-20
AUG,战痕累累,普通,779212,AUG | 汤姆猫,73,0.33,0.51,1.55,2024-06-20
AUG,崭新出厂,普通,762111,AUG | 扫频仪,652,0.33,0.36,1.09,2024-06-20
AUG,久经沙场,普通,779187,AUG | 汤姆猫,510,0.33,0.58,1.76,2024-06-20
AUG,破损不堪,普通,34013,AUG | 众枪之的,56,0.32,0.44,1.38,2024-06-20
AUG,战痕累累,普通,34038,AUG | 弹跳线条,129,0.32,0.51,1.59,2024-06-20
AUG,久经沙场,普通,33819,AUG | 众枪之的,510,0.31,0.51,1.65,2024-06-20
AUG,战痕累累,普通,34010,AUG | 众枪之的,87,0.3,0.51,1.7,2024-06-20
AUG,略有磨损,纪念品,877123,AUG（纪念品） | 朽木,237,0.27,0.36,1.33,2024-06-20
AUG,破损不堪,普通,34062,AUG | 三角战术,47,0.26,0.51,1.96,2024-06-20
AUG,战痕累累,普通,34058,AUG | 三角战术,97,0.25,0.51,2.04,2024-06-20
AUG,破损不堪,纪念品,877160,AUG（纪念品） | 朽木,35,0.23,0.44,1.91,2024-06-20
AUG,久经沙场,普通,927296,AUG | 蛇窟,876,0.23,0.44,1.91,2024-06-20
AUG,破损不堪,普通,927334,AUG | 蛇窟,57,0.2,0.44,2.2,2024-06-20
AUG,战痕累累,普通,927317,AUG | 蛇窟,192,0.19,0.36,1.89,2024-06-20
AUG,破损不堪,纪念品,929039,AUG（纪念品） | 蛇窟,63,0.17,0.58,3.41,2024-06-20
AUG,久经沙场,纪念品,877158,AUG（纪念品） | 朽木,735,0.15,0.29,1.93,2024-06-20
AUG,战痕累累,纪念品,761372,AUG（纪念品） | 扫频仪,134,0.12,0.29,2.42,2024-06-20
AUG,战痕累累,纪念品,929059,AUG（纪念品） | 蛇窟,80,0.11,0.36,3.27,2024-06-20
AUG,久经沙场,纪念品,929024,AUG（纪念品） | 蛇窟,545,0.11,0.36,3.27,2024-06-20
AUG,略有磨损,普通,762071,AUG | 扫频仪,1008,0.09,0.22,2.44,2024-06-20
AUG,久经沙场,纪念品,761329,AUG（纪念品） | 扫频仪,1090,0.08,0.29,3.62,2024-06-20
AUG,略有磨损,普通,34046,AUG | 暴风呼啸,1637,0.07,0.22,3.14,2024-06-20
AUG,久经沙场,普通,34016,AUG | 雇佣兵,1360,0.05,0.22,4.4,2024-06-20
AUG,久经沙场,普通,762059,AUG | 扫频仪,1238,0.05,0.22,4.4,2024-06-20
AUG,破损不堪,普通,34047,AUG | 暴风呼啸,119,0.04,0.22,5.5,2024-06-20
AUG,略有磨损,普通,34017,AUG | 雇佣兵,506,0.04,0.22,5.5,2024-06-20
AUG,破损不堪,普通,762112,AUG | 扫频仪,115,0.03,0.22,7.33,2024-06-20
AUG,战痕累累,普通,762083,AUG | 扫频仪,224,0.04,0.22,5.5,2024-06-20
AUG,破损不堪,普通,34018,AUG | 雇佣兵,144,0.03,0.22,7.33,2024-06-20
AUG,久经沙场,普通,34045,AUG | 暴风呼啸,1693,0.03,0.22,7.33,2024-06-20
AUG,战痕累累,普通,34043,AUG | 暴风呼啸,183,0.03,0.22,7.33,2024-06-20
AUG,战痕累累,普通,34014,AUG | 雇佣兵,241,0.03,0.22,7.33,2024-06-20
AUG,战痕累累,普通,759235,AUG | 琥珀冲流,28,0.86,1.23,1.43,2024-06-20
AUG,崭新出厂,普通,927301,AUG | 蛇窟,1271,0.84,1.02,1.21,2024-06-20
AUG,战痕累累,StatTrak™,779310,AUG（StatTrak™） | 汤姆猫,53,0.81,1.02,1.26,2024-06-20
AUG,略有磨损,纪念品,929017,AUG（纪念品） | 蛇窟,258,0.74,0.65,0.88,2024-06-20
AUG,久经沙场,StatTrak™,779258,AUG（StatTrak™） | 汤姆猫,450,0.66,1.02,1.55,2024-06-20
AUG,略有磨损,普通,779209,AUG | 汤姆猫,766,0.62,0.8,1.29,2024-06-20
AUG,破损不堪,StatTrak™,38277,AUG（StatTrak™） | 三角战术,83,0.62,0.94,1.52,2024-06-20
AUG,战痕累累,StatTrak™,38273,AUG（StatTrak™） | 三角战术,65,0.61,0.94,1.54,2024-06-20
AUG,久经沙场,普通,34040,AUG | 弹跳线条,360,0.61,0.87,1.43,2024-06-20
AUG,破损不堪,普通,34042,AUG | 弹跳线条,46,0.55,0.8,1.45,2024-06-20
AUG,崭新出厂,纪念品,877124,AUG（纪念品） | 朽木,292,0.45,0.65,1.44,2024-06-20
AUG,破损不堪,纪念品,761369,AUG（纪念品） | 扫频仪,92,0.42,0.8,1.9,2024-06-20
AUG,崭新出厂,普通,34015,AUG | 雇佣兵,132,0.41,0.58,1.41,2024-06-20
AUG,略有磨损,普通,34012,AUG | 众枪之的,581,0.41,0.58,1.41,2024-06-20
AUG,久经沙场,普通,34060,AUG | 三角战术,236,0.39,0.65,1.67,2024-06-20
AUG,破损不堪,普通,779241,AUG | 汤姆猫,32,0.36,0.51,1.42,2024-06-20
AUG,略有磨损,纪念品,761346,AUG（纪念品） | 扫频仪,603,0.36,0.51,1.42,2024-06-20
AUG,略有磨损,普通,927298,AUG | 蛇窟,561,0.34,0.51,1.5,2024-06-20
AUG,战痕累累,普通,779212,AUG | 汤姆猫,73,0.33,0.51,1.55,2024-06-20
AUG,崭新出厂,普通,762111,AUG | 扫频仪,652,0.33,0.36,1.09,2024-06-20
AUG,久经沙场,普通,779187,AUG | 汤姆猫,510,0.33,0.58,1.76,2024-06-20
AUG,破损不堪,普通,34013,AUG | 众枪之的,56,0.32,0.44,1.38,2024-06-20
AUG,战痕累累,普通,34038,AUG | 弹跳线条,129,0.32,0.51,1.59,2024-06-20
AUG,久经沙场,普通,33819,AUG | 众枪之的,510,0.31,0.51,1.65,2024-06-20
AUG,战痕累累,普通,34010,AUG | 众枪之的,87,0.3,0.51,1.7,2024-06-20
AUG,略有磨损,纪念品,877123,AUG（纪念品） | 朽木,237,0.27,0.36,1.33,2024-06-20
AUG,破损不堪,普通,34062,AUG | 三角战术,47,0.26,0.51,1.96,2024-06-20
AUG,战痕累累,普通,34058,AUG | 三角战术,97,0.25,0.51,2.04,2024-06-20
AUG,破损不堪,纪念品,877160,AUG（纪念品） | 朽木,35,0.23,0.44,1.91,2024-06-20
AUG,久经沙场,普通,927296,AUG | 蛇窟,876,0.23,0.44,1.91,2024-06-20
AUG,破损不堪,普通,927334,AUG | 蛇窟,57,0.2,0.44,2.2,2024-06-20
AUG,战痕累累,普通,927317,AUG | 蛇窟,192,0.19,0.36,1.89,2024-06-20
AUG,破损不堪,纪念品,929039,AUG（纪念品） | 蛇窟,63,0.17,0.58,3.41,2024-06-20
AUG,久经沙场,纪念品,877158,AUG（纪念品） | 朽木,735,0.15,0.29,1.93,2024-06-20
AUG,战痕累累,纪念品,761372,AUG（纪念品） | 扫频仪,134,0.12,0.29,2.42,2024-06-20
AUG,战痕累累,纪念品,929059,AUG（纪念品） | 蛇窟,80,0.11,0.36,3.27,2024-06-20
AUG,久经沙场,纪念品,929024,AUG（纪念品） | 蛇窟,545,0.11,0.36,3.27,2024-06-20
AUG,略有磨损,普通,762071,AUG | 扫频仪,1008,0.09,0.22,2.44,2024-06-20
AUG,久经沙场,纪念品,761329,AUG（纪念品） | 扫频仪,1090,0.08,0.29,3.62,2024-06-20
AUG,略有磨损,普通,34046,AUG | 暴风呼啸,1637,0.07,0.22,3.14,2024-06-20
AUG,久经沙场,普通,34016,AUG | 雇佣兵,1360,0.05,0.22,4.4,2024-06-20
AUG,久经沙场,普通,762059,AUG | 扫频仪,1238,0.05,0.22,4.4,2024-06-20
AUG,破损不堪,普通,34047,AUG | 暴风呼啸,119,0.04,0.22,5.5,2024-06-20
AUG,略有磨损,普通,34017,AUG | 雇佣兵,506,0.04,0.22,5.5,2024-06-20
AUG,破损不堪,普通,762112,AUG | 扫频仪,115,0.03,0.22,7.33,2024-06-20
AUG,战痕累累,普通,762083,AUG | 扫频仪,224,0.04,0.22,5.5,2024-06-20
AUG,破损不堪,普通,34018,AUG | 雇佣兵,144,0.03,0.22,7.33,2024-06-20
AUG,久经沙场,普通,34045,AUG | 暴风呼啸,1693,0.03,0.22,7.33,2024-06-20
AUG,战痕累累,普通,34043,AUG | 暴风呼啸,183,0.03,0.22,7.33,2024-06-20
AUG,战痕累累,普通,34014,AUG | 雇佣兵,241,0.03,0.22,7.33,2024-06-20
