血猎手套,崭新出厂,★,45547,血猎手套（★） | 染铜,1,248888.38,4582.2,0.02,2024-06-16
血猎手套,崭新出厂,★,45453,血猎手套（★） | 焦炭,3,6484.49,5303.98,0.82,2024-06-16
血猎手套,崭新出厂,★,756175,血猎手套（★） | 蛇咬,3,3786.5,11611.09,3.07,2024-06-16
血猎手套,崭新出厂,★,755937,血猎手套（★） | 游击队,2,2899.5,3945.81,1.36,2024-06-16
血猎手套,略有磨损,★,42452,血猎手套（★） | 焦炭,40,1619.5,2297.3,1.42,2024-06-16
血猎手套,略有磨损,★,42459,血猎手套（★） | 蛇咬,45,849.5,1536.2,1.81,2024-06-16
血猎手套,久经沙场,★,42451,血猎手套（★） | 焦炭,42,844.5,1308.19,1.55,2024-06-16
血猎手套,破损不堪,★,42453,血猎手套（★） | 焦炭,10,758.5,1023.72,1.35,2024-06-16
血猎手套,略有磨损,★,42448,血猎手套（★） | 染铜,48,740.47,1168.82,1.58,2024-06-16
血猎手套,战痕累累,★,42450,血猎手套（★） | 焦炭,8,739.5,1343.73,1.82,2024-06-16
血猎手套,略有磨损,★,42456,血猎手套（★） | 游击队,40,682.5,1051.51,1.54,2024-06-16
血猎手套,破损不堪,★,42460,血猎手套（★） | 蛇咬,6,506.5,667.22,1.32,2024-06-16
血猎手套,久经沙场,★,42447,血猎手套（★） | 染铜,52,504.83,685.36,1.36,2024-06-16
血猎手套,久经沙场,★,42458,血猎手套（★） | 蛇咬,62,493.5,694.36,1.41,2024-06-16
血猎手套,久经沙场,★,42455,血猎手套（★） | 游击队,80,490.49,710.97,1.45,2024-06-16
血猎手套,破损不堪,★,43954,血猎手套（★） | 游击队,3,469.5,726.13,1.55,2024-06-16
血猎手套,战痕累累,★,42457,血猎手套（★） | 蛇咬,10,469.49,623.04,1.33,2024-06-16
血猎手套,破损不堪,★,42449,血猎手套（★） | 染铜,11,458.49,673.46,1.47,2024-06-16
血猎手套,战痕累累,★,42454,血猎手套（★） | 游击队,13,449.5,667.44,1.48,2024-06-16
血猎手套,战痕累累,★,42446,血猎手套（★） | 染铜,14,444.5,641.69,1.44,2024-06-16
血猎手套,崭新出厂,★,45547,血猎手套（★） | 染铜,1,248888.38,4582.2,0.02,2024-06-16
血猎手套,崭新出厂,★,45453,血猎手套（★） | 焦炭,3,6484.49,5303.98,0.82,2024-06-16
血猎手套,崭新出厂,★,756175,血猎手套（★） | 蛇咬,3,3786.5,11611.09,3.07,2024-06-16
血猎手套,崭新出厂,★,755937,血猎手套（★） | 游击队,2,2899.5,3945.81,1.36,2024-06-16
血猎手套,略有磨损,★,42452,血猎手套（★） | 焦炭,40,1619.5,2297.3,1.42,2024-06-16
血猎手套,略有磨损,★,42459,血猎手套（★） | 蛇咬,45,849.5,1536.2,1.81,2024-06-16
血猎手套,久经沙场,★,42451,血猎手套（★） | 焦炭,42,844.5,1308.19,1.55,2024-06-16
血猎手套,破损不堪,★,42453,血猎手套（★） | 焦炭,10,758.5,1023.72,1.35,2024-06-16
血猎手套,略有磨损,★,42448,血猎手套（★） | 染铜,48,740.47,1168.82,1.58,2024-06-16
血猎手套,战痕累累,★,42450,血猎手套（★） | 焦炭,8,739.5,1343.73,1.82,2024-06-16
血猎手套,略有磨损,★,42456,血猎手套（★） | 游击队,40,682.5,1051.51,1.54,2024-06-16
血猎手套,破损不堪,★,42460,血猎手套（★） | 蛇咬,6,506.5,667.22,1.32,2024-06-16
血猎手套,久经沙场,★,42447,血猎手套（★） | 染铜,52,504.83,685.36,1.36,2024-06-16
血猎手套,久经沙场,★,42458,血猎手套（★） | 蛇咬,62,493.5,694.36,1.41,2024-06-16
血猎手套,久经沙场,★,42455,血猎手套（★） | 游击队,80,490.49,710.97,1.45,2024-06-16
血猎手套,破损不堪,★,43954,血猎手套（★） | 游击队,3,469.5,726.13,1.55,2024-06-16
血猎手套,战痕累累,★,42457,血猎手套（★） | 蛇咬,10,469.49,623.04,1.33,2024-06-16
血猎手套,破损不堪,★,42449,血猎手套（★） | 染铜,11,458.49,673.46,1.47,2024-06-16
血猎手套,战痕累累,★,42454,血猎手套（★） | 游击队,13,449.5,667.44,1.48,2024-06-16
血猎手套,战痕累累,★,42446,血猎手套（★） | 染铜,14,444.5,641.69,1.44,2024-06-16
血猎手套,崭新出厂,★,45547,血猎手套（★） | 染铜,1,248888.38,4582.2,0.02,2024-06-16
血猎手套,崭新出厂,★,45453,血猎手套（★） | 焦炭,3,6484.49,5303.98,0.82,2024-06-16
血猎手套,崭新出厂,★,756175,血猎手套（★） | 蛇咬,3,3786.5,11611.09,3.07,2024-06-16
血猎手套,崭新出厂,★,755937,血猎手套（★） | 游击队,2,2899.5,3945.81,1.36,2024-06-16
血猎手套,略有磨损,★,42452,血猎手套（★） | 焦炭,40,1619.5,2297.3,1.42,2024-06-16
血猎手套,略有磨损,★,42459,血猎手套（★） | 蛇咬,45,849.5,1536.2,1.81,2024-06-16
血猎手套,久经沙场,★,42451,血猎手套（★） | 焦炭,42,844.5,1308.19,1.55,2024-06-16
血猎手套,破损不堪,★,42453,血猎手套（★） | 焦炭,10,758.5,1023.72,1.35,2024-06-16
血猎手套,略有磨损,★,42448,血猎手套（★） | 染铜,48,740.47,1168.82,1.58,2024-06-16
血猎手套,战痕累累,★,42450,血猎手套（★） | 焦炭,8,739.5,1343.73,1.82,2024-06-16
血猎手套,略有磨损,★,42456,血猎手套（★） | 游击队,40,682.5,1051.51,1.54,2024-06-16
血猎手套,破损不堪,★,42460,血猎手套（★） | 蛇咬,6,506.5,667.22,1.32,2024-06-16
血猎手套,久经沙场,★,42447,血猎手套（★） | 染铜,52,504.83,685.36,1.36,2024-06-16
血猎手套,久经沙场,★,42458,血猎手套（★） | 蛇咬,62,493.5,694.36,1.41,2024-06-16
血猎手套,久经沙场,★,42455,血猎手套（★） | 游击队,80,490.49,710.97,1.45,2024-06-16
血猎手套,破损不堪,★,43954,血猎手套（★） | 游击队,3,469.5,726.13,1.55,2024-06-16
血猎手套,战痕累累,★,42457,血猎手套（★） | 蛇咬,10,469.49,623.04,1.33,2024-06-16
血猎手套,破损不堪,★,42449,血猎手套（★） | 染铜,11,458.49,673.46,1.47,2024-06-16
血猎手套,战痕累累,★,42454,血猎手套（★） | 游击队,13,449.5,667.44,1.48,2024-06-16
血猎手套,战痕累累,★,42446,血猎手套（★） | 染铜,14,444.5,641.69,1.44,2024-06-16
血猎手套,崭新出厂,★,45547,血猎手套（★） | 染铜,1,248888.38,4582.2,0.02,2024-06-16
血猎手套,崭新出厂,★,45453,血猎手套（★） | 焦炭,3,6484.49,5303.98,0.82,2024-06-16
血猎手套,崭新出厂,★,756175,血猎手套（★） | 蛇咬,3,3786.5,11611.09,3.07,2024-06-16
血猎手套,崭新出厂,★,755937,血猎手套（★） | 游击队,2,2899.5,3945.81,1.36,2024-06-16
血猎手套,略有磨损,★,42452,血猎手套（★） | 焦炭,40,1619.5,2297.3,1.42,2024-06-16
血猎手套,略有磨损,★,42459,血猎手套（★） | 蛇咬,45,849.5,1536.2,1.81,2024-06-16
血猎手套,久经沙场,★,42451,血猎手套（★） | 焦炭,42,844.5,1308.19,1.55,2024-06-16
血猎手套,破损不堪,★,42453,血猎手套（★） | 焦炭,10,758.5,1023.72,1.35,2024-06-16
血猎手套,略有磨损,★,42448,血猎手套（★） | 染铜,48,740.47,1168.82,1.58,2024-06-16
血猎手套,战痕累累,★,42450,血猎手套（★） | 焦炭,8,739.5,1343.73,1.82,2024-06-16
血猎手套,略有磨损,★,42456,血猎手套（★） | 游击队,40,682.5,1051.51,1.54,2024-06-16
血猎手套,破损不堪,★,42460,血猎手套（★） | 蛇咬,6,506.5,667.22,1.32,2024-06-16
血猎手套,久经沙场,★,42447,血猎手套（★） | 染铜,52,504.83,685.36,1.36,2024-06-16
血猎手套,久经沙场,★,42458,血猎手套（★） | 蛇咬,62,493.5,694.36,1.41,2024-06-16
血猎手套,久经沙场,★,42455,血猎手套（★） | 游击队,80,490.49,710.97,1.45,2024-06-16
血猎手套,破损不堪,★,43954,血猎手套（★） | 游击队,3,469.5,726.13,1.55,2024-06-16
血猎手套,战痕累累,★,42457,血猎手套（★） | 蛇咬,10,469.49,623.04,1.33,2024-06-16
血猎手套,破损不堪,★,42449,血猎手套（★） | 染铜,11,458.49,673.46,1.47,2024-06-16
血猎手套,战痕累累,★,42454,血猎手套（★） | 游击队,13,449.5,667.44,1.48,2024-06-16
血猎手套,战痕累累,★,42446,血猎手套（★） | 染铜,14,444.5,641.69,1.44,2024-06-16
血猎手套,崭新出厂,★,45547,血猎手套（★） | 染铜,1,248888.38,4582.2,0.02,2024-06-16
血猎手套,崭新出厂,★,45453,血猎手套（★） | 焦炭,3,6484.49,5303.98,0.82,2024-06-16
血猎手套,崭新出厂,★,756175,血猎手套（★） | 蛇咬,3,3786.5,11611.09,3.07,2024-06-16
血猎手套,崭新出厂,★,755937,血猎手套（★） | 游击队,2,2899.5,3945.81,1.36,2024-06-16
血猎手套,略有磨损,★,42452,血猎手套（★） | 焦炭,40,1619.5,2297.3,1.42,2024-06-16
血猎手套,略有磨损,★,42459,血猎手套（★） | 蛇咬,45,849.5,1536.2,1.81,2024-06-16
血猎手套,久经沙场,★,42451,血猎手套（★） | 焦炭,42,844.5,1308.19,1.55,2024-06-16
血猎手套,破损不堪,★,42453,血猎手套（★） | 焦炭,10,758.5,1023.72,1.35,2024-06-16
血猎手套,略有磨损,★,42448,血猎手套（★） | 染铜,48,740.47,1168.82,1.58,2024-06-16
血猎手套,战痕累累,★,42450,血猎手套（★） | 焦炭,8,739.5,1343.73,1.82,2024-06-16
血猎手套,略有磨损,★,42456,血猎手套（★） | 游击队,40,682.5,1051.51,1.54,2024-06-16
血猎手套,破损不堪,★,42460,血猎手套（★） | 蛇咬,6,506.5,667.22,1.32,2024-06-16
血猎手套,久经沙场,★,42447,血猎手套（★） | 染铜,52,504.83,685.36,1.36,2024-06-16
血猎手套,久经沙场,★,42458,血猎手套（★） | 蛇咬,62,493.5,694.36,1.41,2024-06-16
血猎手套,久经沙场,★,42455,血猎手套（★） | 游击队,80,490.49,710.97,1.45,2024-06-16
血猎手套,破损不堪,★,43954,血猎手套（★） | 游击队,3,469.5,726.13,1.55,2024-06-16
血猎手套,战痕累累,★,42457,血猎手套（★） | 蛇咬,10,469.49,623.04,1.33,2024-06-16
血猎手套,破损不堪,★,42449,血猎手套（★） | 染铜,11,458.49,673.46,1.47,2024-06-16
血猎手套,战痕累累,★,42454,血猎手套（★） | 游击队,13,449.5,667.44,1.48,2024-06-16
血猎手套,战痕累累,★,42446,血猎手套（★） | 染铜,14,444.5,641.69,1.44,2024-06-16
血猎手套,崭新出厂,★,45547,血猎手套（★） | 染铜,1,248888.38,4582.2,0.02,2024-06-16
血猎手套,崭新出厂,★,45453,血猎手套（★） | 焦炭,3,6484.49,5303.98,0.82,2024-06-16
血猎手套,崭新出厂,★,756175,血猎手套（★） | 蛇咬,3,3786.5,11611.09,3.07,2024-06-16
血猎手套,崭新出厂,★,755937,血猎手套（★） | 游击队,2,2899.5,3945.81,1.36,2024-06-16
血猎手套,略有磨损,★,42452,血猎手套（★） | 焦炭,40,1619.5,2297.3,1.42,2024-06-16
血猎手套,略有磨损,★,42459,血猎手套（★） | 蛇咬,45,849.5,1536.2,1.81,2024-06-16
血猎手套,久经沙场,★,42451,血猎手套（★） | 焦炭,42,844.5,1308.19,1.55,2024-06-16
血猎手套,破损不堪,★,42453,血猎手套（★） | 焦炭,10,758.5,1023.72,1.35,2024-06-16
血猎手套,略有磨损,★,42448,血猎手套（★） | 染铜,48,740.47,1168.82,1.58,2024-06-16
血猎手套,战痕累累,★,42450,血猎手套（★） | 焦炭,8,739.5,1343.73,1.82,2024-06-16
血猎手套,略有磨损,★,42456,血猎手套（★） | 游击队,40,682.5,1051.51,1.54,2024-06-16
血猎手套,破损不堪,★,42460,血猎手套（★） | 蛇咬,6,506.5,667.22,1.32,2024-06-16
血猎手套,久经沙场,★,42447,血猎手套（★） | 染铜,52,504.83,685.36,1.36,2024-06-16
血猎手套,久经沙场,★,42458,血猎手套（★） | 蛇咬,62,493.5,694.36,1.41,2024-06-16
血猎手套,久经沙场,★,42455,血猎手套（★） | 游击队,80,490.49,710.97,1.45,2024-06-16
血猎手套,破损不堪,★,43954,血猎手套（★） | 游击队,3,469.5,726.13,1.55,2024-06-16
血猎手套,战痕累累,★,42457,血猎手套（★） | 蛇咬,10,469.49,623.04,1.33,2024-06-16
血猎手套,破损不堪,★,42449,血猎手套（★） | 染铜,11,458.49,673.46,1.47,2024-06-16
血猎手套,战痕累累,★,42454,血猎手套（★） | 游击队,13,449.5,667.44,1.48,2024-06-16
血猎手套,战痕累累,★,42446,血猎手套（★） | 染铜,14,444.5,641.69,1.44,2024-06-16
血猎手套,崭新出厂,★,45453,血猎手套（★） | 焦炭,3,6477.99,5304.0,0.82,2024-06-20
血猎手套,崭新出厂,★,45547,血猎手套（★） | 染铜,1,4999.5,6496.53,1.3,2024-06-20
血猎手套,崭新出厂,★,756175,血猎手套（★） | 蛇咬,4,3749.5,11692.47,3.12,2024-06-20
血猎手套,崭新出厂,★,755937,血猎手套（★） | 游击队,3,2899.5,3964.57,1.37,2024-06-20
血猎手套,略有磨损,★,42452,血猎手套（★） | 焦炭,43,1617.8,2616.95,1.62,2024-06-20
血猎手套,略有磨损,★,42459,血猎手套（★） | 蛇咬,47,841.49,1387.4,1.65,2024-06-20
血猎手套,久经沙场,★,42451,血猎手套（★） | 焦炭,47,827.5,1276.43,1.54,2024-06-20
血猎手套,破损不堪,★,42453,血猎手套（★） | 焦炭,10,757,1207.2,1.59,2024-06-20
血猎手套,略有磨损,★,42448,血猎手套（★） | 染铜,49,739.89,1199.14,1.62,2024-06-20
血猎手套,战痕累累,★,42450,血猎手套（★） | 焦炭,11,731,1233.9,1.69,2024-06-20
血猎手套,略有磨损,★,42456,血猎手套（★） | 游击队,40,678,1039.26,1.53,2024-06-20
血猎手套,破损不堪,★,43954,血猎手套（★） | 游击队,2,599.5,707.23,1.18,2024-06-20
血猎手套,久经沙场,★,42455,血猎手套（★） | 游击队,78,507.9,672.4,1.32,2024-06-20
血猎手套,久经沙场,★,42447,血猎手套（★） | 染铜,54,499.5,736.19,1.47,2024-06-20
血猎手套,久经沙场,★,42458,血猎手套（★） | 蛇咬,58,499.4,761.95,1.53,2024-06-20
血猎手套,破损不堪,★,42460,血猎手套（★） | 蛇咬,8,487.5,697.44,1.43,2024-06-20
血猎手套,战痕累累,★,42457,血猎手套（★） | 蛇咬,8,487.5,660.57,1.36,2024-06-20
血猎手套,破损不堪,★,42449,血猎手套（★） | 染铜,10,452.97,653.17,1.44,2024-06-20
血猎手套,战痕累累,★,42454,血猎手套（★） | 游击队,14,446.39,645.4,1.45,2024-06-20
血猎手套,战痕累累,★,42446,血猎手套（★） | 染铜,12,444.4,645.55,1.45,2024-06-20
血猎手套,崭新出厂,★,45453,血猎手套（★） | 焦炭,3,6477.99,5304.0,0.82,2024-06-20
血猎手套,崭新出厂,★,45547,血猎手套（★） | 染铜,1,4999.5,6496.53,1.3,2024-06-20
血猎手套,崭新出厂,★,756175,血猎手套（★） | 蛇咬,4,3749.5,11692.47,3.12,2024-06-20
血猎手套,崭新出厂,★,755937,血猎手套（★） | 游击队,3,2899.5,3964.57,1.37,2024-06-20
血猎手套,略有磨损,★,42452,血猎手套（★） | 焦炭,43,1617.8,2616.95,1.62,2024-06-20
血猎手套,略有磨损,★,42459,血猎手套（★） | 蛇咬,47,841.49,1387.4,1.65,2024-06-20
血猎手套,久经沙场,★,42451,血猎手套（★） | 焦炭,47,827.5,1276.43,1.54,2024-06-20
血猎手套,破损不堪,★,42453,血猎手套（★） | 焦炭,10,757,1219.32,1.61,2024-06-20
血猎手套,略有磨损,★,42448,血猎手套（★） | 染铜,49,739.89,1226.65,1.66,2024-06-20
血猎手套,战痕累累,★,42450,血猎手套（★） | 焦炭,11,731,1233.98,1.69,2024-06-20
血猎手套,略有磨损,★,42456,血猎手套（★） | 游击队,40,678,1039.26,1.53,2024-06-20
血猎手套,破损不堪,★,43954,血猎手套（★） | 游击队,2,599.5,707.23,1.18,2024-06-20
血猎手套,久经沙场,★,42455,血猎手套（★） | 游击队,78,507.9,672.4,1.32,2024-06-20
血猎手套,久经沙场,★,42447,血猎手套（★） | 染铜,54,499.5,736.19,1.47,2024-06-20
血猎手套,久经沙场,★,42458,血猎手套（★） | 蛇咬,58,499.4,761.95,1.53,2024-06-20
血猎手套,破损不堪,★,42460,血猎手套（★） | 蛇咬,8,487.5,697.44,1.43,2024-06-20
血猎手套,战痕累累,★,42457,血猎手套（★） | 蛇咬,8,487.5,660.57,1.36,2024-06-20
血猎手套,破损不堪,★,42449,血猎手套（★） | 染铜,10,452.97,653.17,1.44,2024-06-20
血猎手套,战痕累累,★,42454,血猎手套（★） | 游击队,14,446.39,645.4,1.45,2024-06-20
血猎手套,战痕累累,★,42446,血猎手套（★） | 染铜,12,444.4,645.55,1.45,2024-06-20
血猎手套,崭新出厂,★,45453,血猎手套（★） | 焦炭,3,6477.99,5304.0,0.82,2024-06-20
血猎手套,崭新出厂,★,45547,血猎手套（★） | 染铜,1,4999.5,6496.53,1.3,2024-06-20
血猎手套,崭新出厂,★,756175,血猎手套（★） | 蛇咬,4,3749.5,11692.47,3.12,2024-06-20
血猎手套,崭新出厂,★,755937,血猎手套（★） | 游击队,3,2899.5,3964.57,1.37,2024-06-20
血猎手套,略有磨损,★,42452,血猎手套（★） | 焦炭,43,1617.8,2616.95,1.62,2024-06-20
血猎手套,略有磨损,★,42459,血猎手套（★） | 蛇咬,47,841.49,1387.4,1.65,2024-06-20
血猎手套,久经沙场,★,42451,血猎手套（★） | 焦炭,47,827.5,1276.43,1.54,2024-06-20
血猎手套,破损不堪,★,42453,血猎手套（★） | 焦炭,10,757,1207.2,1.59,2024-06-20
血猎手套,略有磨损,★,42448,血猎手套（★） | 染铜,49,739.89,1226.65,1.66,2024-06-20
血猎手套,战痕累累,★,42450,血猎手套（★） | 焦炭,11,731,1233.9,1.69,2024-06-20
血猎手套,略有磨损,★,42456,血猎手套（★） | 游击队,40,678,1039.26,1.53,2024-06-20
血猎手套,破损不堪,★,43954,血猎手套（★） | 游击队,2,599.5,707.23,1.18,2024-06-20
血猎手套,久经沙场,★,42455,血猎手套（★） | 游击队,78,507.9,672.4,1.32,2024-06-20
血猎手套,久经沙场,★,42447,血猎手套（★） | 染铜,54,499.5,736.19,1.47,2024-06-20
血猎手套,久经沙场,★,42458,血猎手套（★） | 蛇咬,58,499.4,761.95,1.53,2024-06-20
血猎手套,破损不堪,★,42460,血猎手套（★） | 蛇咬,8,487.5,697.44,1.43,2024-06-20
血猎手套,战痕累累,★,42457,血猎手套（★） | 蛇咬,8,487.5,660.57,1.36,2024-06-20
血猎手套,破损不堪,★,42449,血猎手套（★） | 染铜,10,452.97,653.17,1.44,2024-06-20
血猎手套,战痕累累,★,42454,血猎手套（★） | 游击队,14,446.39,645.4,1.45,2024-06-20
血猎手套,战痕累累,★,42446,血猎手套（★） | 染铜,12,444.4,645.55,1.45,2024-06-20
血猎手套,崭新出厂,★,45453,血猎手套（★） | 焦炭,3,6477.99,5304.0,0.82,2024-06-20
血猎手套,崭新出厂,★,45547,血猎手套（★） | 染铜,1,4999.5,6496.53,1.3,2024-06-20
血猎手套,崭新出厂,★,756175,血猎手套（★） | 蛇咬,4,3749.5,11692.47,3.12,2024-06-20
血猎手套,崭新出厂,★,755937,血猎手套（★） | 游击队,3,2899.5,3964.57,1.37,2024-06-20
血猎手套,略有磨损,★,42452,血猎手套（★） | 焦炭,43,1617.8,2616.95,1.62,2024-06-20
血猎手套,略有磨损,★,42459,血猎手套（★） | 蛇咬,47,841.49,1387.4,1.65,2024-06-20
血猎手套,久经沙场,★,42451,血猎手套（★） | 焦炭,47,827.5,1276.43,1.54,2024-06-20
血猎手套,破损不堪,★,42453,血猎手套（★） | 焦炭,10,757,1219.32,1.61,2024-06-20
血猎手套,略有磨损,★,42448,血猎手套（★） | 染铜,49,739.89,1199.14,1.62,2024-06-20
血猎手套,战痕累累,★,42450,血猎手套（★） | 焦炭,11,731,1233.9,1.69,2024-06-20
血猎手套,略有磨损,★,42456,血猎手套（★） | 游击队,40,678,1039.26,1.53,2024-06-20
血猎手套,破损不堪,★,43954,血猎手套（★） | 游击队,2,599.5,707.23,1.18,2024-06-20
血猎手套,久经沙场,★,42455,血猎手套（★） | 游击队,78,507.9,672.4,1.32,2024-06-20
血猎手套,久经沙场,★,42447,血猎手套（★） | 染铜,54,499.5,736.19,1.47,2024-06-20
血猎手套,久经沙场,★,42458,血猎手套（★） | 蛇咬,58,499.4,761.95,1.53,2024-06-20
血猎手套,破损不堪,★,42460,血猎手套（★） | 蛇咬,8,487.5,697.44,1.43,2024-06-20
血猎手套,战痕累累,★,42457,血猎手套（★） | 蛇咬,8,487.5,660.57,1.36,2024-06-20
血猎手套,破损不堪,★,42449,血猎手套（★） | 染铜,10,452.97,653.17,1.44,2024-06-20
血猎手套,战痕累累,★,42454,血猎手套（★） | 游击队,14,446.39,645.4,1.45,2024-06-20
血猎手套,战痕累累,★,42446,血猎手套（★） | 染铜,12,444.4,645.55,1.45,2024-06-20
血猎手套,崭新出厂,★,45453,血猎手套（★） | 焦炭,3,6477.99,5304.0,0.82,2024-06-20
血猎手套,崭新出厂,★,45547,血猎手套（★） | 染铜,1,4999.5,6496.53,1.3,2024-06-20
血猎手套,崭新出厂,★,756175,血猎手套（★） | 蛇咬,4,3749.5,11692.47,3.12,2024-06-20
血猎手套,崭新出厂,★,755937,血猎手套（★） | 游击队,3,2899.5,3964.57,1.37,2024-06-20
血猎手套,略有磨损,★,42452,血猎手套（★） | 焦炭,43,1617.8,2616.95,1.62,2024-06-20
血猎手套,略有磨损,★,42459,血猎手套（★） | 蛇咬,47,841.49,1387.4,1.65,2024-06-20
血猎手套,久经沙场,★,42451,血猎手套（★） | 焦炭,47,827.5,1276.43,1.54,2024-06-20
血猎手套,破损不堪,★,42453,血猎手套（★） | 焦炭,10,757,1207.2,1.59,2024-06-20
血猎手套,略有磨损,★,42448,血猎手套（★） | 染铜,49,739.89,1199.14,1.62,2024-06-20
血猎手套,战痕累累,★,42450,血猎手套（★） | 焦炭,11,731,1233.9,1.69,2024-06-20
血猎手套,略有磨损,★,42456,血猎手套（★） | 游击队,40,678,1039.26,1.53,2024-06-20
血猎手套,破损不堪,★,43954,血猎手套（★） | 游击队,2,599.5,707.23,1.18,2024-06-20
血猎手套,久经沙场,★,42455,血猎手套（★） | 游击队,78,507.9,672.4,1.32,2024-06-20
血猎手套,久经沙场,★,42447,血猎手套（★） | 染铜,54,499.5,736.19,1.47,2024-06-20
血猎手套,久经沙场,★,42458,血猎手套（★） | 蛇咬,58,499.4,761.95,1.53,2024-06-20
血猎手套,破损不堪,★,42460,血猎手套（★） | 蛇咬,8,487.5,697.44,1.43,2024-06-20
血猎手套,战痕累累,★,42457,血猎手套（★） | 蛇咬,8,487.5,660.57,1.36,2024-06-20
血猎手套,破损不堪,★,42449,血猎手套（★） | 染铜,10,452.97,653.17,1.44,2024-06-20
血猎手套,战痕累累,★,42454,血猎手套（★） | 游击队,14,446.39,645.4,1.45,2024-06-20
血猎手套,战痕累累,★,42446,血猎手套（★） | 染铜,12,444.4,645.55,1.45,2024-06-20
血猎手套,崭新出厂,★,45453,血猎手套（★） | 焦炭,3,6477.99,5304.0,0.82,2024-06-20
血猎手套,崭新出厂,★,45547,血猎手套（★） | 染铜,1,4999.5,6496.53,1.3,2024-06-20
血猎手套,崭新出厂,★,756175,血猎手套（★） | 蛇咬,4,3749.5,11692.47,3.12,2024-06-20
血猎手套,崭新出厂,★,755937,血猎手套（★） | 游击队,3,2899.5,3964.57,1.37,2024-06-20
血猎手套,略有磨损,★,42452,血猎手套（★） | 焦炭,43,1617.8,2616.95,1.62,2024-06-20
血猎手套,略有磨损,★,42459,血猎手套（★） | 蛇咬,47,841.49,1387.4,1.65,2024-06-20
血猎手套,久经沙场,★,42451,血猎手套（★） | 焦炭,47,827.5,1276.43,1.54,2024-06-20
血猎手套,破损不堪,★,42453,血猎手套（★） | 焦炭,10,757,1207.2,1.59,2024-06-20
血猎手套,略有磨损,★,42448,血猎手套（★） | 染铜,49,739.89,1199.14,1.62,2024-06-20
血猎手套,战痕累累,★,42450,血猎手套（★） | 焦炭,11,731,1233.9,1.69,2024-06-20
血猎手套,略有磨损,★,42456,血猎手套（★） | 游击队,40,678,1039.26,1.53,2024-06-20
血猎手套,破损不堪,★,43954,血猎手套（★） | 游击队,2,599.5,707.23,1.18,2024-06-20
血猎手套,久经沙场,★,42455,血猎手套（★） | 游击队,78,507.9,672.4,1.32,2024-06-20
血猎手套,久经沙场,★,42447,血猎手套（★） | 染铜,54,499.5,736.19,1.47,2024-06-20
血猎手套,久经沙场,★,42458,血猎手套（★） | 蛇咬,58,499.4,761.95,1.53,2024-06-20
血猎手套,破损不堪,★,42460,血猎手套（★） | 蛇咬,8,487.5,697.44,1.43,2024-06-20
血猎手套,战痕累累,★,42457,血猎手套（★） | 蛇咬,8,487.5,660.57,1.36,2024-06-20
血猎手套,破损不堪,★,42449,血猎手套（★） | 染铜,10,452.97,653.17,1.44,2024-06-20
血猎手套,战痕累累,★,42454,血猎手套（★） | 游击队,14,446.39,645.4,1.45,2024-06-20
血猎手套,战痕累累,★,42446,血猎手套（★） | 染铜,12,444.4,645.55,1.45,2024-06-20
