MAC-10,崭新出厂,StatTrak™,776577,MAC-10（StatTrak™） | 潜行者,8,1999.5,7071.04,3.54,2024-06-17
MAC-10,崭新出厂,普通,835964,MAC-10 | 狂蟒之灾,71,1619.5,2322.19,1.43,2024-06-17
MAC-10,战痕累累,普通,776790,MAC-10 | 绯红镂刻,1,1199.5,1183.91,0.99,2024-06-17
MAC-10,略有磨损,普通,835911,MAC-10 | 狂蟒之灾,42,1089.5,1780.4,1.63,2024-06-17
MAC-10,破损不堪,纪念品,37746,MAC-10（纪念品） | 渐变琥珀,5,999.5,1819.94,1.82,2024-06-17
MAC-10,战痕累累,普通,836033,MAC-10 | 狂蟒之灾,7,818.38,1149.74,1.4,2024-06-17
MAC-10,破损不堪,普通,835784,MAC-10 | 狂蟒之灾,17,799.5,1148.14,1.44,2024-06-17
MAC-10,崭新出厂,普通,775401,MAC-10 | 赤金锁链,16,799.5,1097.65,1.37,2024-06-17
MAC-10,略有磨损,普通,775993,MAC-10 | 赤金锁链,6,787.6,1716.41,2.18,2024-06-17
MAC-10,久经沙场,普通,774912,MAC-10 | 赤金锁链,5,768.49,1106.57,1.44,2024-06-17
MAC-10,战痕累累,普通,776107,MAC-10 | 赤金锁链,2,749.5,2023.22,2.7,2024-06-17
MAC-10,崭新出厂,StatTrak™,38924,MAC-10（StatTrak™） | 不可磨灭,8,748.5,1098.74,1.47,2024-06-17
MAC-10,久经沙场,普通,835930,MAC-10 | 狂蟒之灾,70,744.4,1363.9,1.83,2024-06-17
MAC-10,崭新出厂,普通,775958,MAC-10 | 绯红镂刻,39,698.4,969.97,1.39,2024-06-17
MAC-10,略有磨损,普通,776200,MAC-10 | 绯红镂刻,13,659.5,1112.67,1.69,2024-06-17
MAC-10,崭新出厂,StatTrak™,38967,MAC-10（StatTrak™） | 致命紫罗兰,11,598.5,1042.88,1.74,2024-06-17
MAC-10,久经沙场,普通,775951,MAC-10 | 绯红镂刻,9,584.97,765.02,1.31,2024-06-17
MAC-10,崭新出厂,普通,871665,MAC-10 | 表面淬火,157,560.3,768.07,1.37,2024-06-17
MAC-10,破损不堪,普通,871573,MAC-10 | 表面淬火,33,519.49,699.22,1.35,2024-06-17
MAC-10,略有磨损,普通,871534,MAC-10 | 表面淬火,131,512.96,739.19,1.44,2024-06-17
MAC-10,久经沙场,普通,871222,MAC-10 | 表面淬火,123,508,681.23,1.34,2024-06-17
MAC-10,战痕累累,普通,871459,MAC-10 | 表面淬火,15,496.5,809.27,1.63,2024-06-17
MAC-10,略有磨损,StatTrak™,776649,MAC-10（StatTrak™） | 潜行者,29,479,699.22,1.46,2024-06-17
MAC-10,崭新出厂,普通,835860,MAC-10 | 金砖,105,406.99,535.26,1.32,2024-06-17
MAC-10,崭新出厂,纪念品,877182,MAC-10（纪念品） | 表面淬火,31,397,681.23,1.72,2024-06-17
MAC-10,崭新出厂,普通,776054,MAC-10 | 潜行者,48,374.5,577.77,1.54,2024-06-17
MAC-10,崭新出厂,纪念品,877102,MAC-10（纪念品） | 金砖,50,348.5,449.43,1.29,2024-06-17
MAC-10,略有磨损,StatTrak™,38926,MAC-10（StatTrak™） | 不可磨灭,9,343.1,465.61,1.36,2024-06-17
MAC-10,久经沙场,StatTrak™,38925,MAC-10（StatTrak™） | 不可磨灭,13,328.5,399.59,1.22,2024-06-17
MAC-10,破损不堪,普通,836020,MAC-10 | 金砖,1,319.5,7254.8,22.71,2024-06-17
MAC-10,略有磨损,普通,835821,MAC-10 | 金砖,27,314,453.57,1.44,2024-06-17
MAC-10,破损不堪,StatTrak™,38927,MAC-10（StatTrak™） | 不可磨灭,2,299.49,400.61,1.34,2024-06-17
MAC-10,略有磨损,普通,35384,MAC-10 | 渐变之色,11,294.4,375.0,1.27,2024-06-17
MAC-10,战痕累累,StatTrak™,38923,MAC-10（StatTrak™） | 不可磨灭,3,289.5,391.76,1.35,2024-06-17
MAC-10,战痕累累,普通,35378,MAC-10 | 诅咒,2,286.49,88.8,0.31,2024-06-17
MAC-10,久经沙场,普通,835865,MAC-10 | 金砖,17,283.68,391.54,1.38,2024-06-17
MAC-10,战痕累累,普通,836002,MAC-10 | 金砖,5,275.25,363.97,1.32,2024-06-17
MAC-10,崭新出厂,纪念品,37751,MAC-10（纪念品） | 紫青之色,24,259,500.58,1.93,2024-06-17
MAC-10,崭新出厂,普通,871288,MAC-10 | 凝视之眼,94,251.9,325.09,1.29,2024-06-17
MAC-10,久经沙场,StatTrak™,776262,MAC-10（StatTrak™） | 潜行者,28,251.3,369.41,1.47,2024-06-17
MAC-10,崭新出厂,纪念品,37756,MAC-10（纪念品） | 核子花园,103,249,398.14,1.6,2024-06-17
MAC-10,崭新出厂,StatTrak™,871819,MAC-10（StatTrak™） | 玩具盒子,10,246.5,386.25,1.57,2024-06-17
MAC-10,崭新出厂,StatTrak™,779328,MAC-10（StatTrak™） | 渐变迪斯科,103,238,324.65,1.36,2024-06-17
MAC-10,略有磨损,普通,871127,MAC-10 | 凝视之眼,44,219.5,294.18,1.34,2024-06-17
MAC-10,崭新出厂,StatTrak™,38947,MAC-10（StatTrak™） | 霓虹骑士,97,219.3,309.63,1.41,2024-06-17
MAC-10,崭新出厂,普通,35386,MAC-10 | 不可磨灭,16,217.5,346.34,1.59,2024-06-17
MAC-10,崭新出厂,普通,35383,MAC-10 | 渐变之色,632,204.49,273.94,1.34,2024-06-17
MAC-10,战痕累累,StatTrak™,38918,MAC-10（StatTrak™） | 诅咒,1,198,485.27,2.45,2024-06-17
MAC-10,久经沙场,普通,871129,MAC-10 | 凝视之眼,35,196,253.92,1.3,2024-06-17
MAC-10,破损不堪,普通,35365,MAC-10 | 渐变琥珀,2,180.78,177.31,0.98,2024-06-17
MAC-10,略有磨损,普通,35388,MAC-10 | 不可磨灭,12,178.77,235.42,1.32,2024-06-17
MAC-10,破损不堪,StatTrak™,776457,MAC-10（StatTrak™） | 潜行者,6,177.97,235.71,1.32,2024-06-17
MAC-10,崭新出厂,普通,35450,MAC-10 | 致命紫罗兰,10,175.5,280.54,1.6,2024-06-17
MAC-10,破损不堪,普通,35389,MAC-10 | 不可磨灭,1,174.25,213.94,1.23,2024-06-17
MAC-10,破损不堪,普通,871791,MAC-10 | 凝视之眼,7,174,249.57,1.43,2024-06-17
MAC-10,崭新出厂,普通,35374,MAC-10 | 通勤者皮革,9,173.5,227.29,1.31,2024-06-17
MAC-10,久经沙场,普通,35387,MAC-10 | 不可磨灭,23,169.38,214.52,1.27,2024-06-17
MAC-10,崭新出厂,普通,35445,MAC-10 | 狂哮飓风,7,168.9,311.59,1.84,2024-06-17
MAC-10,崭新出厂,普通,35396,MAC-10 | 紫青之色,19,168.8,224.46,1.33,2024-06-17
MAC-10,战痕累累,普通,871619,MAC-10 | 凝视之眼,13,167.3,195.73,1.17,2024-06-17
MAC-10,崭新出厂,普通,35455,MAC-10 | 都市 DDPAT,5,166.16,170.42,1.03,2024-06-17
MAC-10,略有磨损,纪念品,877081,MAC-10（纪念品） | 金砖,57,160.29,222.5,1.39,2024-06-17
MAC-10,战痕累累,普通,35385,MAC-10 | 不可磨灭,6,159,195.73,1.23,2024-06-17
MAC-10,战痕累累,StatTrak™,776705,MAC-10（StatTrak™） | 潜行者,15,154.5,206.18,1.33,2024-06-17
MAC-10,崭新出厂,纪念品,37743,MAC-10（纪念品） | 渐变琥珀,142,146.29,194.94,1.33,2024-06-17
MAC-10,略有磨损,StatTrak™,38949,MAC-10（StatTrak™） | 霓虹骑士,51,138.5,184.56,1.33,2024-06-17
MAC-10,略有磨损,普通,775979,MAC-10 | 潜行者,159,132.42,174.33,1.32,2024-06-17
MAC-10,崭新出厂,StatTrak™,38962,MAC-10（StatTrak™） | 烧尽,27,123.41,164.68,1.33,2024-06-17
MAC-10,崭新出厂,StatTrak™,38919,MAC-10（StatTrak™） | 诅咒,24,119.5,165.77,1.39,2024-06-17
MAC-10,崭新出厂,纪念品,37761,MAC-10（纪念品） | 棕榈色,10,118.5,571.03,4.82,2024-06-17
MAC-10,破损不堪,StatTrak™,38950,MAC-10（StatTrak™） | 霓虹骑士,5,115.9,119.34,1.03,2024-06-17
MAC-10,崭新出厂,普通,35362,MAC-10 | 渐变琥珀,35,109.49,146.91,1.34,2024-06-17
MAC-10,破损不堪,StatTrak™,38922,MAC-10（StatTrak™） | 诅咒,2,108.5,139.73,1.29,2024-06-17
MAC-10,略有磨损,普通,35364,MAC-10 | 渐变琥珀,20,106.1,138.2,1.3,2024-06-17
MAC-10,略有磨损,StatTrak™,871872,MAC-10（StatTrak™） | 玩具盒子,20,104.6,160.26,1.53,2024-06-17
MAC-10,略有磨损,纪念品,877193,MAC-10（纪念品） | 表面淬火,184,102.59,149.74,1.46,2024-06-17
MAC-10,略有磨损,StatTrak™,38921,MAC-10（StatTrak™） | 诅咒,14,102.5,128.85,1.26,2024-06-17
MAC-10,久经沙场,普通,35363,MAC-10 | 渐变琥珀,14,101.84,130.22,1.28,2024-06-17
MAC-10,略有磨损,纪念品,37745,MAC-10（纪念品） | 渐变琥珀,118,101.3,138.78,1.37,2024-06-17
MAC-10,略有磨损,StatTrak™,38964,MAC-10（StatTrak™） | 烧尽,8,99.84,123.26,1.23,2024-06-17
MAC-10,久经沙场,纪念品,37744,MAC-10（纪念品） | 渐变琥珀,118,95.4,130.51,1.37,2024-06-17
MAC-10,久经沙场,StatTrak™,38948,MAC-10（StatTrak™） | 霓虹骑士,67,94.25,136.25,1.45,2024-06-17
MAC-10,战痕累累,StatTrak™,38961,MAC-10（StatTrak™） | 烧尽,3,87.78,103.53,1.18,2024-06-17
MAC-10,久经沙场,StatTrak™,38920,MAC-10（StatTrak™） | 诅咒,15,86.58,111.0,1.28,2024-06-17
MAC-10,崭新出厂,StatTrak™,43924,MAC-10（StatTrak™） | 炽热,44,85.9,131.53,1.53,2024-06-17
MAC-10,崭新出厂,普通,871431,MAC-10 | 玩具盒子,82,83.8,112.67,1.34,2024-06-17
MAC-10,久经沙场,StatTrak™,38963,MAC-10（StatTrak™） | 烧尽,8,83.72,114.41,1.37,2024-06-17
MAC-10,破损不堪,StatTrak™,38965,MAC-10（StatTrak™） | 烧尽,2,83.52,108.46,1.3,2024-06-17
MAC-10,崭新出厂,纪念品,37747,MAC-10（纪念品） | 红苹果,272,83.3,107.88,1.3,2024-06-17
MAC-10,久经沙场,普通,35375,MAC-10 | 通勤者皮革,2,78.86,88.94,1.13,2024-06-17
MAC-10,崭新出厂,普通,779263,MAC-10 | 渐变迪斯科,561,77.73,104.76,1.35,2024-06-17
MAC-10,略有磨损,纪念品,37758,MAC-10（纪念品） | 核子花园,192,76.98,109.84,1.43,2024-06-17
MAC-10,破损不堪,普通,35377,MAC-10 | 通勤者皮革,3,76.85,78.93,1.03,2024-06-17
MAC-10,久经沙场,纪念品,877038,MAC-10（纪念品） | 金砖,100,73.68,101.06,1.37,2024-06-17
MAC-10,略有磨损,普通,35376,MAC-10 | 通勤者皮革,10,71.84,99.83,1.39,2024-06-17
MAC-10,破损不堪,纪念品,37759,MAC-10（纪念品） | 核子花园,8,71.44,135.81,1.9,2024-06-17
MAC-10,略有磨损,StatTrak™,779365,MAC-10（StatTrak™） | 渐变迪斯科,185,70.7,100.48,1.42,2024-06-17
MAC-10,崭新出厂,普通,35440,MAC-10 | 烧尽,32,69.59,91.77,1.32,2024-06-17
MAC-10,崭新出厂,普通,35379,MAC-10 | 诅咒,27,69.1,91.27,1.32,2024-06-17
MAC-10,久经沙场,纪念品,877191,MAC-10（纪念品） | 表面淬火,232,66.2,94.31,1.42,2024-06-17
MAC-10,破损不堪,纪念品,877042,MAC-10（纪念品） | 金砖,8,65.9,101.57,1.54,2024-06-17
MAC-10,久经沙场,普通,775782,MAC-10 | 潜行者,266,65.44,91.92,1.4,2024-06-17
MAC-10,崭新出厂,普通,35414,MAC-10 | 霓虹骑士,511,64.39,88.22,1.37,2024-06-17
MAC-10,战痕累累,纪念品,877100,MAC-10（纪念品） | 金砖,15,64.37,88.0,1.37,2024-06-17
MAC-10,破损不堪,普通,35443,MAC-10 | 烧尽,2,63.58,76.54,1.2,2024-06-17
MAC-10,略有磨损,普通,35442,MAC-10 | 烧尽,36,59.78,77.12,1.29,2024-06-17
MAC-10,崭新出厂,普通,35419,MAC-10 | 核子花园,143,59.58,91.92,1.54,2024-06-17
MAC-10,略有磨损,普通,35381,MAC-10 | 诅咒,34,58.94,74.51,1.26,2024-06-17
MAC-10,略有磨损,StatTrak™,38930,MAC-10（StatTrak™） | 炽热,34,55.9,71.17,1.27,2024-06-17
MAC-10,破损不堪,纪念品,877214,MAC-10（纪念品） | 表面淬火,137,54.74,78.13,1.43,2024-06-17
MAC-10,久经沙场,普通,35380,MAC-10 | 诅咒,17,54.49,74.29,1.36,2024-06-17
MAC-10,破损不堪,普通,35382,MAC-10 | 诅咒,4,53.89,89.38,1.66,2024-06-17
MAC-10,久经沙场,普通,35441,MAC-10 | 烧尽,11,53.88,70.95,1.32,2024-06-17
MAC-10,战痕累累,普通,35439,MAC-10 | 烧尽,8,53.16,82.63,1.55,2024-06-17
MAC-10,崭新出厂,StatTrak™,38938,MAC-10（StatTrak™） | 绝界之行,56,50.8,47.95,0.94,2024-06-17
MAC-10,破损不堪,StatTrak™,871842,MAC-10（StatTrak™） | 玩具盒子,5,50.55,43.67,0.86,2024-06-17
MAC-10,战痕累累,纪念品,877201,MAC-10（纪念品） | 表面淬火,93,49.9,76.1,1.53,2024-06-17
MAC-10,战痕累累,普通,35454,MAC-10 | 都市 DDPAT,5,49.88,21.98,0.44,2024-06-17
MAC-10,崭新出厂,StatTrak™,38943,MAC-10（StatTrak™） | 孔雀石,92,47.8,64.79,1.36,2024-06-17
MAC-10,略有磨损,普通,35421,MAC-10 | 核子花园,83,46.9,70.44,1.5,2024-06-17
MAC-10,破损不堪,普通,776026,MAC-10 | 潜行者,59,46.6,63.7,1.37,2024-06-17
MAC-10,久经沙场,StatTrak™,871792,MAC-10（StatTrak™） | 玩具盒子,39,46.01,74.29,1.61,2024-06-17
MAC-10,战痕累累,普通,775405,MAC-10 | 潜行者,47,41.9,57.24,1.37,2024-06-17
MAC-10,久经沙场,纪念品,37757,MAC-10（纪念品） | 核子花园,307,41.3,56.01,1.36,2024-06-17
MAC-10,略有磨损,普通,35416,MAC-10 | 霓虹骑士,682,40.89,56.37,1.38,2024-06-17
MAC-10,崭新出厂,纪念品,772925,MAC-10（纪念品） | 都市 DDPAT,31,38.96,64.64,1.66,2024-06-17
MAC-10,久经沙场,普通,35420,MAC-10 | 核子花园,45,38.8,52.31,1.35,2024-06-17
MAC-10,崭新出厂,StatTrak™,38909,MAC-10（StatTrak™） | 阿罗哈,22,37.49,49.48,1.32,2024-06-17
MAC-10,略有磨损,普通,871603,MAC-10 | 玩具盒子,60,37.2,51.15,1.37,2024-06-17
MAC-10,略有磨损,纪念品,37749,MAC-10（纪念品） | 红苹果,224,36.9,53.03,1.44,2024-06-17
MAC-10,战痕累累,普通,35418,MAC-10 | 核子花园,6,36.7,44.4,1.21,2024-06-17
MAC-10,崭新出厂,普通,35391,MAC-10 | 炽热,83,36.4,55.57,1.53,2024-06-17
MAC-10,略有磨损,普通,35447,MAC-10 | 狂哮飓风,15,36.37,42.73,1.17,2024-06-17
MAC-10,破损不堪,普通,35422,MAC-10 | 核子花园,14,36.29,52.96,1.46,2024-06-17
MAC-10,战痕累累,StatTrak™,871789,MAC-10（StatTrak™） | 玩具盒子,11,35.17,45.85,1.3,2024-06-17
MAC-10,久经沙场,StatTrak™,779286,MAC-10（StatTrak™） | 渐变迪斯科,293,34.89,47.74,1.37,2024-06-17
MAC-10,久经沙场,普通,35415,MAC-10 | 霓虹骑士,440,34.88,45.92,1.32,2024-06-17
MAC-10,破损不堪,普通,35448,MAC-10 | 狂哮飓风,6,34.86,16.18,0.46,2024-06-17
MAC-10,崭新出厂,StatTrak™,763269,MAC-10（StatTrak™） | 销声,39,34.69,44.18,1.27,2024-06-17
MAC-10,略有磨损,StatTrak™,38969,MAC-10（StatTrak™） | 致命紫罗兰,54,34.44,55.43,1.61,2024-06-17
MAC-10,久经沙场,纪念品,37748,MAC-10（纪念品） | 红苹果,79,34.1,50.93,1.49,2024-06-17
MAC-10,略有磨损,StatTrak™,38911,MAC-10（StatTrak™） | 阿罗哈,15,33.78,46.29,1.37,2024-06-17
MAC-10,破损不堪,普通,35417,MAC-10 | 霓虹骑士,21,33.77,45.92,1.36,2024-06-17
MAC-10,略有磨损,StatTrak™,38945,MAC-10（StatTrak™） | 孔雀石,44,33.56,46.29,1.38,2024-06-17
MAC-10,崭新出厂,纪念品,761386,MAC-10（纪念品） | 小牛皮,143,32.28,45.85,1.42,2024-06-17
MAC-10,崭新出厂,普通,774751,MAC-10 | 冲浪木,114,31.9,41.21,1.29,2024-06-17
MAC-10,久经沙场,StatTrak™,38929,MAC-10（StatTrak™） | 炽热,58,31.79,40.41,1.27,2024-06-17
MAC-10,略有磨损,纪念品,37753,MAC-10（纪念品） | 紫青之色,335,31.57,42.95,1.36,2024-06-17
MAC-10,略有磨损,普通,779192,MAC-10 | 渐变迪斯科,1472,31.35,40.92,1.31,2024-06-17
MAC-10,略有磨损,普通,775067,MAC-10 | 冲浪木,27,29.57,35.19,1.19,2024-06-17
MAC-10,战痕累累,普通,774892,MAC-10 | 冲浪木,9,28.74,41.86,1.46,2024-06-17
MAC-10,久经沙场,普通,774806,MAC-10 | 冲浪木,57,28.67,36.42,1.27,2024-06-17
MAC-10,略有磨损,普通,35393,MAC-10 | 炽热,39,28.42,36.27,1.28,2024-06-17
MAC-10,破损不堪,普通,775649,MAC-10 | 冲浪木,16,28.33,40.41,1.43,2024-06-17
MAC-10,略有磨损,普通,35398,MAC-10 | 紫青之色,45,27.13,36.71,1.35,2024-06-17
MAC-10,久经沙场,普通,35456,MAC-10 | 都市 DDPAT,18,25.21,32.57,1.29,2024-06-17
MAC-10,久经沙场,普通,35397,MAC-10 | 紫青之色,19,24.8,29.38,1.18,2024-06-17
MAC-10,破损不堪,StatTrak™,38931,MAC-10（StatTrak™） | 炽热,20,24.62,28.87,1.17,2024-06-17
MAC-10,崭新出厂,普通,35358,MAC-10 | 阿罗哈,57,24.01,35.91,1.5,2024-06-17
MAC-10,战痕累累,StatTrak™,38928,MAC-10（StatTrak™） | 炽热,23,23.77,27.86,1.17,2024-06-17
MAC-10,破损不堪,StatTrak™,38912,MAC-10（StatTrak™） | 阿罗哈,1,23.74,35.84,1.51,2024-06-17
MAC-10,战痕累累,StatTrak™,38908,MAC-10（StatTrak™） | 阿罗哈,9,23.57,38.74,1.64,2024-06-17
MAC-10,略有磨损,普通,35360,MAC-10 | 阿罗哈,30,22.35,27.64,1.24,2024-06-17
MAC-10,战痕累累,纪念品,37755,MAC-10（纪念品） | 核子花园,50,21.99,28.58,1.3,2024-06-17
MAC-10,破损不堪,StatTrak™,779288,MAC-10（StatTrak™） | 渐变迪斯科,60,21.9,28.15,1.29,2024-06-17
MAC-10,崭新出厂,StatTrak™,781646,MAC-10（StatTrak™） | 魅惑,148,21.79,31.99,1.47,2024-06-17
MAC-10,久经沙场,StatTrak™,38910,MAC-10（StatTrak™） | 阿罗哈,23,21.5,33.81,1.57,2024-06-17
MAC-10,战痕累累,普通,35395,MAC-10 | 紫青之色,16,21.48,26.84,1.25,2024-06-17
MAC-10,破损不堪,普通,35399,MAC-10 | 紫青之色,13,21.4,29.82,1.39,2024-06-17
MAC-10,略有磨损,普通,35452,MAC-10 | 致命紫罗兰,62,20.6,30.62,1.49,2024-06-17
MAC-10,久经沙场,StatTrak™,921546,MAC-10（StatTrak™） | 错觉,1391,20.23,27.06,1.34,2024-06-17
MAC-10,久经沙场,普通,871539,MAC-10 | 玩具盒子,126,19.9,26.92,1.35,2024-06-17
MAC-10,久经沙场,StatTrak™,38944,MAC-10（StatTrak™） | 孔雀石,66,19.83,30.4,1.53,2024-06-17
MAC-10,略有磨损,StatTrak™,38940,MAC-10（StatTrak™） | 绝界之行,122,19.67,28.66,1.46,2024-06-17
MAC-10,战痕累累,普通,871727,MAC-10 | 玩具盒子,30,19.39,23.51,1.21,2024-06-17
MAC-10,崭新出厂,普通,35410,MAC-10 | 孔雀石,314,19.24,26.33,1.37,2024-06-17
MAC-10,略有磨损,普通,35457,MAC-10 | 都市 DDPAT,20,18.78,30.18,1.61,2024-06-17
MAC-10,崭新出厂,StatTrak™,857608,MAC-10（StatTrak™） | 战争手柄,74,18.59,25.61,1.38,2024-06-17
MAC-10,战痕累累,StatTrak™,38942,MAC-10（StatTrak™） | 孔雀石,14,18.28,29.02,1.59,2024-06-17
MAC-10,崭新出厂,StatTrak™,956593,MAC-10（StatTrak™） | 灯箱,91,18.21,26.92,1.48,2024-06-17
MAC-10,久经沙场,普通,35359,MAC-10 | 阿罗哈,35,17.84,22.27,1.25,2024-06-17
MAC-10,战痕累累,StatTrak™,779413,MAC-10（StatTrak™） | 渐变迪斯科,42,17.2,24.01,1.4,2024-06-17
MAC-10,崭新出厂,普通,35405,MAC-10 | 绝界之行,299,17.05,24.16,1.42,2024-06-17
MAC-10,破损不堪,普通,35458,MAC-10 | 都市 DDPAT,5,16.9,25.39,1.5,2024-06-17
MAC-10,破损不堪,普通,35361,MAC-10 | 阿罗哈,22,16.88,25.97,1.54,2024-06-17
MAC-10,久经沙场,StatTrak™,38968,MAC-10（StatTrak™） | 致命紫罗兰,71,16.74,22.93,1.37,2024-06-17
MAC-10,破损不堪,StatTrak™,38946,MAC-10（StatTrak™） | 孔雀石,16,16.53,26.48,1.6,2024-06-17
MAC-10,久经沙场,StatTrak™,38939,MAC-10（StatTrak™） | 绝界之行,71,16.49,22.13,1.34,2024-06-17
MAC-10,破损不堪,StatTrak™,38941,MAC-10（StatTrak™） | 绝界之行,17,15.93,21.47,1.35,2024-06-17
MAC-10,战痕累累,普通,35357,MAC-10 | 阿罗哈,10,15.9,22.63,1.42,2024-06-17
MAC-10,破损不堪,StatTrak™,38970,MAC-10（StatTrak™） | 致命紫罗兰,23,15.72,20.24,1.29,2024-06-17
MAC-10,破损不堪,普通,871339,MAC-10 | 玩具盒子,38,15.49,21.91,1.41,2024-06-17
MAC-10,久经沙场,普通,35392,MAC-10 | 炽热,92,15.26,19.52,1.28,2024-06-17
MAC-10,久经沙场,普通,779200,MAC-10 | 渐变迪斯科,2125,14.9,21.84,1.47,2024-06-17
MAC-10,略有磨损,纪念品,37763,MAC-10（纪念品） | 棕榈色,84,14.6,22.85,1.57,2024-06-17
MAC-10,破损不堪,普通,35394,MAC-10 | 炽热,20,14.4,17.63,1.22,2024-06-17
MAC-10,崭新出厂,StatTrak™,769489,MAC-10（StatTrak™） | 白鲑鱼,46,14.3,20.6,1.44,2024-06-17
MAC-10,战痕累累,StatTrak™,38937,MAC-10（StatTrak™） | 绝界之行,17,14.18,23.72,1.67,2024-06-17
MAC-10,战痕累累,StatTrak™,38966,MAC-10（StatTrak™） | 致命紫罗兰,22,13.42,17.05,1.27,2024-06-17
MAC-10,战痕累累,普通,35444,MAC-10 | 狂哮飓风,8,13.35,19.44,1.46,2024-06-17
MAC-10,战痕累累,普通,35390,MAC-10 | 炽热,74,13.29,17.19,1.29,2024-06-17
MAC-10,略有磨损,普通,35412,MAC-10 | 孔雀石,221,12.55,16.76,1.34,2024-06-17
MAC-10,崭新出厂,普通,763396,MAC-10 | 销声,70,12.3,15.31,1.24,2024-06-17
MAC-10,崭新出厂,StatTrak™,38933,MAC-10（StatTrak™） | 青金鳄皮,101,12.3,16.32,1.33,2024-06-17
MAC-10,崭新出厂,StatTrak™,38914,MAC-10（StatTrak™） | 捕猎者,50,12.27,18.5,1.51,2024-06-17
MAC-10,久经沙场,普通,35446,MAC-10 | 狂哮飓风,20,11.95,16.47,1.38,2024-06-17
MAC-10,破损不堪,纪念品,37754,MAC-10（纪念品） | 紫青之色,65,11.91,16.03,1.35,2024-06-17
MAC-10,久经沙场,普通,35451,MAC-10 | 致命紫罗兰,34,11.9,15.96,1.34,2024-06-17
MAC-10,破损不堪,普通,35453,MAC-10 | 致命紫罗兰,3,10.89,14.29,1.31,2024-06-17
MAC-10,破损不堪,普通,779256,MAC-10 | 渐变迪斯科,459,10.8,13.06,1.21,2024-06-17
MAC-10,略有磨损,StatTrak™,763252,MAC-10（StatTrak™） | 销声,88,10.79,15.96,1.48,2024-06-17
MAC-10,破损不堪,普通,35408,MAC-10 | 绝界之行,15,10.7,16.11,1.51,2024-06-17
MAC-10,崭新出厂,StatTrak™,38957,MAC-10（StatTrak™） | 冉吉,77,10.55,15.82,1.5,2024-06-17
MAC-10,略有磨损,普通,35407,MAC-10 | 绝界之行,242,9.86,13.42,1.36,2024-06-17
MAC-10,久经沙场,纪念品,37752,MAC-10（纪念品） | 紫青之色,839,9.79,13.13,1.34,2024-06-17
MAC-10,战痕累累,普通,35449,MAC-10 | 致命紫罗兰,31,9.02,11.68,1.29,2024-06-17
MAC-10,破损不堪,StatTrak™,921447,MAC-10（StatTrak™） | 错觉,432,8.85,11.83,1.34,2024-06-17
MAC-10,久经沙场,普通,35406,MAC-10 | 绝界之行,150,8.33,10.81,1.3,2024-06-17
MAC-10,破损不堪,纪念品,37764,MAC-10（纪念品） | 棕榈色,28,8.32,11.24,1.35,2024-06-17
MAC-10,战痕累累,普通,779254,MAC-10 | 渐变迪斯科,336,8.17,11.97,1.47,2024-06-17
MAC-10,崭新出厂,普通,781618,MAC-10 | 魅惑,423,8.13,11.68,1.44,2024-06-17
MAC-10,战痕累累,普通,35404,MAC-10 | 绝界之行,27,7.97,10.95,1.37,2024-06-17
MAC-10,略有磨损,StatTrak™,781606,MAC-10（StatTrak™） | 魅惑,204,7.89,12.19,1.54,2024-06-17
MAC-10,久经沙场,普通,35411,MAC-10 | 孔雀石,156,7.76,10.01,1.29,2024-06-17
MAC-10,略有磨损,StatTrak™,38935,MAC-10（StatTrak™） | 青金鳄皮,111,7.59,10.16,1.34,2024-06-17
MAC-10,略有磨损,StatTrak™,857665,MAC-10（StatTrak™） | 战争手柄,121,7.44,9.65,1.3,2024-06-17
MAC-10,崭新出厂,StatTrak™,773808,MAC-10（StatTrak™） | 板条箱,48,7.29,10.88,1.49,2024-06-17
MAC-10,战痕累累,纪念品,37750,MAC-10（纪念品） | 紫青之色,136,7.19,10.66,1.48,2024-06-17
MAC-10,破损不堪,普通,35413,MAC-10 | 孔雀石,6,6.99,10.01,1.43,2024-06-17
MAC-10,崭新出厂,纪念品,929081,MAC-10（纪念品） | 鸣沙,60,6.92,10.81,1.56,2024-06-17
MAC-10,战痕累累,普通,35409,MAC-10 | 孔雀石,17,6.87,10.23,1.49,2024-06-17
MAC-10,崭新出厂,普通,857667,MAC-10 | 战争手柄,185,6.8,9.65,1.42,2024-06-17
MAC-10,崭新出厂,普通,871358,MAC-10 | 策略,32,6.58,9.29,1.41,2024-06-17
MAC-10,久经沙场,普通,921475,MAC-10 | 错觉,9211,6.11,8.34,1.36,2024-06-17
MAC-10,略有磨损,StatTrak™,769126,MAC-10（StatTrak™） | 白鲑鱼,67,6.08,7.98,1.31,2024-06-17
MAC-10,久经沙场,StatTrak™,763307,MAC-10（StatTrak™） | 销声,80,5.97,7.33,1.23,2024-06-17
MAC-10,崭新出厂,StatTrak™,887013,MAC-10（StatTrak™） | 坐牢,284,5.88,9.29,1.58,2024-06-17
MAC-10,破损不堪,普通,871594,MAC-10 | 策略,6,5.68,5.95,1.05,2024-06-17
MAC-10,崭新出厂,StatTrak™,900469,MAC-10（StatTrak™） | 萌猴迷彩,105,5.69,7.98,1.4,2024-06-17
MAC-10,崭新出厂,普通,35401,MAC-10 | 青金鳄皮,326,5.45,7.04,1.29,2024-06-17
MAC-10,破损不堪,StatTrak™,763413,MAC-10（StatTrak™） | 销声,27,5.23,6.17,1.18,2024-06-17
MAC-10,略有磨损,普通,871575,MAC-10 | 策略,63,5.08,7.11,1.4,2024-06-17
MAC-10,略有磨损,StatTrak™,38959,MAC-10（StatTrak™） | 冉吉,144,5.05,6.89,1.36,2024-06-17
MAC-10,久经沙场,普通,871363,MAC-10 | 策略,25,4.89,6.67,1.36,2024-06-17
MAC-10,略有磨损,普通,33816,MAC-10 | 青金鳄皮,86,4.85,6.17,1.27,2024-06-17
MAC-10,战痕累累,普通,871506,MAC-10 | 策略,15,4.81,6.09,1.27,2024-06-17
MAC-10,略有磨损,普通,763293,MAC-10 | 销声,236,4.74,6.82,1.44,2024-06-17
MAC-10,崭新出厂,普通,871140,MAC-10 | 赭色大马士革,111,4.7,6.38,1.36,2024-06-17
MAC-10,久经沙场,普通,35402,MAC-10 | 青金鳄皮,79,4.7,6.17,1.31,2024-06-17
MAC-10,战痕累累,StatTrak™,763315,MAC-10（StatTrak™） | 销声,35,4.49,6.09,1.36,2024-06-17
MAC-10,崭新出厂,普通,956544,MAC-10 | 灯箱,241,4.37,5.51,1.26,2024-06-17
MAC-10,破损不堪,普通,35403,MAC-10 | 青金鳄皮,10,4.36,5.15,1.18,2024-06-17
MAC-10,破损不堪,StatTrak™,38936,MAC-10（StatTrak™） | 青金鳄皮,11,4.35,6.24,1.43,2024-06-17
MAC-10,久经沙场,StatTrak™,38934,MAC-10（StatTrak™） | 青金鳄皮,85,4.22,5.44,1.29,2024-06-17
MAC-10,略有磨损,普通,871083,MAC-10 | 赭色大马士革,185,4.16,5.15,1.24,2024-06-17
MAC-10,战痕累累,普通,871206,MAC-10 | 赭色大马士革,30,4.06,5.01,1.23,2024-06-17
MAC-10,崭新出厂,StatTrak™,38952,MAC-10（StatTrak™） | 海洋,312,4.06,5.88,1.45,2024-06-17
MAC-10,战痕累累,StatTrak™,38932,MAC-10（StatTrak™） | 青金鳄皮,30,4.05,4.35,1.07,2024-06-17
MAC-10,破损不堪,普通,871137,MAC-10 | 赭色大马士革,21,4.03,4.79,1.19,2024-06-17
MAC-10,战痕累累,普通,35400,MAC-10 | 青金鳄皮,9,3.99,5.01,1.26,2024-06-17
MAC-10,久经沙场,普通,871128,MAC-10 | 赭色大马士革,246,3.98,5.08,1.28,2024-06-17
MAC-10,略有磨损,普通,781589,MAC-10 | 魅惑,712,3.99,5.59,1.4,2024-06-17
MAC-10,久经沙场,StatTrak™,781644,MAC-10（StatTrak™） | 魅惑,211,3.96,5.15,1.3,2024-06-17
MAC-10,崭新出厂,普通,927349,MAC-10 | 鸣沙,243,3.79,5.37,1.42,2024-06-17
MAC-10,略有磨损,StatTrak™,956567,MAC-10（StatTrak™） | 灯箱,217,3.75,5.15,1.37,2024-06-17
MAC-10,破损不堪,StatTrak™,857560,MAC-10（StatTrak™） | 战争手柄,34,3.63,3.63,1.0,2024-06-17
MAC-10,崭新出厂,普通,769230,MAC-10 | 白鲑鱼,112,3.56,5.22,1.47,2024-06-17
MAC-10,略有磨损,纪念品,761387,MAC-10（纪念品） | 小牛皮,330,3.49,5.59,1.6,2024-06-17
MAC-10,久经沙场,纪念品,37762,MAC-10（纪念品） | 棕榈色,220,3.44,5.01,1.46,2024-06-17
MAC-10,略有磨损,普通,857565,MAC-10 | 战争手柄,212,3.29,4.5,1.37,2024-06-17
MAC-10,战痕累累,StatTrak™,38956,MAC-10（StatTrak™） | 冉吉,21,3.27,3.63,1.11,2024-06-17
MAC-10,崭新出厂,普通,35434,MAC-10 | 冉吉,216,3.27,4.14,1.27,2024-06-17
MAC-10,破损不堪,StatTrak™,781658,MAC-10（StatTrak™） | 魅惑,127,3.2,4.35,1.36,2024-06-17
MAC-10,战痕累累,StatTrak™,921566,MAC-10（StatTrak™） | 错觉,464,3.39,5.01,1.48,2024-06-17
MAC-10,战痕累累,纪念品,37760,MAC-10（纪念品） | 棕榈色,46,3.16,4.72,1.49,2024-06-17
MAC-10,略有磨损,StatTrak™,38916,MAC-10（StatTrak™） | 捕猎者,106,3.06,3.99,1.3,2024-06-17
MAC-10,久经沙场,普通,763301,MAC-10 | 销声,323,2.91,3.99,1.37,2024-06-17
MAC-10,破损不堪,StatTrak™,38960,MAC-10（StatTrak™） | 冉吉,17,2.87,3.92,1.37,2024-06-17
MAC-10,久经沙场,StatTrak™,857552,MAC-10（StatTrak™） | 战争手柄,177,2.79,4.14,1.48,2024-06-17
MAC-10,战痕累累,StatTrak™,781651,MAC-10（StatTrak™） | 魅惑,94,2.78,3.99,1.44,2024-06-17
MAC-10,破损不堪,普通,763297,MAC-10 | 销声,74,2.53,3.34,1.32,2024-06-17
MAC-10,略有磨损,纪念品,772913,MAC-10（纪念品） | 都市 DDPAT,231,2.39,3.92,1.64,2024-06-17
MAC-10,崭新出厂,普通,35369,MAC-10 | 捕猎者,122,2.38,3.55,1.49,2024-06-17
MAC-10,战痕累累,StatTrak™,857662,MAC-10（StatTrak™） | 战争手柄,65,2.29,2.97,1.3,2024-06-17
MAC-10,久经沙场,StatTrak™,38958,MAC-10（StatTrak™） | 冉吉,224,2.27,3.41,1.5,2024-06-17
MAC-10,战痕累累,普通,763360,MAC-10 | 销声,156,2.26,2.97,1.31,2024-06-17
MAC-10,久经沙场,普通,781592,MAC-10 | 魅惑,1595,2.19,3.05,1.39,2024-06-17
MAC-10,略有磨损,普通,35436,MAC-10 | 冉吉,200,2.13,2.76,1.3,2024-06-17
MAC-10,略有磨损,StatTrak™,773693,MAC-10（StatTrak™） | 板条箱,49,2.05,2.61,1.27,2024-06-17
MAC-10,略有磨损,普通,927284,MAC-10 | 鸣沙,770,2.03,2.54,1.25,2024-06-17
MAC-10,破损不堪,普通,781549,MAC-10 | 魅惑,311,1.99,2.47,1.24,2024-06-17
MAC-10,崭新出厂,普通,773775,MAC-10 | 板条箱,71,1.98,2.76,1.39,2024-06-17
MAC-10,略有磨损,普通,769136,MAC-10 | 白鲑鱼,167,1.98,2.47,1.25,2024-06-17
MAC-10,久经沙场,StatTrak™,769256,MAC-10（StatTrak™） | 白鲑鱼,122,1.97,2.47,1.25,2024-06-17
MAC-10,略有磨损,StatTrak™,38954,MAC-10（StatTrak™） | 海洋,455,1.96,2.83,1.44,2024-06-17
MAC-10,破损不堪,普通,921525,MAC-10 | 错觉,3106,1.92,2.83,1.47,2024-06-17
MAC-10,战痕累累,普通,781607,MAC-10 | 魅惑,407,1.78,2.18,1.22,2024-06-17
MAC-10,久经沙场,普通,857602,MAC-10 | 战争手柄,769,1.64,2.18,1.33,2024-06-17
MAC-10,破损不堪,普通,857605,MAC-10 | 战争手柄,85,1.59,2.03,1.28,2024-06-17
MAC-10,破损不堪,StatTrak™,769181,MAC-10（StatTrak™） | 白鲑鱼,55,1.59,1.74,1.09,2024-06-17
MAC-10,久经沙场,StatTrak™,956569,MAC-10（StatTrak™） | 灯箱,208,1.57,2.25,1.43,2024-06-17
MAC-10,略有磨损,StatTrak™,900560,MAC-10（StatTrak™） | 萌猴迷彩,228,1.54,2.18,1.42,2024-06-17
MAC-10,战痕累累,普通,921425,MAC-10 | 错觉,2038,1.51,1.89,1.25,2024-06-17
MAC-10,久经沙场,普通,927303,MAC-10 | 鸣沙,1090,1.42,1.81,1.27,2024-06-17
MAC-10,崭新出厂,普通,35424,MAC-10 | 海洋,493,1.4,1.89,1.35,2024-06-17
MAC-10,略有磨损,StatTrak™,887023,MAC-10（StatTrak™） | 坐牢,568,1.39,1.96,1.41,2024-06-17
MAC-10,战痕累累,普通,857634,MAC-10 | 战争手柄,338,1.36,1.81,1.33,2024-06-17
MAC-10,战痕累累,StatTrak™,769227,MAC-10（StatTrak™） | 白鲑鱼,37,1.31,1.74,1.33,2024-06-17
MAC-10,崭新出厂,普通,900537,MAC-10 | 萌猴迷彩,263,1.3,1.81,1.39,2024-06-17
MAC-10,破损不堪,纪念品,929092,MAC-10（纪念品） | 鸣沙,22,1.27,1.38,1.09,2024-06-17
MAC-10,破损不堪,普通,927359,MAC-10 | 鸣沙,74,1.27,1.52,1.2,2024-06-17
MAC-10,战痕累累,StatTrak™,956560,MAC-10（StatTrak™） | 灯箱,146,1.23,1.52,1.24,2024-06-17
MAC-10,久经沙场,普通,35435,MAC-10 | 冉吉,218,1.23,1.52,1.24,2024-06-17
MAC-10,破损不堪,StatTrak™,956535,MAC-10（StatTrak™） | 灯箱,292,1.22,1.81,1.48,2024-06-17
MAC-10,崭新出厂,普通,35429,MAC-10 | 棕榈色,60,1.19,1.38,1.16,2024-06-17
MAC-10,崭新出厂,普通,886989,MAC-10 | 坐牢,860,1.18,1.67,1.42,2024-06-17
MAC-10,久经沙场,StatTrak™,38915,MAC-10（StatTrak™） | 捕猎者,99,1.15,1.67,1.45,2024-06-17
MAC-10,久经沙场,纪念品,761367,MAC-10（纪念品） | 小牛皮,428,1.11,1.52,1.37,2024-06-17
MAC-10,崭新出厂,普通,762101,MAC-10 | 小牛皮,891,1.09,1.23,1.13,2024-06-17
MAC-10,略有磨损,普通,956473,MAC-10 | 灯箱,777,1.03,1.38,1.34,2024-06-17
MAC-10,战痕累累,普通,927333,MAC-10 | 鸣沙,249,1.03,1.45,1.41,2024-06-17
MAC-10,久经沙场,StatTrak™,773690,MAC-10（StatTrak™） | 板条箱,130,0.96,1.09,1.14,2024-06-17
MAC-10,破损不堪,StatTrak™,38917,MAC-10（StatTrak™） | 捕猎者,54,0.94,1.45,1.54,2024-06-17
MAC-10,破损不堪,StatTrak™,38955,MAC-10（StatTrak™） | 海洋,33,0.91,1.52,1.67,2024-06-17
MAC-10,战痕累累,普通,35433,MAC-10 | 冉吉,32,0.91,1.45,1.59,2024-06-17
MAC-10,破损不堪,普通,35437,MAC-10 | 冉吉,17,0.9,1.23,1.37,2024-06-17
MAC-10,战痕累累,StatTrak™,38913,MAC-10（StatTrak™） | 捕猎者,51,0.88,1.31,1.49,2024-06-17
MAC-10,略有磨损,普通,773654,MAC-10 | 板条箱,73,0.87,1.09,1.25,2024-06-17
MAC-10,崭新出厂,纪念品,876935,MAC-10（纪念品） | 策略,289,0.86,1.16,1.35,2024-06-17
MAC-10,略有磨损,普通,35426,MAC-10 | 海洋,530,0.85,1.31,1.54,2024-06-17
MAC-10,久经沙场,普通,35370,MAC-10 | 捕猎者,81,0.83,1.23,1.48,2024-06-17
MAC-10,久经沙场,普通,773679,MAC-10 | 板条箱,48,0.82,1.16,1.41,2024-06-17
MAC-10,略有磨损,普通,35371,MAC-10 | 捕猎者,112,0.8,1.09,1.36,2024-06-17
MAC-10,崭新出厂,普通,33821,MAC-10 | 红苹果,4300,0.8,1.23,1.54,2024-06-17
MAC-10,破损不堪,StatTrak™,773709,MAC-10（StatTrak™） | 板条箱,23,0.79,0.94,1.19,2024-06-17
MAC-10,久经沙场,StatTrak™,38953,MAC-10（StatTrak™） | 海洋,541,0.79,1.16,1.47,2024-06-17
MAC-10,崭新出厂,普通,33824,MAC-10 | 银质,8441,0.79,1.09,1.38,2024-06-17
MAC-10,战痕累累,普通,35368,MAC-10 | 捕猎者,29,0.78,1.23,1.58,2024-06-17
MAC-10,久经沙场,普通,769221,MAC-10 | 白鲑鱼,193,0.76,1.02,1.34,2024-06-17
MAC-10,略有磨损,纪念品,929042,MAC-10（纪念品） | 鸣沙,139,0.73,1.16,1.59,2024-06-17
MAC-10,破损不堪,普通,35372,MAC-10 | 捕猎者,29,0.72,1.09,1.51,2024-06-17
MAC-10,略有磨损,普通,35438,MAC-10 | 银质,385,0.71,1.09,1.54,2024-06-17
MAC-10,破损不堪,纪念品,761323,MAC-10（纪念品） | 小牛皮,163,0.67,0.8,1.19,2024-06-17
MAC-10,战痕累累,StatTrak™,38951,MAC-10（StatTrak™） | 海洋,42,0.66,0.8,1.21,2024-06-17
MAC-10,战痕累累,StatTrak™,886655,MAC-10（StatTrak™） | 坐牢,112,0.65,0.94,1.45,2024-06-17
MAC-10,破损不堪,普通,773626,MAC-10 | 板条箱,54,0.64,0.87,1.36,2024-06-17
MAC-10,略有磨损,普通,35367,MAC-10 | 红苹果,2280,0.62,0.87,1.4,2024-06-17
MAC-10,久经沙场,StatTrak™,900584,MAC-10（StatTrak™） | 萌猴迷彩,380,0.61,0.94,1.54,2024-06-17
MAC-10,战痕累累,普通,773672,MAC-10 | 板条箱,52,0.61,1.16,1.9,2024-06-17
MAC-10,略有磨损,普通,35431,MAC-10 | 棕榈色,253,0.61,0.87,1.43,2024-06-17
MAC-10,战痕累累,StatTrak™,773701,MAC-10（StatTrak™） | 板条箱,93,0.6,0.94,1.57,2024-06-17
MAC-10,久经沙场,StatTrak™,886986,MAC-10（StatTrak™） | 坐牢,768,0.59,0.94,1.59,2024-06-17
MAC-10,破损不堪,普通,769179,MAC-10 | 白鲑鱼,74,0.58,0.87,1.5,2024-06-17
MAC-10,破损不堪,StatTrak™,886985,MAC-10（StatTrak™） | 坐牢,122,0.58,0.87,1.5,2024-06-17
MAC-10,战痕累累,普通,769236,MAC-10 | 白鲑鱼,60,0.56,0.94,1.68,2024-06-17
MAC-10,久经沙场,普通,956514,MAC-10 | 灯箱,330,0.55,0.87,1.58,2024-06-17
MAC-10,久经沙场,普通,35366,MAC-10 | 红苹果,433,0.55,0.73,1.33,2024-06-17
MAC-10,略有磨损,普通,900467,MAC-10 | 萌猴迷彩,518,0.55,0.94,1.71,2024-06-17
MAC-10,破损不堪,普通,956487,MAC-10 | 灯箱,383,0.53,0.73,1.38,2024-06-17
MAC-10,破损不堪,StatTrak™,900495,MAC-10（StatTrak™） | 萌猴迷彩,203,0.49,0.8,1.63,2024-06-17
MAC-10,战痕累累,纪念品,761385,MAC-10（纪念品） | 小牛皮,150,0.49,0.73,1.49,2024-06-17
MAC-10,战痕累累,普通,956491,MAC-10 | 灯箱,189,0.48,0.65,1.35,2024-06-17
MAC-10,战痕累累,StatTrak™,900595,MAC-10（StatTrak™） | 萌猴迷彩,76,0.49,0.8,1.63,2024-06-17
MAC-10,略有磨损,普通,886649,MAC-10 | 坐牢,1691,0.48,0.73,1.52,2024-06-17
MAC-10,略有磨损,普通,762095,MAC-10 | 小牛皮,973,0.47,0.65,1.38,2024-06-17
MAC-10,破损不堪,纪念品,772912,MAC-10（纪念品） | 都市 DDPAT,73,0.46,0.65,1.41,2024-06-17
MAC-10,破损不堪,普通,35427,MAC-10 | 海洋,23,0.43,0.73,1.7,2024-06-17
MAC-10,久经沙场,普通,35425,MAC-10 | 海洋,485,0.44,0.73,1.66,2024-06-17
MAC-10,久经沙场,纪念品,772901,MAC-10（纪念品） | 都市 DDPAT,600,0.4,0.51,1.27,2024-06-17
MAC-10,略有磨损,纪念品,876907,MAC-10（纪念品） | 策略,259,0.37,0.51,1.38,2024-06-17
MAC-10,久经沙场,普通,35430,MAC-10 | 棕榈色,598,0.36,0.65,1.81,2024-06-17
MAC-10,久经沙场,普通,900516,MAC-10 | 萌猴迷彩,587,0.34,0.58,1.71,2024-06-17
MAC-10,破损不堪,纪念品,876888,MAC-10（纪念品） | 策略,35,0.33,0.73,2.21,2024-06-17
MAC-10,久经沙场,纪念品,929023,MAC-10（纪念品） | 鸣沙,240,0.31,0.51,1.65,2024-06-17
MAC-10,破损不堪,普通,35432,MAC-10 | 棕榈色,77,0.31,0.58,1.87,2024-06-17
MAC-10,久经沙场,普通,762127,MAC-10 | 小牛皮,857,0.3,0.51,1.7,2024-06-17
MAC-10,战痕累累,普通,900471,MAC-10 | 萌猴迷彩,285,0.28,0.44,1.57,2024-06-17
MAC-10,战痕累累,普通,886987,MAC-10 | 坐牢,483,0.28,0.51,1.82,2024-06-17
MAC-10,战痕累累,普通,35423,MAC-10 | 海洋,109,0.28,0.51,1.82,2024-06-17
MAC-10,战痕累累,纪念品,929049,MAC-10（纪念品） | 鸣沙,118,0.26,0.51,1.96,2024-06-17
MAC-10,破损不堪,普通,762128,MAC-10 | 小牛皮,339,0.26,0.44,1.69,2024-06-17
MAC-10,战痕累累,普通,762126,MAC-10 | 小牛皮,220,0.26,0.44,1.69,2024-06-17
MAC-10,破损不堪,普通,900521,MAC-10 | 萌猴迷彩,344,0.25,0.51,2.04,2024-06-17
MAC-10,战痕累累,普通,35428,MAC-10 | 棕榈色,143,0.23,0.44,1.91,2024-06-17
MAC-10,久经沙场,普通,886607,MAC-10 | 坐牢,2975,0.23,0.44,1.91,2024-06-17
MAC-10,破损不堪,普通,886943,MAC-10 | 坐牢,290,0.21,0.44,2.1,2024-06-17
MAC-10,战痕累累,纪念品,772909,MAC-10（纪念品） | 都市 DDPAT,123,0.19,0.51,2.68,2024-06-17
MAC-10,久经沙场,纪念品,876908,MAC-10（纪念品） | 策略,439,0.14,0.36,2.57,2024-06-17
MAC-10,崭新出厂,纪念品,876848,MAC-10（纪念品） | 赭色大马士革,1618,0.12,0.29,2.42,2024-06-17
MAC-10,战痕累累,纪念品,876896,MAC-10（纪念品） | 策略,67,0.1,0.29,2.9,2024-06-17
MAC-10,破损不堪,纪念品,876875,MAC-10（纪念品） | 赭色大马士革,225,0.03,0.22,7.33,2024-06-17
MAC-10,久经沙场,纪念品,876871,MAC-10（纪念品） | 赭色大马士革,4995,0.03,0.22,7.33,2024-06-17
MAC-10,略有磨损,纪念品,876853,MAC-10（纪念品） | 赭色大马士革,2053,0.03,0.22,7.33,2024-06-17
MAC-10,战痕累累,纪念品,876884,MAC-10（纪念品） | 赭色大马士革,444,0.02,0.22,11.0,2024-06-17
MAC-10,战痕累累,普通,927333,MAC-10 | 鸣沙,249,1.03,1.45,1.41,2024-06-17
MAC-10,久经沙场,StatTrak™,773690,MAC-10（StatTrak™） | 板条箱,130,0.96,1.09,1.14,2024-06-17
MAC-10,破损不堪,StatTrak™,38917,MAC-10（StatTrak™） | 捕猎者,54,0.94,1.45,1.54,2024-06-17
MAC-10,破损不堪,StatTrak™,38955,MAC-10（StatTrak™） | 海洋,33,0.91,1.52,1.67,2024-06-17
MAC-10,战痕累累,普通,35433,MAC-10 | 冉吉,32,0.91,1.45,1.59,2024-06-17
MAC-10,破损不堪,普通,35437,MAC-10 | 冉吉,17,0.9,1.23,1.37,2024-06-17
MAC-10,略有磨损,普通,773654,MAC-10 | 板条箱,73,0.87,1.09,1.25,2024-06-17
MAC-10,战痕累累,StatTrak™,38913,MAC-10（StatTrak™） | 捕猎者,52,0.87,1.31,1.51,2024-06-17
MAC-10,崭新出厂,纪念品,876935,MAC-10（纪念品） | 策略,289,0.86,1.16,1.35,2024-06-17
MAC-10,略有磨损,普通,35426,MAC-10 | 海洋,530,0.85,1.31,1.54,2024-06-17
MAC-10,久经沙场,普通,773679,MAC-10 | 板条箱,48,0.82,1.16,1.41,2024-06-17
MAC-10,久经沙场,普通,35370,MAC-10 | 捕猎者,82,0.82,1.23,1.5,2024-06-17
MAC-10,崭新出厂,普通,33821,MAC-10 | 红苹果,4299,0.8,1.23,1.54,2024-06-17
MAC-10,破损不堪,StatTrak™,773709,MAC-10（StatTrak™） | 板条箱,23,0.79,0.94,1.19,2024-06-17
MAC-10,久经沙场,StatTrak™,38953,MAC-10（StatTrak™） | 海洋,541,0.79,1.16,1.47,2024-06-17
MAC-10,略有磨损,普通,35371,MAC-10 | 捕猎者,113,0.79,1.09,1.38,2024-06-17
MAC-10,崭新出厂,普通,33824,MAC-10 | 银质,8442,0.79,1.09,1.38,2024-06-17
MAC-10,战痕累累,普通,35368,MAC-10 | 捕猎者,29,0.78,1.23,1.58,2024-06-17
MAC-10,久经沙场,普通,769221,MAC-10 | 白鲑鱼,193,0.76,1.02,1.34,2024-06-17
MAC-10,略有磨损,纪念品,929042,MAC-10（纪念品） | 鸣沙,139,0.73,1.16,1.59,2024-06-17
MAC-10,破损不堪,普通,35372,MAC-10 | 捕猎者,29,0.72,1.09,1.51,2024-06-17
MAC-10,略有磨损,普通,35438,MAC-10 | 银质,385,0.71,1.09,1.54,2024-06-17
MAC-10,破损不堪,纪念品,761323,MAC-10（纪念品） | 小牛皮,163,0.67,0.8,1.19,2024-06-17
MAC-10,战痕累累,StatTrak™,38951,MAC-10（StatTrak™） | 海洋,42,0.66,0.8,1.21,2024-06-17
MAC-10,战痕累累,StatTrak™,886655,MAC-10（StatTrak™） | 坐牢,112,0.65,0.94,1.45,2024-06-17
MAC-10,破损不堪,普通,773626,MAC-10 | 板条箱,54,0.64,0.87,1.36,2024-06-17
MAC-10,略有磨损,普通,35367,MAC-10 | 红苹果,2280,0.62,0.87,1.4,2024-06-17
MAC-10,久经沙场,StatTrak™,900584,MAC-10（StatTrak™） | 萌猴迷彩,380,0.61,0.94,1.54,2024-06-17
MAC-10,战痕累累,普通,773672,MAC-10 | 板条箱,52,0.61,1.16,1.9,2024-06-17
MAC-10,略有磨损,普通,35431,MAC-10 | 棕榈色,253,0.61,0.87,1.43,2024-06-17
MAC-10,战痕累累,StatTrak™,773701,MAC-10（StatTrak™） | 板条箱,93,0.6,0.94,1.57,2024-06-17
MAC-10,久经沙场,StatTrak™,886986,MAC-10（StatTrak™） | 坐牢,768,0.59,0.94,1.59,2024-06-17
MAC-10,破损不堪,普通,769179,MAC-10 | 白鲑鱼,74,0.58,0.87,1.5,2024-06-17
MAC-10,破损不堪,StatTrak™,886985,MAC-10（StatTrak™） | 坐牢,122,0.58,0.87,1.5,2024-06-17
MAC-10,战痕累累,普通,769236,MAC-10 | 白鲑鱼,60,0.56,0.94,1.68,2024-06-17
MAC-10,久经沙场,普通,956514,MAC-10 | 灯箱,330,0.55,0.87,1.58,2024-06-17
MAC-10,久经沙场,普通,35366,MAC-10 | 红苹果,433,0.55,0.73,1.33,2024-06-17
MAC-10,略有磨损,普通,900467,MAC-10 | 萌猴迷彩,519,0.55,0.94,1.71,2024-06-17
MAC-10,破损不堪,普通,956487,MAC-10 | 灯箱,383,0.53,0.73,1.38,2024-06-17
MAC-10,破损不堪,StatTrak™,900495,MAC-10（StatTrak™） | 萌猴迷彩,203,0.49,0.8,1.63,2024-06-17
MAC-10,战痕累累,纪念品,761385,MAC-10（纪念品） | 小牛皮,150,0.49,0.73,1.49,2024-06-17
MAC-10,战痕累累,普通,956491,MAC-10 | 灯箱,189,0.48,0.65,1.35,2024-06-17
MAC-10,战痕累累,StatTrak™,900595,MAC-10（StatTrak™） | 萌猴迷彩,76,0.49,0.8,1.63,2024-06-17
MAC-10,略有磨损,普通,886649,MAC-10 | 坐牢,1691,0.48,0.73,1.52,2024-06-17
MAC-10,略有磨损,普通,762095,MAC-10 | 小牛皮,973,0.47,0.65,1.38,2024-06-17
MAC-10,破损不堪,纪念品,772912,MAC-10（纪念品） | 都市 DDPAT,73,0.46,0.65,1.41,2024-06-17
MAC-10,破损不堪,普通,35427,MAC-10 | 海洋,23,0.43,0.73,1.7,2024-06-17
MAC-10,久经沙场,普通,35425,MAC-10 | 海洋,485,0.44,0.73,1.66,2024-06-17
MAC-10,久经沙场,纪念品,772901,MAC-10（纪念品） | 都市 DDPAT,600,0.4,0.51,1.27,2024-06-17
MAC-10,略有磨损,纪念品,876907,MAC-10（纪念品） | 策略,260,0.37,0.51,1.38,2024-06-17
MAC-10,久经沙场,普通,35430,MAC-10 | 棕榈色,598,0.36,0.65,1.81,2024-06-17
MAC-10,久经沙场,普通,900516,MAC-10 | 萌猴迷彩,587,0.34,0.58,1.71,2024-06-17
MAC-10,破损不堪,纪念品,876888,MAC-10（纪念品） | 策略,35,0.33,0.73,2.21,2024-06-17
MAC-10,久经沙场,纪念品,929023,MAC-10（纪念品） | 鸣沙,240,0.31,0.51,1.65,2024-06-17
MAC-10,破损不堪,普通,35432,MAC-10 | 棕榈色,77,0.31,0.58,1.87,2024-06-17
MAC-10,久经沙场,普通,762127,MAC-10 | 小牛皮,857,0.3,0.51,1.7,2024-06-17
MAC-10,战痕累累,普通,900471,MAC-10 | 萌猴迷彩,285,0.28,0.44,1.57,2024-06-17
MAC-10,战痕累累,普通,886987,MAC-10 | 坐牢,483,0.28,0.51,1.82,2024-06-17
MAC-10,战痕累累,普通,35423,MAC-10 | 海洋,109,0.28,0.51,1.82,2024-06-17
MAC-10,战痕累累,纪念品,929049,MAC-10（纪念品） | 鸣沙,118,0.26,0.51,1.96,2024-06-17
MAC-10,破损不堪,普通,762128,MAC-10 | 小牛皮,339,0.26,0.44,1.69,2024-06-17
MAC-10,战痕累累,普通,762126,MAC-10 | 小牛皮,220,0.26,0.44,1.69,2024-06-17
MAC-10,破损不堪,普通,900521,MAC-10 | 萌猴迷彩,344,0.25,0.51,2.04,2024-06-17
MAC-10,战痕累累,普通,35428,MAC-10 | 棕榈色,143,0.23,0.44,1.91,2024-06-17
MAC-10,久经沙场,普通,886607,MAC-10 | 坐牢,2975,0.23,0.44,1.91,2024-06-17
MAC-10,破损不堪,普通,886943,MAC-10 | 坐牢,291,0.2,0.44,2.2,2024-06-17
MAC-10,战痕累累,纪念品,772909,MAC-10（纪念品） | 都市 DDPAT,123,0.19,0.51,2.68,2024-06-17
MAC-10,久经沙场,纪念品,876908,MAC-10（纪念品） | 策略,439,0.14,0.36,2.57,2024-06-17
MAC-10,崭新出厂,纪念品,876848,MAC-10（纪念品） | 赭色大马士革,1618,0.12,0.29,2.42,2024-06-17
MAC-10,战痕累累,纪念品,876896,MAC-10（纪念品） | 策略,67,0.1,0.29,2.9,2024-06-17
MAC-10,破损不堪,纪念品,876875,MAC-10（纪念品） | 赭色大马士革,225,0.03,0.22,7.33,2024-06-17
MAC-10,久经沙场,纪念品,876871,MAC-10（纪念品） | 赭色大马士革,4994,0.03,0.22,7.33,2024-06-17
MAC-10,略有磨损,纪念品,876853,MAC-10（纪念品） | 赭色大马士革,2053,0.03,0.22,7.33,2024-06-17
MAC-10,战痕累累,纪念品,876884,MAC-10（纪念品） | 赭色大马士革,444,0.02,0.22,11.0,2024-06-17
MAC-10,略有磨损,纪念品,877193,MAC-10（纪念品） | 表面淬火,175,93.7,137.89,1.47,2024-06-20
MAC-10,久经沙场,StatTrak™,38948,MAC-10（StatTrak™） | 霓虹骑士,70,92.9,118.59,1.28,2024-06-20
MAC-10,久经沙场,StatTrak™,38920,MAC-10（StatTrak™） | 诅咒,11,89.9,111.84,1.24,2024-06-20
MAC-10,战痕累累,StatTrak™,38961,MAC-10（StatTrak™） | 烧尽,4,87.61,98.05,1.12,2024-06-20
MAC-10,久经沙场,StatTrak™,38963,MAC-10（StatTrak™） | 烧尽,7,85.03,105.23,1.24,2024-06-20
MAC-10,崭新出厂,StatTrak™,43924,MAC-10（StatTrak™） | 炽热,42,84.8,132.23,1.56,2024-06-20
MAC-10,崭新出厂,纪念品,37747,MAC-10（纪念品） | 红苹果,279,82.55,113.07,1.37,2024-06-20
MAC-10,崭新出厂,普通,871431,MAC-10 | 玩具盒子,83,81.9,108.5,1.32,2024-06-20
MAC-10,略有磨损,纪念品,37758,MAC-10（纪念品） | 核子花园,192,76.88,105.52,1.37,2024-06-20
MAC-10,破损不堪,StatTrak™,38965,MAC-10（StatTrak™） | 烧尽,4,76.68,108.5,1.41,2024-06-20
MAC-10,崭新出厂,普通,779263,MAC-10 | 渐变迪斯科,518,74.18,98.99,1.33,2024-06-20
MAC-10,略有磨损,StatTrak™,779365,MAC-10（StatTrak™） | 渐变迪斯科,175,72.9,103.78,1.42,2024-06-20
MAC-10,久经沙场,普通,35375,MAC-10 | 通勤者皮革,6,72.7,93.48,1.29,2024-06-20
MAC-10,破损不堪,普通,35377,MAC-10 | 通勤者皮革,4,70.75,79.54,1.12,2024-06-20
MAC-10,略有磨损,普通,35376,MAC-10 | 通勤者皮革,11,69.88,99.79,1.43,2024-06-20
MAC-10,久经沙场,纪念品,877038,MAC-10（纪念品） | 金砖,102,69.68,96.52,1.39,2024-06-20
MAC-10,崭新出厂,普通,35440,MAC-10 | 烧尽,28,68.8,91.59,1.33,2024-06-20
MAC-10,崭新出厂,普通,35379,MAC-10 | 诅咒,28,68.7,89.7,1.31,2024-06-20
MAC-10,破损不堪,纪念品,877042,MAC-10（纪念品） | 金砖,7,65.9,101.82,1.55,2024-06-20
MAC-10,破损不堪,纪念品,37759,MAC-10（纪念品） | 核子花园,10,65.65,116.84,1.78,2024-06-20
MAC-10,久经沙场,纪念品,877191,MAC-10（纪念品） | 表面淬火,234,63.98,93.98,1.47,2024-06-20
MAC-10,久经沙场,普通,775782,MAC-10 | 潜行者,275,63.9,89.77,1.4,2024-06-20
MAC-10,破损不堪,普通,35443,MAC-10 | 烧尽,3,63.48,77.22,1.22,2024-06-20
MAC-10,战痕累累,纪念品,877100,MAC-10（纪念品） | 金砖,14,62.69,68.73,1.1,2024-06-20
MAC-10,略有磨损,普通,35442,MAC-10 | 烧尽,39,60.85,78.89,1.3,2024-06-20
MAC-10,崭新出厂,普通,35414,MAC-10 | 霓虹骑士,529,60.69,81.5,1.34,2024-06-20
MAC-10,破损不堪,普通,35382,MAC-10 | 诅咒,1,59.8,70.32,1.18,2024-06-20
MAC-10,崭新出厂,普通,35419,MAC-10 | 核子花园,149,59.77,87.38,1.46,2024-06-20
MAC-10,略有磨损,StatTrak™,38930,MAC-10（StatTrak™） | 炽热,37,58.68,77.36,1.32,2024-06-20
MAC-10,略有磨损,普通,35381,MAC-10 | 诅咒,34,57.2,75.48,1.32,2024-06-20
MAC-10,久经沙场,普通,35380,MAC-10 | 诅咒,16,54.38,75.69,1.39,2024-06-20
MAC-10,战痕累累,普通,35439,MAC-10 | 烧尽,4,52.99,82.66,1.56,2024-06-20
MAC-10,久经沙场,普通,35441,MAC-10 | 烧尽,23,51.9,72.07,1.39,2024-06-20
MAC-10,破损不堪,纪念品,877214,MAC-10（纪念品） | 表面淬火,142,51.85,69.38,1.34,2024-06-20
MAC-10,破损不堪,StatTrak™,871842,MAC-10（StatTrak™） | 玩具盒子,10,50.28,48.41,0.96,2024-06-20
MAC-10,战痕累累,普通,35454,MAC-10 | 都市 DDPAT,4,49.88,17.56,0.35,2024-06-20
MAC-10,战痕累累,纪念品,877201,MAC-10（纪念品） | 表面淬火,97,49.65,64.52,1.3,2024-06-20
MAC-10,破损不堪,普通,776026,MAC-10 | 潜行者,55,47.9,62.41,1.3,2024-06-20
MAC-10,略有磨损,普通,35421,MAC-10 | 核子花园,91,46.26,68.87,1.49,2024-06-20
MAC-10,崭新出厂,StatTrak™,38943,MAC-10（StatTrak™） | 孔雀石,94,45.9,63.94,1.39,2024-06-20
MAC-10,久经沙场,StatTrak™,871792,MAC-10（StatTrak™） | 玩具盒子,36,44.68,61.18,1.37,2024-06-20
MAC-10,略有磨损,普通,35416,MAC-10 | 霓虹骑士,671,41.6,54.43,1.31,2024-06-20
MAC-10,战痕累累,普通,775405,MAC-10 | 潜行者,64,40.67,56.32,1.38,2024-06-20
MAC-10,崭新出厂,普通,35391,MAC-10 | 炽热,70,39.78,50.73,1.28,2024-06-20
MAC-10,久经沙场,纪念品,37757,MAC-10（纪念品） | 核子花园,308,38.68,55.95,1.45,2024-06-20
MAC-10,崭新出厂,StatTrak™,38909,MAC-10（StatTrak™） | 阿罗哈,23,37.89,49.5,1.31,2024-06-20
MAC-10,久经沙场,普通,35420,MAC-10 | 核子花园,47,37.57,57.7,1.54,2024-06-20
MAC-10,崭新出厂,StatTrak™,38938,MAC-10（StatTrak™） | 绝界之行,67,37.1,49.86,1.34,2024-06-20
MAC-10,破损不堪,普通,35458,MAC-10 | 都市 DDPAT,4,36.6,21.7,0.59,2024-06-20
MAC-10,战痕累累,普通,35418,MAC-10 | 核子花园,7,36.34,44.2,1.22,2024-06-20
MAC-10,崭新出厂,纪念品,772925,MAC-10（纪念品） | 都市 DDPAT,30,36.03,65.39,1.81,2024-06-20
MAC-10,略有磨损,普通,871603,MAC-10 | 玩具盒子,57,35.97,50.66,1.41,2024-06-20
MAC-10,略有磨损,纪念品,37749,MAC-10（纪念品） | 红苹果,225,34.79,52.98,1.52,2024-06-20
MAC-10,战痕累累,StatTrak™,871789,MAC-10（StatTrak™） | 玩具盒子,13,34.6,43.4,1.25,2024-06-20
MAC-10,久经沙场,StatTrak™,38929,MAC-10（StatTrak™） | 炽热,64,34.59,43.69,1.26,2024-06-20
MAC-10,崭新出厂,StatTrak™,763269,MAC-10（StatTrak™） | 销声,41,34.19,41.22,1.21,2024-06-20
MAC-10,久经沙场,StatTrak™,779286,MAC-10（StatTrak™） | 渐变迪斯科,283,33.9,47.17,1.39,2024-06-20
MAC-10,久经沙场,纪念品,37748,MAC-10（纪念品） | 红苹果,79,33.9,51.45,1.52,2024-06-20
MAC-10,久经沙场,普通,35415,MAC-10 | 霓虹骑士,455,33.9,41.22,1.22,2024-06-20
MAC-10,略有磨损,StatTrak™,38969,MAC-10（StatTrak™） | 致命紫罗兰,65,33.2,52.76,1.59,2024-06-20
MAC-10,破损不堪,普通,35417,MAC-10 | 霓虹骑士,26,32.79,47.03,1.43,2024-06-20
MAC-10,略有磨损,StatTrak™,38911,MAC-10（StatTrak™） | 阿罗哈,16,32.76,41.44,1.26,2024-06-20
MAC-10,破损不堪,StatTrak™,38931,MAC-10（StatTrak™） | 炽热,15,31.67,31.35,0.99,2024-06-20
MAC-10,破损不堪,普通,35448,MAC-10 | 狂哮飓风,6,31.65,17.85,0.56,2024-06-20
MAC-10,破损不堪,普通,35422,MAC-10 | 核子花园,10,30.96,51.53,1.66,2024-06-20
MAC-10,略有磨损,纪念品,37753,MAC-10（纪念品） | 紫青之色,336,30.77,40.64,1.32,2024-06-20
MAC-10,崭新出厂,普通,774751,MAC-10 | 冲浪木,135,30.5,41.44,1.36,2024-06-20
MAC-10,崭新出厂,纪念品,761386,MAC-10（纪念品） | 小牛皮,144,30.29,40.64,1.34,2024-06-20
MAC-10,略有磨损,StatTrak™,38945,MAC-10（StatTrak™） | 孔雀石,51,30.1,45.36,1.51,2024-06-20
MAC-10,略有磨损,普通,35447,MAC-10 | 狂哮飓风,17,29.9,44.78,1.5,2024-06-20
MAC-10,战痕累累,StatTrak™,38928,MAC-10（StatTrak™） | 炽热,21,29.7,28.16,0.95,2024-06-20
MAC-10,略有磨损,普通,779192,MAC-10 | 渐变迪斯科,1529,29.6,40.06,1.35,2024-06-20
MAC-10,略有磨损,普通,775067,MAC-10 | 冲浪木,37,28.76,37.88,1.32,2024-06-20
MAC-10,略有磨损,普通,35393,MAC-10 | 炽热,76,28.75,38.75,1.35,2024-06-20
MAC-10,战痕累累,普通,774892,MAC-10 | 冲浪木,13,28.49,42.09,1.48,2024-06-20
MAC-10,破损不堪,普通,775649,MAC-10 | 冲浪木,10,28.22,36.0,1.28,2024-06-20
MAC-10,久经沙场,普通,774806,MAC-10 | 冲浪木,57,27.9,35.2,1.26,2024-06-20
MAC-10,略有磨损,普通,35398,MAC-10 | 紫青之色,33,26.94,33.67,1.25,2024-06-20
MAC-10,久经沙场,普通,35397,MAC-10 | 紫青之色,29,24.92,30.99,1.24,2024-06-20
MAC-10,崭新出厂,普通,35358,MAC-10 | 阿罗哈,63,23.57,30.92,1.31,2024-06-20
MAC-10,崭新出厂,StatTrak™,781646,MAC-10（StatTrak™） | 魅惑,147,22.7,31.86,1.4,2024-06-20
MAC-10,久经沙场,普通,35456,MAC-10 | 都市 DDPAT,52,22.68,25.04,1.1,2024-06-20
MAC-10,破损不堪,普通,35399,MAC-10 | 紫青之色,16,22.01,28.96,1.32,2024-06-20
MAC-10,战痕累累,StatTrak™,779413,MAC-10（StatTrak™） | 渐变迪斯科,30,21.9,24.31,1.11,2024-06-20
MAC-10,战痕累累,普通,35395,MAC-10 | 紫青之色,21,21.9,25.55,1.17,2024-06-20
MAC-10,久经沙场,StatTrak™,38910,MAC-10（StatTrak™） | 阿罗哈,24,21.78,33.53,1.54,2024-06-20
MAC-10,战痕累累,纪念品,37755,MAC-10（纪念品） | 核子花园,55,21.7,30.26,1.39,2024-06-20
MAC-10,破损不堪,StatTrak™,38912,MAC-10（StatTrak™） | 阿罗哈,2,21.33,35.2,1.65,2024-06-20
MAC-10,战痕累累,StatTrak™,38908,MAC-10（StatTrak™） | 阿罗哈,5,21.15,35.85,1.7,2024-06-20
MAC-10,破损不堪,StatTrak™,779288,MAC-10（StatTrak™） | 渐变迪斯科,72,20.88,31.06,1.49,2024-06-20
MAC-10,略有磨损,普通,35452,MAC-10 | 致命紫罗兰,68,20.52,27.51,1.34,2024-06-20
MAC-10,久经沙场,StatTrak™,921546,MAC-10（StatTrak™） | 错觉,1464,20.08,27.0,1.34,2024-06-20
MAC-10,略有磨损,StatTrak™,38940,MAC-10（StatTrak™） | 绝界之行,123,19.8,27.8,1.4,2024-06-20
MAC-10,久经沙场,StatTrak™,38944,MAC-10（StatTrak™） | 孔雀石,51,19.05,24.82,1.3,2024-06-20
MAC-10,久经沙场,普通,871539,MAC-10 | 玩具盒子,138,18.9,27.29,1.44,2024-06-20
MAC-10,略有磨损,普通,35360,MAC-10 | 阿罗哈,47,18.9,27.58,1.46,2024-06-20
MAC-10,崭新出厂,普通,35410,MAC-10 | 孔雀石,322,18.7,25.4,1.36,2024-06-20
MAC-10,战痕累累,StatTrak™,38942,MAC-10（StatTrak™） | 孔雀石,13,18.07,29.17,1.61,2024-06-20
MAC-10,略有磨损,普通,35457,MAC-10 | 都市 DDPAT,14,17.7,24.17,1.37,2024-06-20
MAC-10,崭新出厂,普通,35405,MAC-10 | 绝界之行,301,17.66,22.5,1.27,2024-06-20
MAC-10,崭新出厂,StatTrak™,857608,MAC-10（StatTrak™） | 战争手柄,75,17.6,22.86,1.3,2024-06-20
MAC-10,战痕累累,普通,871727,MAC-10 | 玩具盒子,53,17.34,21.26,1.23,2024-06-20
MAC-10,崭新出厂,StatTrak™,956593,MAC-10（StatTrak™） | 灯箱,101,17.2,26.42,1.54,2024-06-20
MAC-10,久经沙场,普通,35359,MAC-10 | 阿罗哈,35,15.96,21.7,1.36,2024-06-20
MAC-10,破损不堪,StatTrak™,38946,MAC-10（StatTrak™） | 孔雀石,15,15.92,25.47,1.6,2024-06-20
MAC-10,破损不堪,普通,35361,MAC-10 | 阿罗哈,25,15.89,22.79,1.43,2024-06-20
MAC-10,破损不堪,StatTrak™,38941,MAC-10（StatTrak™） | 绝界之行,16,15.58,20.68,1.33,2024-06-20
MAC-10,久经沙场,StatTrak™,38939,MAC-10（StatTrak™） | 绝界之行,80,15.37,22.14,1.44,2024-06-20
MAC-10,久经沙场,StatTrak™,38968,MAC-10（StatTrak™） | 致命紫罗兰,95,15.33,21.26,1.39,2024-06-20
MAC-10,战痕累累,普通,35357,MAC-10 | 阿罗哈,14,14.95,19.45,1.3,2024-06-20
MAC-10,久经沙场,普通,35392,MAC-10 | 炽热,93,14.9,19.23,1.29,2024-06-20
MAC-10,略有磨损,纪念品,37763,MAC-10（纪念品） | 棕榈色,86,14.8,21.77,1.47,2024-06-20
MAC-10,久经沙场,普通,35446,MAC-10 | 狂哮飓风,22,14.76,15.82,1.07,2024-06-20
MAC-10,战痕累累,StatTrak™,38937,MAC-10（StatTrak™） | 绝界之行,10,14.44,18.8,1.3,2024-06-20
MAC-10,久经沙场,普通,779200,MAC-10 | 渐变迪斯科,2156,14.1,20.47,1.45,2024-06-20
MAC-10,破损不堪,普通,871339,MAC-10 | 玩具盒子,39,13.85,19.52,1.41,2024-06-20
MAC-10,崭新出厂,StatTrak™,38914,MAC-10（StatTrak™） | 捕猎者,55,13.77,17.85,1.3,2024-06-20
MAC-10,崭新出厂,StatTrak™,769489,MAC-10（StatTrak™） | 白鲑鱼,58,13.72,18.51,1.35,2024-06-20
MAC-10,战痕累累,普通,35444,MAC-10 | 狂哮飓风,7,13.27,17.56,1.32,2024-06-20
MAC-10,破损不堪,普通,35394,MAC-10 | 炽热,58,13.06,17.71,1.36,2024-06-20
MAC-10,破损不堪,StatTrak™,38970,MAC-10（StatTrak™） | 致命紫罗兰,17,12.87,19.3,1.5,2024-06-20
MAC-10,崭新出厂,StatTrak™,38933,MAC-10（StatTrak™） | 青金鳄皮,90,12.57,19.45,1.55,2024-06-20
MAC-10,崭新出厂,StatTrak™,38957,MAC-10（StatTrak™） | 冉吉,72,12.3,15.02,1.22,2024-06-20
MAC-10,崭新出厂,普通,763396,MAC-10 | 销声,97,11.9,15.89,1.34,2024-06-20
MAC-10,略有磨损,普通,35412,MAC-10 | 孔雀石,230,11.9,16.91,1.42,2024-06-20
MAC-10,破损不堪,纪念品,37754,MAC-10（纪念品） | 紫青之色,64,11.51,17.71,1.54,2024-06-20
MAC-10,战痕累累,普通,35390,MAC-10 | 炽热,63,11.31,14.44,1.28,2024-06-20
MAC-10,略有磨损,StatTrak™,763252,MAC-10（StatTrak™） | 销声,84,11.29,15.6,1.38,2024-06-20
MAC-10,破损不堪,普通,779256,MAC-10 | 渐变迪斯科,466,11.08,13.35,1.2,2024-06-20
MAC-10,久经沙场,普通,35451,MAC-10 | 致命紫罗兰,56,11.07,14.73,1.33,2024-06-20
MAC-10,战痕累累,StatTrak™,38966,MAC-10（StatTrak™） | 致命紫罗兰,34,10.53,16.11,1.53,2024-06-20
MAC-10,略有磨损,普通,35407,MAC-10 | 绝界之行,280,10.13,12.77,1.26,2024-06-20
MAC-10,破损不堪,普通,35453,MAC-10 | 致命紫罗兰,4,9.99,14.01,1.4,2024-06-20
MAC-10,破损不堪,普通,35408,MAC-10 | 绝界之行,23,9.67,12.85,1.33,2024-06-20
MAC-10,久经沙场,纪念品,37752,MAC-10（纪念品） | 紫青之色,843,8.92,13.93,1.56,2024-06-20
MAC-10,战痕累累,普通,35449,MAC-10 | 致命紫罗兰,20,8.7,11.39,1.31,2024-06-20
MAC-10,破损不堪,StatTrak™,921447,MAC-10（StatTrak™） | 错觉,445,8.67,11.47,1.32,2024-06-20
MAC-10,战痕累累,普通,779254,MAC-10 | 渐变迪斯科,333,8.17,10.6,1.3,2024-06-20
MAC-10,破损不堪,普通,35413,MAC-10 | 孔雀石,15,8.17,10.38,1.27,2024-06-20
MAC-10,略有磨损,StatTrak™,781606,MAC-10（StatTrak™） | 魅惑,205,8.04,10.96,1.36,2024-06-20
MAC-10,崭新出厂,普通,781618,MAC-10 | 魅惑,426,7.99,11.32,1.42,2024-06-20
MAC-10,破损不堪,纪念品,37764,MAC-10（纪念品） | 棕榈色,28,7.99,11.39,1.43,2024-06-20
MAC-10,崭新出厂,纪念品,929081,MAC-10（纪念品） | 鸣沙,59,7.87,10.96,1.39,2024-06-20
MAC-10,久经沙场,普通,35406,MAC-10 | 绝界之行,172,7.85,10.09,1.29,2024-06-20
MAC-10,战痕累累,普通,35409,MAC-10 | 孔雀石,12,7.49,10.23,1.37,2024-06-20
MAC-10,久经沙场,普通,35411,MAC-10 | 孔雀石,208,7.45,10.02,1.34,2024-06-20
MAC-10,战痕累累,普通,35404,MAC-10 | 绝界之行,30,7.28,10.23,1.41,2024-06-20
MAC-10,崭新出厂,StatTrak™,773808,MAC-10（StatTrak™） | 板条箱,50,7.21,10.89,1.51,2024-06-20
MAC-10,战痕累累,纪念品,37750,MAC-10（纪念品） | 紫青之色,142,7.18,10.09,1.41,2024-06-20
MAC-10,略有磨损,StatTrak™,857665,MAC-10（StatTrak™） | 战争手柄,108,6.99,9.14,1.31,2024-06-20
MAC-10,略有磨损,StatTrak™,38935,MAC-10（StatTrak™） | 青金鳄皮,105,6.8,10.31,1.52,2024-06-20
MAC-10,崭新出厂,普通,857667,MAC-10 | 战争手柄,180,6.7,9.51,1.42,2024-06-20
MAC-10,崭新出厂,普通,871358,MAC-10 | 策略,40,6.49,7.84,1.21,2024-06-20
MAC-10,崭新出厂,StatTrak™,887013,MAC-10（StatTrak™） | 坐牢,306,6.16,8.42,1.37,2024-06-20
MAC-10,久经沙场,普通,921475,MAC-10 | 错觉,8941,6.08,7.77,1.28,2024-06-20
MAC-10,崭新出厂,StatTrak™,900469,MAC-10（StatTrak™） | 萌猴迷彩,114,5.97,7.55,1.26,2024-06-20
MAC-10,略有磨损,StatTrak™,769126,MAC-10（StatTrak™） | 白鲑鱼,122,5.96,7.77,1.3,2024-06-20
MAC-10,久经沙场,StatTrak™,763307,MAC-10（StatTrak™） | 销声,100,5.75,7.26,1.26,2024-06-20
MAC-10,破损不堪,普通,871594,MAC-10 | 策略,9,5.56,5.95,1.07,2024-06-20
MAC-10,破损不堪,普通,35403,MAC-10 | 青金鳄皮,20,5.42,5.95,1.1,2024-06-20
MAC-10,略有磨损,普通,871575,MAC-10 | 策略,50,4.99,6.39,1.28,2024-06-20
MAC-10,战痕累累,普通,871506,MAC-10 | 策略,6,4.99,6.17,1.24,2024-06-20
MAC-10,战痕累累,普通,35400,MAC-10 | 青金鳄皮,13,4.95,5.95,1.2,2024-06-20
MAC-10,破损不堪,StatTrak™,763413,MAC-10（StatTrak™） | 销声,35,4.93,6.02,1.22,2024-06-20
MAC-10,略有磨损,StatTrak™,38959,MAC-10（StatTrak™） | 冉吉,153,4.86,6.89,1.42,2024-06-20
MAC-10,崭新出厂,普通,35401,MAC-10 | 青金鳄皮,362,4.86,6.68,1.37,2024-06-20
MAC-10,久经沙场,普通,871363,MAC-10 | 策略,34,4.7,6.02,1.28,2024-06-20
MAC-10,略有磨损,普通,763293,MAC-10 | 销声,203,4.59,6.39,1.39,2024-06-20
MAC-10,略有磨损,普通,33816,MAC-10 | 青金鳄皮,113,4.59,5.81,1.27,2024-06-20
MAC-10,久经沙场,普通,35402,MAC-10 | 青金鳄皮,78,4.51,5.88,1.3,2024-06-20
MAC-10,战痕累累,StatTrak™,763315,MAC-10（StatTrak™） | 销声,37,4.48,5.3,1.18,2024-06-20
MAC-10,崭新出厂,普通,871140,MAC-10 | 赭色大马士革,110,4.44,6.1,1.37,2024-06-20
MAC-10,崭新出厂,普通,956544,MAC-10 | 灯箱,263,4.36,5.81,1.33,2024-06-20
MAC-10,破损不堪,StatTrak™,38936,MAC-10（StatTrak™） | 青金鳄皮,12,4.33,6.39,1.48,2024-06-20
MAC-10,破损不堪,普通,871137,MAC-10 | 赭色大马士革,19,4.09,5.01,1.22,2024-06-20
MAC-10,崭新出厂,普通,927349,MAC-10 | 鸣沙,178,4.03,5.08,1.26,2024-06-20
MAC-10,略有磨损,普通,871083,MAC-10 | 赭色大马士革,191,4.02,5.08,1.26,2024-06-20
MAC-10,久经沙场,StatTrak™,38934,MAC-10（StatTrak™） | 青金鳄皮,103,4.02,5.44,1.35,2024-06-20
MAC-10,战痕累累,普通,871206,MAC-10 | 赭色大马士革,84,4.01,5.01,1.25,2024-06-20
MAC-10,久经沙场,普通,871128,MAC-10 | 赭色大马士革,206,4,5.01,1.25,2024-06-20
MAC-10,久经沙场,StatTrak™,781644,MAC-10（StatTrak™） | 魅惑,271,3.99,5.37,1.35,2024-06-20
MAC-10,略有磨损,普通,781589,MAC-10 | 魅惑,832,3.98,5.3,1.33,2024-06-20
MAC-10,战痕累累,StatTrak™,921566,MAC-10（StatTrak™） | 错觉,465,3.97,5.01,1.26,2024-06-20
MAC-10,战痕累累,StatTrak™,38932,MAC-10（StatTrak™） | 青金鳄皮,31,3.94,4.72,1.2,2024-06-20
MAC-10,崭新出厂,StatTrak™,38952,MAC-10（StatTrak™） | 海洋,344,3.91,5.15,1.32,2024-06-20
MAC-10,崭新出厂,普通,769230,MAC-10 | 白鲑鱼,114,3.86,5.08,1.32,2024-06-20
MAC-10,略有磨损,StatTrak™,956567,MAC-10（StatTrak™） | 灯箱,255,3.62,4.72,1.3,2024-06-20
MAC-10,略有磨损,纪念品,761387,MAC-10（纪念品） | 小牛皮,341,3.49,5.3,1.52,2024-06-20
MAC-10,破损不堪,StatTrak™,781658,MAC-10（StatTrak™） | 魅惑,98,3.42,4.14,1.21,2024-06-20
MAC-10,崭新出厂,普通,35434,MAC-10 | 冉吉,224,3.19,4.14,1.3,2024-06-20
MAC-10,战痕累累,纪念品,37760,MAC-10（纪念品） | 棕榈色,46,3.16,4.72,1.49,2024-06-20
MAC-10,战痕累累,StatTrak™,38956,MAC-10（StatTrak™） | 冉吉,22,3.12,3.7,1.19,2024-06-20
MAC-10,久经沙场,StatTrak™,857552,MAC-10（StatTrak™） | 战争手柄,182,3.06,4.28,1.4,2024-06-20
MAC-10,略有磨损,普通,857565,MAC-10 | 战争手柄,269,3.05,4.21,1.38,2024-06-20
MAC-10,久经沙场,纪念品,37762,MAC-10（纪念品） | 棕榈色,222,3.02,4.72,1.56,2024-06-20
MAC-10,略有磨损,StatTrak™,38916,MAC-10（StatTrak™） | 捕猎者,123,2.96,4.14,1.4,2024-06-20
MAC-10,战痕累累,StatTrak™,781651,MAC-10（StatTrak™） | 魅惑,88,2.94,3.7,1.26,2024-06-20
MAC-10,破损不堪,StatTrak™,38960,MAC-10（StatTrak™） | 冉吉,14,2.85,4.21,1.48,2024-06-20
MAC-10,久经沙场,普通,763301,MAC-10 | 销声,216,2.81,3.92,1.4,2024-06-20
MAC-10,战痕累累,普通,781607,MAC-10 | 魅惑,161,2.78,2.18,0.78,2024-06-20
MAC-10,崭新出厂,普通,35369,MAC-10 | 捕猎者,103,2.53,3.34,1.32,2024-06-20
MAC-10,略有磨损,纪念品,772913,MAC-10（纪念品） | 都市 DDPAT,231,2.49,3.63,1.46,2024-06-20
MAC-10,破损不堪,普通,763297,MAC-10 | 销声,82,2.49,3.34,1.34,2024-06-20
MAC-10,破损不堪,StatTrak™,857560,MAC-10（StatTrak™） | 战争手柄,42,2.29,3.41,1.49,2024-06-20
MAC-10,久经沙场,StatTrak™,38958,MAC-10（StatTrak™） | 冉吉,208,2.26,3.12,1.38,2024-06-20
MAC-10,战痕累累,普通,763360,MAC-10 | 销声,173,2.19,2.98,1.36,2024-06-20
MAC-10,战痕累累,StatTrak™,857662,MAC-10（StatTrak™） | 战争手柄,66,2.18,3.05,1.4,2024-06-20
MAC-10,破损不堪,普通,781549,MAC-10 | 魅惑,349,2.09,2.47,1.18,2024-06-20
MAC-10,略有磨损,普通,35436,MAC-10 | 冉吉,187,2.06,2.69,1.31,2024-06-20
MAC-10,破损不堪,普通,921525,MAC-10 | 错觉,3109,2.04,2.83,1.39,2024-06-20
MAC-10,久经沙场,普通,781592,MAC-10 | 魅惑,1610,2.19,2.83,1.29,2024-06-20
MAC-10,略有磨损,StatTrak™,38954,MAC-10（StatTrak™） | 海洋,456,1.99,2.9,1.46,2024-06-20
MAC-10,略有磨损,普通,927284,MAC-10 | 鸣沙,745,1.95,2.47,1.27,2024-06-20
MAC-10,略有磨损,StatTrak™,773693,MAC-10（StatTrak™） | 板条箱,66,1.93,2.76,1.43,2024-06-20
MAC-10,略有磨损,普通,769136,MAC-10 | 白鲑鱼,223,1.9,2.47,1.3,2024-06-20
MAC-10,崭新出厂,普通,773775,MAC-10 | 板条箱,80,1.87,2.61,1.4,2024-06-20
MAC-10,久经沙场,StatTrak™,769256,MAC-10（StatTrak™） | 白鲑鱼,132,1.86,2.69,1.45,2024-06-20
MAC-10,战痕累累,普通,857634,MAC-10 | 战争手柄,165,1.81,1.89,1.04,2024-06-20
MAC-10,战痕累累,StatTrak™,769227,MAC-10（StatTrak™） | 白鲑鱼,23,1.78,1.52,0.85,2024-06-20
MAC-10,破损不堪,StatTrak™,769181,MAC-10（StatTrak™） | 白鲑鱼,61,1.68,2.03,1.21,2024-06-20
MAC-10,略有磨损,StatTrak™,900560,MAC-10（StatTrak™） | 萌猴迷彩,224,1.67,2.1,1.26,2024-06-20
MAC-10,久经沙场,StatTrak™,956569,MAC-10（StatTrak™） | 灯箱,146,1.58,2.1,1.33,2024-06-20
MAC-10,久经沙场,普通,857602,MAC-10 | 战争手柄,811,1.5,2.1,1.4,2024-06-20
MAC-10,略有磨损,StatTrak™,887023,MAC-10（StatTrak™） | 坐牢,574,1.44,1.96,1.36,2024-06-20
MAC-10,久经沙场,普通,927303,MAC-10 | 鸣沙,1065,1.38,1.74,1.26,2024-06-20
MAC-10,破损不堪,普通,857605,MAC-10 | 战争手柄,115,1.36,1.96,1.44,2024-06-20
MAC-10,战痕累累,普通,921425,MAC-10 | 错觉,2170,1.33,1.81,1.36,2024-06-20
MAC-10,崭新出厂,普通,900537,MAC-10 | 萌猴迷彩,304,1.32,1.67,1.27,2024-06-20
MAC-10,崭新出厂,普通,35424,MAC-10 | 海洋,545,1.32,1.81,1.37,2024-06-20
MAC-10,久经沙场,普通,35435,MAC-10 | 冉吉,230,1.28,1.67,1.3,2024-06-20
MAC-10,破损不堪,StatTrak™,956535,MAC-10（StatTrak™） | 灯箱,347,1.23,1.45,1.18,2024-06-20
MAC-10,破损不堪,纪念品,929092,MAC-10（纪念品） | 鸣沙,24,1.22,1.38,1.13,2024-06-20
MAC-10,战痕累累,StatTrak™,956560,MAC-10（StatTrak™） | 灯箱,153,1.19,1.52,1.28,2024-06-20
MAC-10,战痕累累,StatTrak™,38913,MAC-10（StatTrak™） | 捕猎者,45,1.17,1.52,1.3,2024-06-20
MAC-10,崭新出厂,普通,886989,MAC-10 | 坐牢,836,1.16,1.67,1.44,2024-06-20
MAC-10,破损不堪,普通,927359,MAC-10 | 鸣沙,73,1.15,1.52,1.32,2024-06-20
MAC-10,破损不堪,StatTrak™,38955,MAC-10（StatTrak™） | 海洋,32,1.09,1.52,1.39,2024-06-20
MAC-10,久经沙场,StatTrak™,38915,MAC-10（StatTrak™） | 捕猎者,89,1.09,1.67,1.53,2024-06-20
MAC-10,崭新出厂,普通,35429,MAC-10 | 棕榈色,73,1.09,1.38,1.27,2024-06-20
MAC-10,久经沙场,纪念品,761367,MAC-10（纪念品） | 小牛皮,449,1.08,1.45,1.34,2024-06-20
MAC-10,崭新出厂,纪念品,876935,MAC-10（纪念品） | 策略,277,1.03,1.02,0.99,2024-06-20
MAC-10,久经沙场,普通,773679,MAC-10 | 板条箱,44,1.01,1.16,1.15,2024-06-20
MAC-10,破损不堪,StatTrak™,38917,MAC-10（StatTrak™） | 捕猎者,41,1,1.67,1.67,2024-06-20
MAC-10,战痕累累,普通,35433,MAC-10 | 冉吉,25,0.99,1.52,1.54,2024-06-20
MAC-10,破损不堪,普通,35372,MAC-10 | 捕猎者,60,0.99,1.16,1.17,2024-06-20
MAC-10,崭新出厂,普通,762101,MAC-10 | 小牛皮,894,0.97,1.38,1.42,2024-06-20
MAC-10,破损不堪,StatTrak™,773709,MAC-10（StatTrak™） | 板条箱,22,0.96,0.94,0.98,2024-06-20
MAC-10,战痕累累,普通,927333,MAC-10 | 鸣沙,222,0.94,1.31,1.39,2024-06-20
MAC-10,略有磨损,普通,956473,MAC-10 | 灯箱,860,0.92,1.38,1.5,2024-06-20
MAC-10,破损不堪,纪念品,876888,MAC-10（纪念品） | 策略,32,0.89,0.8,0.9,2024-06-20
MAC-10,崭新出厂,普通,33821,MAC-10 | 红苹果,4154,0.88,1.16,1.32,2024-06-20
MAC-10,破损不堪,普通,35437,MAC-10 | 冉吉,14,0.87,1.38,1.59,2024-06-20
MAC-10,略有磨损,普通,35371,MAC-10 | 捕猎者,122,0.86,1.16,1.35,2024-06-20
MAC-10,久经沙场,StatTrak™,773690,MAC-10（StatTrak™） | 板条箱,119,0.84,1.09,1.3,2024-06-20
MAC-10,略有磨损,普通,773654,MAC-10 | 板条箱,69,0.84,1.16,1.38,2024-06-20
MAC-10,略有磨损,纪念品,929042,MAC-10（纪念品） | 鸣沙,129,0.83,1.09,1.31,2024-06-20
MAC-10,久经沙场,StatTrak™,38953,MAC-10（StatTrak™） | 海洋,507,0.82,1.16,1.41,2024-06-20
MAC-10,崭新出厂,普通,33824,MAC-10 | 银质,8426,0.81,1.09,1.35,2024-06-20
MAC-10,战痕累累,StatTrak™,773701,MAC-10（StatTrak™） | 板条箱,85,0.79,0.94,1.19,2024-06-20
MAC-10,久经沙场,普通,35370,MAC-10 | 捕猎者,71,0.79,1.23,1.56,2024-06-20
MAC-10,略有磨损,普通,35426,MAC-10 | 海洋,555,0.79,1.09,1.38,2024-06-20
MAC-10,战痕累累,普通,773672,MAC-10 | 板条箱,43,0.77,1.02,1.32,2024-06-20
MAC-10,久经沙场,普通,769221,MAC-10 | 白鲑鱼,177,0.77,1.02,1.32,2024-06-20
MAC-10,略有磨损,普通,35438,MAC-10 | 银质,305,0.74,1.02,1.38,2024-06-20
MAC-10,战痕累累,普通,35368,MAC-10 | 捕猎者,44,0.71,1.45,2.04,2024-06-20
MAC-10,破损不堪,普通,773626,MAC-10 | 板条箱,41,0.68,0.94,1.38,2024-06-20
MAC-10,战痕累累,StatTrak™,38951,MAC-10（StatTrak™） | 海洋,45,0.68,0.8,1.18,2024-06-20
MAC-10,战痕累累,StatTrak™,886655,MAC-10（StatTrak™） | 坐牢,102,0.64,0.87,1.36,2024-06-20
MAC-10,略有磨损,普通,35367,MAC-10 | 红苹果,1705,0.65,0.87,1.34,2024-06-20
MAC-10,久经沙场,普通,35366,MAC-10 | 红苹果,261,0.63,0.73,1.16,2024-06-20
MAC-10,略有磨损,普通,35431,MAC-10 | 棕榈色,249,0.62,0.87,1.4,2024-06-20
MAC-10,破损不堪,纪念品,761323,MAC-10（纪念品） | 小牛皮,174,0.61,0.8,1.31,2024-06-20
MAC-10,久经沙场,StatTrak™,900584,MAC-10（StatTrak™） | 萌猴迷彩,345,0.59,0.94,1.59,2024-06-20
MAC-10,略有磨损,普通,900467,MAC-10 | 萌猴迷彩,469,0.59,0.87,1.47,2024-06-20
MAC-10,久经沙场,StatTrak™,886986,MAC-10（StatTrak™） | 坐牢,726,0.57,0.87,1.53,2024-06-20
MAC-10,战痕累累,普通,769236,MAC-10 | 白鲑鱼,67,0.56,0.8,1.43,2024-06-20
MAC-10,破损不堪,普通,769179,MAC-10 | 白鲑鱼,66,0.6,0.87,1.45,2024-06-20
MAC-10,破损不堪,StatTrak™,886985,MAC-10（StatTrak™） | 坐牢,161,0.6,0.8,1.33,2024-06-20
MAC-10,破损不堪,StatTrak™,900495,MAC-10（StatTrak™） | 萌猴迷彩,195,0.5,0.8,1.6,2024-06-20
MAC-10,久经沙场,普通,956514,MAC-10 | 灯箱,414,0.54,0.87,1.61,2024-06-20
MAC-10,战痕累累,StatTrak™,900595,MAC-10（StatTrak™） | 萌猴迷彩,74,0.49,0.8,1.63,2024-06-20
MAC-10,破损不堪,普通,956487,MAC-10 | 灯箱,437,0.5,0.65,1.3,2024-06-20
MAC-10,破损不堪,纪念品,772912,MAC-10（纪念品） | 都市 DDPAT,72,0.47,0.65,1.38,2024-06-20
MAC-10,战痕累累,纪念品,761385,MAC-10（纪念品） | 小牛皮,153,0.45,0.73,1.62,2024-06-20
MAC-10,战痕累累,普通,956491,MAC-10 | 灯箱,188,0.44,0.73,1.66,2024-06-20
MAC-10,略有磨损,普通,886649,MAC-10 | 坐牢,1744,0.44,0.73,1.66,2024-06-20
MAC-10,略有磨损,普通,762095,MAC-10 | 小牛皮,968,0.41,0.58,1.41,2024-06-20
MAC-10,破损不堪,普通,35427,MAC-10 | 海洋,21,0.4,0.73,1.82,2024-06-20
MAC-10,久经沙场,普通,35425,MAC-10 | 海洋,362,0.41,0.73,1.78,2024-06-20
MAC-10,久经沙场,普通,35430,MAC-10 | 棕榈色,522,0.38,0.65,1.71,2024-06-20
MAC-10,久经沙场,纪念品,772901,MAC-10（纪念品） | 都市 DDPAT,606,0.35,0.58,1.66,2024-06-20
MAC-10,破损不堪,普通,35432,MAC-10 | 棕榈色,63,0.34,0.58,1.71,2024-06-20
MAC-10,略有磨损,纪念品,876907,MAC-10（纪念品） | 策略,254,0.31,0.51,1.65,2024-06-20
MAC-10,久经沙场,普通,900516,MAC-10 | 萌猴迷彩,627,0.29,0.58,2.0,2024-06-20
MAC-10,久经沙场,普通,762127,MAC-10 | 小牛皮,787,0.28,0.58,2.07,2024-06-20
MAC-10,战痕累累,纪念品,929049,MAC-10（纪念品） | 鸣沙,107,0.25,0.51,2.04,2024-06-20
MAC-10,破损不堪,普通,900521,MAC-10 | 萌猴迷彩,406,0.25,0.44,1.76,2024-06-20
MAC-10,破损不堪,普通,762128,MAC-10 | 小牛皮,313,0.27,0.44,1.63,2024-06-20
MAC-10,战痕累累,纪念品,772909,MAC-10（纪念品） | 都市 DDPAT,100,0.23,0.44,1.91,2024-06-20
MAC-10,战痕累累,普通,35428,MAC-10 | 棕榈色,132,0.23,0.44,1.91,2024-06-20
MAC-10,战痕累累,普通,35423,MAC-10 | 海洋,116,0.24,0.51,2.12,2024-06-20
MAC-10,久经沙场,纪念品,929023,MAC-10（纪念品） | 鸣沙,249,0.22,0.44,2.0,2024-06-20
MAC-10,战痕累累,普通,886987,MAC-10 | 坐牢,621,0.23,0.44,1.91,2024-06-20
MAC-10,久经沙场,普通,886607,MAC-10 | 坐牢,3028,0.23,0.44,1.91,2024-06-20
MAC-10,战痕累累,普通,762126,MAC-10 | 小牛皮,224,0.22,0.51,2.32,2024-06-20
MAC-10,战痕累累,普通,900471,MAC-10 | 萌猴迷彩,300,0.2,0.44,2.2,2024-06-20
MAC-10,破损不堪,普通,886943,MAC-10 | 坐牢,328,0.19,0.44,2.32,2024-06-20
MAC-10,久经沙场,纪念品,876908,MAC-10（纪念品） | 策略,435,0.12,0.29,2.42,2024-06-20
MAC-10,崭新出厂,纪念品,876848,MAC-10（纪念品） | 赭色大马士革,1779,0.1,0.29,2.9,2024-06-20
MAC-10,战痕累累,纪念品,876896,MAC-10（纪念品） | 策略,76,0.09,0.29,3.22,2024-06-20
MAC-10,略有磨损,纪念品,876853,MAC-10（纪念品） | 赭色大马士革,2213,0.03,0.22,7.33,2024-06-20
MAC-10,战痕累累,纪念品,876884,MAC-10（纪念品） | 赭色大马士革,473,0.02,0.22,11.0,2024-06-20
MAC-10,破损不堪,纪念品,876875,MAC-10（纪念品） | 赭色大马士革,193,0.02,0.22,11.0,2024-06-20
MAC-10,久经沙场,纪念品,876871,MAC-10（纪念品） | 赭色大马士革,5044,0.02,0.22,11.0,2024-06-20
MAC-10,崭新出厂,纪念品,876935,MAC-10（纪念品） | 策略,277,1.03,1.02,0.99,2024-06-20
MAC-10,久经沙场,普通,773679,MAC-10 | 板条箱,44,1.01,1.16,1.15,2024-06-20
MAC-10,破损不堪,StatTrak™,38917,MAC-10（StatTrak™） | 捕猎者,41,1,1.67,1.67,2024-06-20
MAC-10,战痕累累,普通,35433,MAC-10 | 冉吉,25,0.99,1.52,1.54,2024-06-20
MAC-10,破损不堪,普通,35372,MAC-10 | 捕猎者,60,0.99,1.16,1.17,2024-06-20
MAC-10,崭新出厂,普通,762101,MAC-10 | 小牛皮,894,0.97,1.38,1.42,2024-06-20
MAC-10,破损不堪,StatTrak™,773709,MAC-10（StatTrak™） | 板条箱,22,0.96,0.94,0.98,2024-06-20
MAC-10,战痕累累,普通,927333,MAC-10 | 鸣沙,222,0.94,1.31,1.39,2024-06-20
MAC-10,略有磨损,普通,956473,MAC-10 | 灯箱,860,0.92,1.38,1.5,2024-06-20
MAC-10,破损不堪,纪念品,876888,MAC-10（纪念品） | 策略,32,0.89,0.8,0.9,2024-06-20
MAC-10,崭新出厂,普通,33821,MAC-10 | 红苹果,4154,0.88,1.16,1.32,2024-06-20
MAC-10,破损不堪,普通,35437,MAC-10 | 冉吉,14,0.87,1.38,1.59,2024-06-20
MAC-10,略有磨损,普通,35371,MAC-10 | 捕猎者,122,0.86,1.16,1.35,2024-06-20
MAC-10,久经沙场,StatTrak™,773690,MAC-10（StatTrak™） | 板条箱,119,0.84,1.09,1.3,2024-06-20
MAC-10,略有磨损,普通,773654,MAC-10 | 板条箱,69,0.84,1.16,1.38,2024-06-20
MAC-10,略有磨损,纪念品,929042,MAC-10（纪念品） | 鸣沙,129,0.83,1.09,1.31,2024-06-20
MAC-10,久经沙场,StatTrak™,38953,MAC-10（StatTrak™） | 海洋,507,0.82,1.16,1.41,2024-06-20
MAC-10,崭新出厂,普通,33824,MAC-10 | 银质,8426,0.81,1.09,1.35,2024-06-20
MAC-10,战痕累累,StatTrak™,773701,MAC-10（StatTrak™） | 板条箱,85,0.79,0.94,1.19,2024-06-20
MAC-10,久经沙场,普通,35370,MAC-10 | 捕猎者,71,0.79,1.23,1.56,2024-06-20
MAC-10,略有磨损,普通,35426,MAC-10 | 海洋,555,0.79,1.09,1.38,2024-06-20
MAC-10,战痕累累,普通,773672,MAC-10 | 板条箱,43,0.77,1.02,1.32,2024-06-20
MAC-10,久经沙场,普通,769221,MAC-10 | 白鲑鱼,177,0.77,1.02,1.32,2024-06-20
MAC-10,略有磨损,普通,35438,MAC-10 | 银质,305,0.74,0.94,1.27,2024-06-20
MAC-10,战痕累累,普通,35368,MAC-10 | 捕猎者,44,0.71,1.45,2.04,2024-06-20
MAC-10,破损不堪,普通,773626,MAC-10 | 板条箱,41,0.68,0.94,1.38,2024-06-20
MAC-10,战痕累累,StatTrak™,38951,MAC-10（StatTrak™） | 海洋,45,0.68,0.8,1.18,2024-06-20
MAC-10,战痕累累,StatTrak™,886655,MAC-10（StatTrak™） | 坐牢,102,0.64,0.87,1.36,2024-06-20
MAC-10,略有磨损,普通,35367,MAC-10 | 红苹果,1705,0.65,0.87,1.34,2024-06-20
MAC-10,久经沙场,普通,35366,MAC-10 | 红苹果,261,0.63,0.73,1.16,2024-06-20
MAC-10,略有磨损,普通,35431,MAC-10 | 棕榈色,249,0.62,0.87,1.4,2024-06-20
MAC-10,破损不堪,纪念品,761323,MAC-10（纪念品） | 小牛皮,174,0.61,0.8,1.31,2024-06-20
MAC-10,久经沙场,StatTrak™,900584,MAC-10（StatTrak™） | 萌猴迷彩,345,0.59,0.94,1.59,2024-06-20
MAC-10,略有磨损,普通,900467,MAC-10 | 萌猴迷彩,469,0.59,0.87,1.47,2024-06-20
MAC-10,久经沙场,StatTrak™,886986,MAC-10（StatTrak™） | 坐牢,726,0.57,0.87,1.53,2024-06-20
MAC-10,战痕累累,普通,769236,MAC-10 | 白鲑鱼,67,0.56,0.8,1.43,2024-06-20
MAC-10,破损不堪,普通,769179,MAC-10 | 白鲑鱼,66,0.6,0.87,1.45,2024-06-20
MAC-10,破损不堪,StatTrak™,886985,MAC-10（StatTrak™） | 坐牢,161,0.6,0.8,1.33,2024-06-20
MAC-10,破损不堪,StatTrak™,900495,MAC-10（StatTrak™） | 萌猴迷彩,195,0.5,0.8,1.6,2024-06-20
MAC-10,久经沙场,普通,956514,MAC-10 | 灯箱,414,0.54,0.8,1.48,2024-06-20
MAC-10,战痕累累,StatTrak™,900595,MAC-10（StatTrak™） | 萌猴迷彩,74,0.49,0.8,1.63,2024-06-20
MAC-10,破损不堪,普通,956487,MAC-10 | 灯箱,437,0.5,0.65,1.3,2024-06-20
MAC-10,破损不堪,纪念品,772912,MAC-10（纪念品） | 都市 DDPAT,72,0.47,0.65,1.38,2024-06-20
MAC-10,战痕累累,纪念品,761385,MAC-10（纪念品） | 小牛皮,153,0.45,0.73,1.62,2024-06-20
MAC-10,战痕累累,普通,956491,MAC-10 | 灯箱,188,0.44,0.73,1.66,2024-06-20
MAC-10,略有磨损,普通,886649,MAC-10 | 坐牢,1744,0.44,0.73,1.66,2024-06-20
MAC-10,略有磨损,普通,762095,MAC-10 | 小牛皮,968,0.41,0.58,1.41,2024-06-20
MAC-10,破损不堪,普通,35427,MAC-10 | 海洋,21,0.4,0.73,1.82,2024-06-20
MAC-10,久经沙场,普通,35425,MAC-10 | 海洋,362,0.41,0.73,1.78,2024-06-20
MAC-10,久经沙场,普通,35430,MAC-10 | 棕榈色,525,0.38,0.65,1.71,2024-06-20
MAC-10,久经沙场,纪念品,772901,MAC-10（纪念品） | 都市 DDPAT,606,0.35,0.58,1.66,2024-06-20
MAC-10,破损不堪,普通,35432,MAC-10 | 棕榈色,63,0.34,0.58,1.71,2024-06-20
MAC-10,略有磨损,纪念品,876907,MAC-10（纪念品） | 策略,254,0.31,0.51,1.65,2024-06-20
MAC-10,久经沙场,普通,900516,MAC-10 | 萌猴迷彩,627,0.29,0.58,2.0,2024-06-20
MAC-10,久经沙场,普通,762127,MAC-10 | 小牛皮,787,0.28,0.58,2.07,2024-06-20
MAC-10,战痕累累,纪念品,929049,MAC-10（纪念品） | 鸣沙,107,0.25,0.51,2.04,2024-06-20
MAC-10,破损不堪,普通,900521,MAC-10 | 萌猴迷彩,406,0.25,0.44,1.76,2024-06-20
MAC-10,破损不堪,普通,762128,MAC-10 | 小牛皮,313,0.27,0.44,1.63,2024-06-20
MAC-10,战痕累累,纪念品,772909,MAC-10（纪念品） | 都市 DDPAT,100,0.23,0.44,1.91,2024-06-20
MAC-10,战痕累累,普通,35428,MAC-10 | 棕榈色,132,0.23,0.44,1.91,2024-06-20
MAC-10,战痕累累,普通,35423,MAC-10 | 海洋,116,0.24,0.51,2.12,2024-06-20
MAC-10,久经沙场,纪念品,929023,MAC-10（纪念品） | 鸣沙,249,0.22,0.44,2.0,2024-06-20
MAC-10,战痕累累,普通,886987,MAC-10 | 坐牢,621,0.23,0.44,1.91,2024-06-20
MAC-10,久经沙场,普通,886607,MAC-10 | 坐牢,3028,0.23,0.51,2.22,2024-06-20
MAC-10,战痕累累,普通,762126,MAC-10 | 小牛皮,224,0.22,0.51,2.32,2024-06-20
MAC-10,战痕累累,普通,900471,MAC-10 | 萌猴迷彩,300,0.2,0.44,2.2,2024-06-20
MAC-10,破损不堪,普通,886943,MAC-10 | 坐牢,328,0.19,0.44,2.32,2024-06-20
MAC-10,久经沙场,纪念品,876908,MAC-10（纪念品） | 策略,435,0.12,0.29,2.42,2024-06-20
MAC-10,崭新出厂,纪念品,876848,MAC-10（纪念品） | 赭色大马士革,1779,0.1,0.29,2.9,2024-06-20
MAC-10,战痕累累,纪念品,876896,MAC-10（纪念品） | 策略,76,0.09,0.29,3.22,2024-06-20
MAC-10,略有磨损,纪念品,876853,MAC-10（纪念品） | 赭色大马士革,2213,0.03,0.22,7.33,2024-06-20
MAC-10,战痕累累,纪念品,876884,MAC-10（纪念品） | 赭色大马士革,473,0.02,0.22,11.0,2024-06-20
MAC-10,破损不堪,纪念品,876875,MAC-10（纪念品） | 赭色大马士革,193,0.02,0.22,11.0,2024-06-20
MAC-10,久经沙场,纪念品,876871,MAC-10（纪念品） | 赭色大马士革,5044,0.02,0.22,11.0,2024-06-20
MAC-10,崭新出厂,StatTrak™,776577,MAC-10（StatTrak™） | 潜行者,10,2119,7180.4,3.39,2024-06-20
MAC-10,崭新出厂,普通,835964,MAC-10 | 狂蟒之灾,84,1617,2435.87,1.51,2024-06-20
MAC-10,战痕累累,普通,776790,MAC-10 | 绯红镂刻,1,1199.5,1184.12,0.99,2024-06-20
MAC-10,略有磨损,普通,835911,MAC-10 | 狂蟒之灾,41,1089.5,1732.41,1.59,2024-06-20
MAC-10,破损不堪,纪念品,37746,MAC-10（纪念品） | 渐变琥珀,5,999.5,628.27,0.63,2024-06-20
MAC-10,战痕累累,普通,836033,MAC-10 | 狂蟒之灾,9,787.5,1149.86,1.46,2024-06-20
MAC-10,崭新出厂,普通,775401,MAC-10 | 赤金锁链,17,769.5,1260.54,1.64,2024-06-20
MAC-10,崭新出厂,StatTrak™,38924,MAC-10（StatTrak™） | 不可磨灭,9,768.5,1099.21,1.43,2024-06-20
MAC-10,略有磨损,普通,775993,MAC-10 | 赤金锁链,10,755.04,1251.9,1.66,2024-06-20
MAC-10,久经沙场,普通,774912,MAC-10 | 赤金锁链,6,755.04,973.58,1.29,2024-06-20
MAC-10,战痕累累,普通,776107,MAC-10 | 赤金锁链,2,749.5,2009.36,2.68,2024-06-20
MAC-10,久经沙场,普通,835930,MAC-10 | 狂蟒之灾,71,744.4,1335.07,1.79,2024-06-20
MAC-10,破损不堪,普通,835784,MAC-10 | 狂蟒之灾,19,719.5,1559.11,2.17,2024-06-20
MAC-10,崭新出厂,普通,775958,MAC-10 | 绯红镂刻,43,665.5,976.85,1.47,2024-06-20
MAC-10,略有磨损,普通,776200,MAC-10 | 绯红镂刻,11,654.49,1120.47,1.71,2024-06-20
MAC-10,崭新出厂,StatTrak™,38967,MAC-10（StatTrak™） | 致命紫罗兰,10,606.5,1559.03,2.57,2024-06-20
MAC-10,久经沙场,普通,775951,MAC-10 | 绯红镂刻,6,585.47,765.37,1.31,2024-06-20
MAC-10,崭新出厂,普通,871665,MAC-10 | 表面淬火,171,526.5,779.52,1.48,2024-06-20
MAC-10,战痕累累,普通,871459,MAC-10 | 表面淬火,14,524.5,787.28,1.5,2024-06-20
MAC-10,略有磨损,普通,871534,MAC-10 | 表面淬火,123,524,674.58,1.29,2024-06-20
MAC-10,破损不堪,普通,871573,MAC-10 | 表面淬火,32,519.49,699.54,1.35,2024-06-20
MAC-10,久经沙场,普通,871222,MAC-10 | 表面淬火,132,502.5,599.53,1.19,2024-06-20
MAC-10,略有磨损,StatTrak™,776649,MAC-10（StatTrak™） | 潜行者,29,491,699.54,1.42,2024-06-20
MAC-10,崭新出厂,普通,835860,MAC-10 | 金砖,108,399.5,529.79,1.33,2024-06-20
MAC-10,崭新出厂,纪念品,877182,MAC-10（纪念品） | 表面淬火,33,393.5,686.04,1.74,2024-06-20
MAC-10,崭新出厂,普通,776054,MAC-10 | 潜行者,51,364,474.2,1.3,2024-06-20
MAC-10,略有磨损,StatTrak™,38926,MAC-10（StatTrak™） | 不可磨灭,8,343,465.78,1.36,2024-06-20
MAC-10,破损不堪,普通,836020,MAC-10 | 金砖,1,319.5,7192.81,22.51,2024-06-20
MAC-10,久经沙场,StatTrak™,38925,MAC-10（StatTrak™） | 不可磨灭,18,311.28,376.08,1.21,2024-06-20
MAC-10,略有磨损,普通,835821,MAC-10 | 金砖,28,309.5,462.59,1.49,2024-06-20
MAC-10,崭新出厂,纪念品,877102,MAC-10（纪念品） | 金砖,53,299.5,479.57,1.6,2024-06-20
MAC-10,破损不堪,StatTrak™,38927,MAC-10（StatTrak™） | 不可磨灭,6,299.48,403.37,1.35,2024-06-20
MAC-10,战痕累累,StatTrak™,38923,MAC-10（StatTrak™） | 不可磨灭,5,289.5,391.9,1.35,2024-06-20
MAC-10,战痕累累,普通,35378,MAC-10 | 诅咒,2,286.49,88.83,0.31,2024-06-20
MAC-10,略有磨损,普通,35384,MAC-10 | 渐变之色,10,279.5,435.44,1.56,2024-06-20
MAC-10,战痕累累,普通,836002,MAC-10 | 金砖,5,274.74,368.02,1.34,2024-06-20
MAC-10,久经沙场,普通,835865,MAC-10 | 金砖,19,274.5,348.36,1.27,2024-06-20
MAC-10,崭新出厂,纪念品,37751,MAC-10（纪念品） | 紫青之色,25,258.5,500.76,1.94,2024-06-20
MAC-10,崭新出厂,普通,871288,MAC-10 | 凝视之眼,91,257.4,331.66,1.29,2024-06-20
MAC-10,崭新出厂,纪念品,37756,MAC-10（纪念品） | 核子花园,105,248.5,367.73,1.48,2024-06-20
MAC-10,崭新出厂,StatTrak™,871819,MAC-10（StatTrak™） | 玩具盒子,8,244.5,356.19,1.46,2024-06-20
MAC-10,崭新出厂,StatTrak™,38947,MAC-10（StatTrak™） | 霓虹骑士,96,236.16,289.79,1.23,2024-06-20
MAC-10,崭新出厂,StatTrak™,779328,MAC-10（StatTrak™） | 渐变迪斯科,110,229.5,326.58,1.42,2024-06-20
MAC-10,久经沙场,StatTrak™,776262,MAC-10（StatTrak™） | 潜行者,29,227.8,309.75,1.36,2024-06-20
MAC-10,略有磨损,普通,871127,MAC-10 | 凝视之眼,44,226.26,288.99,1.28,2024-06-20
MAC-10,崭新出厂,普通,35386,MAC-10 | 不可磨灭,14,211.5,345.02,1.63,2024-06-20
MAC-10,崭新出厂,普通,35383,MAC-10 | 渐变之色,633,201.98,267.51,1.32,2024-06-20
MAC-10,战痕累累,StatTrak™,38918,MAC-10（StatTrak™） | 诅咒,1,198,2275.56,11.49,2024-06-20
MAC-10,久经沙场,普通,871129,MAC-10 | 凝视之眼,25,197.47,272.88,1.38,2024-06-20
MAC-10,破损不堪,普通,35365,MAC-10 | 渐变琥珀,3,180.27,181.44,1.01,2024-06-20
MAC-10,破损不堪,StatTrak™,776457,MAC-10（StatTrak™） | 潜行者,8,177.97,237.17,1.33,2024-06-20
MAC-10,略有磨损,普通,35388,MAC-10 | 不可磨灭,12,176.7,233.69,1.32,2024-06-20
MAC-10,破损不堪,普通,35389,MAC-10 | 不可磨灭,1,174.25,219.83,1.26,2024-06-20
MAC-10,崭新出厂,普通,35450,MAC-10 | 致命紫罗兰,12,173,228.97,1.32,2024-06-20
MAC-10,破损不堪,普通,871791,MAC-10 | 凝视之眼,7,171.9,222.22,1.29,2024-06-20
MAC-10,崭新出厂,普通,35445,MAC-10 | 狂哮飓风,6,168.9,281.51,1.67,2024-06-20
MAC-10,崭新出厂,普通,35396,MAC-10 | 紫青之色,19,168.5,211.7,1.26,2024-06-20
MAC-10,战痕累累,普通,871619,MAC-10 | 凝视之眼,13,168.49,193.19,1.15,2024-06-20
MAC-10,久经沙场,普通,35387,MAC-10 | 不可磨灭,14,168.3,215.76,1.28,2024-06-20
MAC-10,崭新出厂,普通,35455,MAC-10 | 都市 DDPAT,5,165.16,170.62,1.03,2024-06-20
MAC-10,略有磨损,纪念品,877081,MAC-10（纪念品） | 金砖,54,159.77,204.8,1.28,2024-06-20
MAC-10,战痕累累,普通,35385,MAC-10 | 不可磨灭,6,159.5,195.95,1.23,2024-06-20
MAC-10,崭新出厂,普通,35374,MAC-10 | 通勤者皮革,10,159.5,227.37,1.43,2024-06-20
MAC-10,战痕累累,StatTrak™,776705,MAC-10（StatTrak™） | 潜行者,18,154.49,196.24,1.27,2024-06-20
MAC-10,崭新出厂,纪念品,37743,MAC-10（纪念品） | 渐变琥珀,148,150.97,195.01,1.29,2024-06-20
MAC-10,略有磨损,StatTrak™,38949,MAC-10（StatTrak™） | 霓虹骑士,51,134.79,179.55,1.33,2024-06-20
MAC-10,略有磨损,普通,775979,MAC-10 | 潜行者,165,131.97,181.44,1.37,2024-06-20
MAC-10,崭新出厂,纪念品,37761,MAC-10（纪念品） | 棕榈色,11,118.5,534.43,4.51,2024-06-20
MAC-10,崭新出厂,StatTrak™,38962,MAC-10（StatTrak™） | 烧尽,22,118.22,158.57,1.34,2024-06-20
MAC-10,略有磨损,StatTrak™,871872,MAC-10（StatTrak™） | 玩具盒子,13,117.5,163.65,1.39,2024-06-20
MAC-10,破损不堪,StatTrak™,38950,MAC-10（StatTrak™） | 霓虹骑士,5,115.9,152.33,1.31,2024-06-20
MAC-10,崭新出厂,普通,35362,MAC-10 | 渐变琥珀,35,113,147.54,1.31,2024-06-20
MAC-10,崭新出厂,StatTrak™,38919,MAC-10（StatTrak™） | 诅咒,23,109.85,155.82,1.42,2024-06-20
MAC-10,破损不堪,StatTrak™,38922,MAC-10（StatTrak™） | 诅咒,2,108.5,141.3,1.3,2024-06-20
MAC-10,久经沙场,普通,35363,MAC-10 | 渐变琥珀,19,103.17,134.84,1.31,2024-06-20
MAC-10,略有磨损,普通,35364,MAC-10 | 渐变琥珀,26,100.78,141.08,1.4,2024-06-20
MAC-10,略有磨损,StatTrak™,38921,MAC-10（StatTrak™） | 诅咒,12,99.5,126.93,1.28,2024-06-20
MAC-10,略有磨损,StatTrak™,38964,MAC-10（StatTrak™） | 烧尽,16,98.88,124.9,1.26,2024-06-20
MAC-10,略有磨损,纪念品,37745,MAC-10（纪念品） | 渐变琥珀,119,96.3,140.36,1.46,2024-06-20
MAC-10,久经沙场,纪念品,37744,MAC-10（纪念品） | 渐变琥珀,125,94.75,134.84,1.42,2024-06-20
