MAG-7,久经沙场,普通,35499,MAG-7 | 辐照警报,29,21.13,28.87,1.37,2024-06-17
MAG-7,破损不堪,普通,35501,MAG-7 | 辐照警报,53,20.09,28.37,1.41,2024-06-17
MAG-7,破损不堪,StatTrak™,779376,MAG-7（StatTrak™） | 正义,45,19.4,26.77,1.38,2024-06-17
MAG-7,久经沙场,纪念品,877106,MAG-7（纪念品） | 棱彩阶梯,45,19.18,24.01,1.25,2024-06-17
MAG-7,略有磨损,StatTrak™,871684,MAG-7（StatTrak™） | 铋晶体,202,18.26,25.25,1.38,2024-06-17
MAG-7,崭新出厂,普通,35475,MAG-7 | 灼烧之痕,43,17.72,26.92,1.52,2024-06-17
MAG-7,崭新出厂,纪念品,37784,MAG-7（纪念品） | 暴风呼啸,66,17.08,23.65,1.38,2024-06-17
MAG-7,略有磨损,普通,35513,MAG-7 | 禁卫军,93,16.97,22.93,1.35,2024-06-17
MAG-7,破损不堪,普通,35482,MAG-7 | 硬水,15,16.65,22.93,1.38,2024-06-17
MAG-7,略有磨损,普通,35523,MAG-7 | 海鸟,48,16.38,21.84,1.33,2024-06-17
MAG-7,崭新出厂,普通,35489,MAG-7 | 炽热,215,15.97,23.51,1.47,2024-06-17
MAG-7,久经沙场,普通,35480,MAG-7 | 硬水,25,15.57,20.39,1.31,2024-06-17
MAG-7,久经沙场,普通,35517,MAG-7 | 沙丘之黄,38,15.55,20.31,1.31,2024-06-17
MAG-7,久经沙场,普通,35522,MAG-7 | 海鸟,43,14.74,19.3,1.31,2024-06-17
MAG-7,略有磨损,StatTrak™,38988,MAG-7（StatTrak™） | 炽热,212,14.69,20.39,1.39,2024-06-17
MAG-7,战痕累累,StatTrak™,779283,MAG-7（StatTrak™） | 正义,53,14.34,19.73,1.38,2024-06-17
MAG-7,破损不堪,普通,35524,MAG-7 | 海鸟,40,13.88,19.15,1.38,2024-06-17
MAG-7,久经沙场,普通,35512,MAG-7 | 禁卫军,62,13.86,17.77,1.28,2024-06-17
MAG-7,破损不堪,普通,35514,MAG-7 | 禁卫军,9,13.59,17.34,1.28,2024-06-17
MAG-7,久经沙场,普通,779181,MAG-7 | 正义,455,13.56,18.5,1.36,2024-06-17
MAG-7,战痕累累,普通,35520,MAG-7 | 海鸟,10,13.55,18.14,1.34,2024-06-17
MAG-7,战痕累累,StatTrak™,38976,MAG-7（StatTrak™） | 灼烧之痕,37,12.6,17.63,1.4,2024-06-17
MAG-7,战痕累累,普通,35515,MAG-7 | 沙丘之黄,10,12.33,15.89,1.29,2024-06-17
MAG-7,破损不堪,普通,35519,MAG-7 | 沙丘之黄,13,11.96,14.36,1.2,2024-06-17
MAG-7,崭新出厂,普通,871616,MAG-7 | 铋晶体,638,11.9,16.98,1.43,2024-06-17
MAG-7,崭新出厂,StatTrak™,38990,MAG-7（StatTrak™） | 天空守卫,142,11.75,16.11,1.37,2024-06-17
MAG-7,略有磨损,纪念品,761451,MAG-7（纪念品） | 核芯破裂,40,11.7,15.45,1.32,2024-06-17
MAG-7,略有磨损,普通,35534,MAG-7 | 暴风呼啸,30,11.5,15.67,1.36,2024-06-17
MAG-7,崭新出厂,普通,927307,MAG-7 | 鎏铜,241,11.3,15.53,1.37,2024-06-17
MAG-7,崭新出厂,StatTrak™,38972,MAG-7（StatTrak™） | 钴核,111,11.28,15.96,1.41,2024-06-17
MAG-7,略有磨损,StatTrak™,38979,MAG-7（StatTrak™） | 灼烧之痕,67,10.64,15.53,1.46,2024-06-17
MAG-7,破损不堪,普通,779269,MAG-7 | 正义,92,10.14,12.84,1.27,2024-06-17
MAG-7,略有磨损,普通,762206,MAG-7 | 核芯破裂,371,9.77,13.35,1.37,2024-06-17
MAG-7,崭新出厂,普通,781611,MAG-7 | 北冥有鱼,489,9.68,12.91,1.33,2024-06-17
MAG-7,略有磨损,普通,927357,MAG-7 | 鎏铜,362,9.45,12.19,1.29,2024-06-17
MAG-7,略有磨损,StatTrak™,781570,MAG-7（StatTrak™） | 北冥有鱼,314,9.29,12.19,1.31,2024-06-17
MAG-7,久经沙场,StatTrak™,871581,MAG-7（StatTrak™） | 铋晶体,271,9.17,13.13,1.43,2024-06-17
MAG-7,破损不堪,StatTrak™,38980,MAG-7（StatTrak™） | 灼烧之痕,23,8.95,11.83,1.32,2024-06-17
MAG-7,崭新出厂,普通,35507,MAG-7 | 石雕,104,8.84,11.17,1.26,2024-06-17
MAG-7,久经沙场,StatTrak™,38978,MAG-7（StatTrak™） | 灼烧之痕,31,8.41,10.81,1.29,2024-06-17
MAG-7,略有磨损,StatTrak™,38999,MAG-7（StatTrak™） | 石雕,75,8.34,10.88,1.3,2024-06-17
MAG-7,战痕累累,普通,779206,MAG-7 | 正义,210,8.33,11.03,1.32,2024-06-17
MAG-7,崭新出厂,纪念品,37774,MAG-7（纪念品） | 金属 DDPAT,402,8.18,12.12,1.48,2024-06-17
MAG-7,略有磨损,纪念品,37772,MAG-7（纪念品） | 辐照警报,155,8.18,12.33,1.51,2024-06-17
MAG-7,战痕累累,纪念品,761586,MAG-7（纪念品） | 核芯破裂,41,8.03,12.77,1.59,2024-06-17
MAG-7,战痕累累,StatTrak™,871776,MAG-7（StatTrak™） | 铋晶体,15,7.99,10.66,1.33,2024-06-17
MAG-7,破损不堪,StatTrak™,871410,MAG-7（StatTrak™） | 铋晶体,27,7.71,9.65,1.25,2024-06-17
MAG-7,略有磨损,纪念品,37779,MAG-7（纪念品） | 沙丘之黄,402,7.65,9.65,1.26,2024-06-17
MAG-7,久经沙场,StatTrak™,38987,MAG-7（StatTrak™） | 炽热,264,7.35,9.65,1.31,2024-06-17
MAG-7,崭新出厂,普通,45265,MAG-7 | SWAG-7,199,7.29,10.88,1.49,2024-06-17
MAG-7,略有磨损,StatTrak™,45317,MAG-7（StatTrak™） | SWAG-7,189,7.21,10.45,1.45,2024-06-17
MAG-7,崭新出厂,StatTrak™,921591,MAG-7（StatTrak™） | 鱼长梦短,119,6.78,7.98,1.18,2024-06-17
MAG-7,破损不堪,StatTrak™,773793,MAG-7（StatTrak™） | 碰碰狗,5,6.64,2.83,0.43,2024-06-17
MAG-7,久经沙场,普通,927331,MAG-7 | 鎏铜,334,6.48,8.34,1.29,2024-06-17
MAG-7,破损不堪,普通,773768,MAG-7 | 碰碰狗,48,6.47,9.79,1.51,2024-06-17
MAG-7,略有磨损,普通,871492,MAG-7 | 铋晶体,624,6.09,8.78,1.44,2024-06-17
MAG-7,略有磨损,普通,35491,MAG-7 | 炽热,386,5.99,8.34,1.39,2024-06-17
MAG-7,略有磨损,StatTrak™,38992,MAG-7（StatTrak™） | 天空守卫,105,5.86,7.25,1.24,2024-06-17
MAG-7,崭新出厂,StatTrak™,39005,MAG-7（StatTrak™） | 声纳,88,5.8,7.84,1.35,2024-06-17
MAG-7,略有磨损,StatTrak™,38974,MAG-7（StatTrak™） | 钴核,127,5.8,7.62,1.31,2024-06-17
MAG-7,破损不堪,StatTrak™,38993,MAG-7（StatTrak™） | 天空守卫,13,5.4,5.51,1.02,2024-06-17
MAG-7,久经沙场,纪念品,761508,MAG-7（纪念品） | 核芯破裂,48,5.05,7.33,1.45,2024-06-17
MAG-7,战痕累累,普通,35464,MAG-7 | 钴核,45,4.98,2.25,0.45,2024-06-17
MAG-7,破损不堪,普通,927343,MAG-7 | 鎏铜,211,4.77,6.24,1.31,2024-06-17
MAG-7,崭新出厂,StatTrak™,773712,MAG-7（StatTrak™） | 碰碰狗,51,4.69,7.47,1.59,2024-06-17
MAG-7,崭新出厂,普通,871135,MAG-7 | 海军之辉,435,4.58,6.67,1.46,2024-06-17
MAG-7,破损不堪,StatTrak™,38989,MAG-7（StatTrak™） | 炽热,76,4.52,5.66,1.25,2024-06-17
MAG-7,破损不堪,普通,871308,MAG-7 | 海军之辉,21,4.34,5.01,1.15,2024-06-17
MAG-7,略有磨损,普通,871133,MAG-7 | 海军之辉,82,4.32,5.3,1.23,2024-06-17
MAG-7,战痕累累,StatTrak™,38985,MAG-7（StatTrak™） | 炽热,93,4.17,5.88,1.41,2024-06-17
MAG-7,久经沙场,StatTrak™,781632,MAG-7（StatTrak™） | 北冥有鱼,338,4.15,5.3,1.28,2024-06-17
MAG-7,战痕累累,普通,871205,MAG-7 | 海军之辉,29,4.04,5.01,1.24,2024-06-17
MAG-7,久经沙场,普通,762205,MAG-7 | 核芯破裂,162,4.01,5.8,1.45,2024-06-17
MAG-7,破损不堪,StatTrak™,39000,MAG-7（StatTrak™） | 石雕,20,4.01,5.08,1.27,2024-06-17
MAG-7,战痕累累,普通,927355,MAG-7 | 鎏铜,125,3.98,5.51,1.38,2024-06-17
MAG-7,久经沙场,普通,871126,MAG-7 | 海军之辉,290,3.98,5.08,1.28,2024-06-17
MAG-7,略有磨损,普通,781572,MAG-7 | 北冥有鱼,1606,3.99,5.51,1.38,2024-06-17
MAG-7,战痕累累,普通,35531,MAG-7 | 暴风呼啸,12,3.96,3.99,1.01,2024-06-17
MAG-7,破损不堪,普通,35478,MAG-7 | 灼烧之痕,25,3.93,6.75,1.72,2024-06-17
MAG-7,崭新出厂,StatTrak™,887039,MAG-7（StatTrak™） | 先见之明,131,3.78,4.79,1.27,2024-06-17
MAG-7,战痕累累,纪念品,761370,MAG-7（纪念品） | 外表生锈,572,0.49,0.8,1.63,2024-06-17
MAG-7,略有磨损,普通,886611,MAG-7 | 先见之明,805,0.49,0.73,1.49,2024-06-17
MAG-7,破损不堪,普通,35530,MAG-7 | 声纳,26,0.46,0.73,1.59,2024-06-17
MAG-7,久经沙场,普通,921421,MAG-7 | 鱼长梦短,909,0.3,0.51,1.7,2024-06-17
MAG-7,战痕累累,普通,886685,MAG-7 | 先见之明,245,0.27,0.51,1.89,2024-06-17
MAG-7,战痕累累,普通,921487,MAG-7 | 鱼长梦短,500,0.22,0.44,2.0,2024-06-17
MAG-7,破损不堪,普通,921431,MAG-7 | 鱼长梦短,418,0.22,0.44,2.0,2024-06-17
MAG-7,破损不堪,普通,887031,MAG-7 | 先见之明,58,0.2,0.44,2.2,2024-06-17
MAG-7,久经沙场,普通,886633,MAG-7 | 先见之明,1941,0.21,0.51,2.43,2024-06-17
MAG-7,崭新出厂,普通,762050,MAG-7 | 外表生锈,341,0.21,0.44,2.1,2024-06-17
MAG-7,久经沙场,纪念品,37785,MAG-7（纪念品） | 暴风呼啸,1377,0.11,0.29,2.64,2024-06-17
MAG-7,崭新出厂,纪念品,876866,MAG-7（纪念品） | 海军之辉,2860,0.1,0.29,2.9,2024-06-17
MAG-7,破损不堪,纪念品,37787,MAG-7（纪念品） | 暴风呼啸,167,0.09,0.29,3.22,2024-06-17
MAG-7,略有磨损,普通,762067,MAG-7 | 外表生锈,520,0.08,0.22,2.75,2024-06-17
MAG-7,破损不堪,纪念品,761325,MAG-7（纪念品） | 外表生锈,418,0.06,0.22,3.67,2024-06-17
MAG-7,战痕累累,纪念品,37783,MAG-7（纪念品） | 暴风呼啸,296,0.06,0.29,4.83,2024-06-17
MAG-7,略有磨损,纪念品,761347,MAG-7（纪念品） | 外表生锈,537,0.06,0.22,3.67,2024-06-17
MAG-7,久经沙场,普通,762079,MAG-7 | 外表生锈,564,0.05,0.22,4.4,2024-06-17
MAG-7,破损不堪,纪念品,876925,MAG-7（纪念品） | 海军之辉,267,0.03,0.22,7.33,2024-06-17
MAG-7,略有磨损,纪念品,876865,MAG-7（纪念品） | 海军之辉,2608,0.03,0.22,7.33,2024-06-17
MAG-7,破损不堪,普通,762092,MAG-7 | 外表生锈,325,0.03,0.22,7.33,2024-06-17
MAG-7,久经沙场,纪念品,761327,MAG-7（纪念品） | 外表生锈,685,0.03,0.22,7.33,2024-06-17
MAG-7,战痕累累,纪念品,876914,MAG-7（纪念品） | 海军之辉,403,0.02,0.22,11.0,2024-06-17
MAG-7,久经沙场,纪念品,876856,MAG-7（纪念品） | 海军之辉,5185,0.02,0.22,11.0,2024-06-17
MAG-7,战痕累累,普通,762049,MAG-7 | 外表生锈,1248,0.02,0.22,11.0,2024-06-17
MAG-7,战痕累累,纪念品,761370,MAG-7（纪念品） | 外表生锈,572,0.49,0.8,1.63,2024-06-17
MAG-7,略有磨损,普通,886611,MAG-7 | 先见之明,805,0.49,0.73,1.49,2024-06-17
MAG-7,破损不堪,普通,35530,MAG-7 | 声纳,26,0.46,0.73,1.59,2024-06-17
MAG-7,久经沙场,普通,921421,MAG-7 | 鱼长梦短,909,0.3,0.51,1.7,2024-06-17
MAG-7,战痕累累,普通,886685,MAG-7 | 先见之明,245,0.27,0.51,1.89,2024-06-17
MAG-7,战痕累累,普通,921487,MAG-7 | 鱼长梦短,500,0.22,0.44,2.0,2024-06-17
MAG-7,破损不堪,普通,921431,MAG-7 | 鱼长梦短,418,0.22,0.44,2.0,2024-06-17
MAG-7,破损不堪,普通,887031,MAG-7 | 先见之明,58,0.2,0.44,2.2,2024-06-17
MAG-7,久经沙场,普通,886633,MAG-7 | 先见之明,1941,0.21,0.51,2.43,2024-06-17
MAG-7,崭新出厂,普通,762050,MAG-7 | 外表生锈,341,0.21,0.44,2.1,2024-06-17
MAG-7,久经沙场,纪念品,37785,MAG-7（纪念品） | 暴风呼啸,1377,0.11,0.29,2.64,2024-06-17
MAG-7,崭新出厂,纪念品,876866,MAG-7（纪念品） | 海军之辉,2860,0.1,0.29,2.9,2024-06-17
MAG-7,破损不堪,纪念品,37787,MAG-7（纪念品） | 暴风呼啸,167,0.09,0.29,3.22,2024-06-17
MAG-7,略有磨损,普通,762067,MAG-7 | 外表生锈,520,0.08,0.22,2.75,2024-06-17
MAG-7,破损不堪,纪念品,761325,MAG-7（纪念品） | 外表生锈,418,0.06,0.22,3.67,2024-06-17
MAG-7,战痕累累,纪念品,37783,MAG-7（纪念品） | 暴风呼啸,296,0.06,0.29,4.83,2024-06-17
MAG-7,略有磨损,纪念品,761347,MAG-7（纪念品） | 外表生锈,537,0.06,0.22,3.67,2024-06-17
MAG-7,久经沙场,普通,762079,MAG-7 | 外表生锈,564,0.05,0.22,4.4,2024-06-17
MAG-7,破损不堪,纪念品,876925,MAG-7（纪念品） | 海军之辉,267,0.03,0.22,7.33,2024-06-17
MAG-7,略有磨损,纪念品,876865,MAG-7（纪念品） | 海军之辉,2608,0.03,0.22,7.33,2024-06-17
MAG-7,破损不堪,普通,762092,MAG-7 | 外表生锈,325,0.03,0.22,7.33,2024-06-17
MAG-7,久经沙场,纪念品,761327,MAG-7（纪念品） | 外表生锈,685,0.03,0.22,7.33,2024-06-17
MAG-7,战痕累累,纪念品,876914,MAG-7（纪念品） | 海军之辉,403,0.02,0.22,11.0,2024-06-17
MAG-7,久经沙场,纪念品,876856,MAG-7（纪念品） | 海军之辉,5185,0.02,0.22,11.0,2024-06-17
MAG-7,战痕累累,普通,762049,MAG-7 | 外表生锈,1248,0.02,0.22,11.0,2024-06-17
MAG-7,战痕累累,纪念品,761370,MAG-7（纪念品） | 外表生锈,572,0.49,0.8,1.63,2024-06-17
MAG-7,略有磨损,普通,886611,MAG-7 | 先见之明,805,0.49,0.73,1.49,2024-06-17
MAG-7,破损不堪,普通,35530,MAG-7 | 声纳,26,0.46,0.73,1.59,2024-06-17
MAG-7,久经沙场,普通,921421,MAG-7 | 鱼长梦短,909,0.3,0.51,1.7,2024-06-17
MAG-7,战痕累累,普通,886685,MAG-7 | 先见之明,245,0.27,0.51,1.89,2024-06-17
MAG-7,战痕累累,普通,921487,MAG-7 | 鱼长梦短,500,0.22,0.44,2.0,2024-06-17
MAG-7,破损不堪,普通,921431,MAG-7 | 鱼长梦短,418,0.22,0.44,2.0,2024-06-17
MAG-7,破损不堪,普通,887031,MAG-7 | 先见之明,58,0.2,0.44,2.2,2024-06-17
MAG-7,久经沙场,普通,886633,MAG-7 | 先见之明,1941,0.21,0.51,2.43,2024-06-17
MAG-7,崭新出厂,普通,762050,MAG-7 | 外表生锈,341,0.21,0.44,2.1,2024-06-17
MAG-7,久经沙场,纪念品,37785,MAG-7（纪念品） | 暴风呼啸,1377,0.11,0.29,2.64,2024-06-17
MAG-7,崭新出厂,纪念品,876866,MAG-7（纪念品） | 海军之辉,2860,0.1,0.29,2.9,2024-06-17
MAG-7,破损不堪,纪念品,37787,MAG-7（纪念品） | 暴风呼啸,167,0.09,0.29,3.22,2024-06-17
MAG-7,略有磨损,普通,762067,MAG-7 | 外表生锈,520,0.08,0.22,2.75,2024-06-17
MAG-7,破损不堪,纪念品,761325,MAG-7（纪念品） | 外表生锈,418,0.06,0.22,3.67,2024-06-17
MAG-7,战痕累累,纪念品,37783,MAG-7（纪念品） | 暴风呼啸,296,0.06,0.29,4.83,2024-06-17
MAG-7,略有磨损,纪念品,761347,MAG-7（纪念品） | 外表生锈,537,0.06,0.22,3.67,2024-06-17
MAG-7,久经沙场,普通,762079,MAG-7 | 外表生锈,564,0.05,0.22,4.4,2024-06-17
MAG-7,破损不堪,纪念品,876925,MAG-7（纪念品） | 海军之辉,267,0.03,0.22,7.33,2024-06-17
MAG-7,略有磨损,纪念品,876865,MAG-7（纪念品） | 海军之辉,2608,0.03,0.22,7.33,2024-06-17
MAG-7,破损不堪,普通,762092,MAG-7 | 外表生锈,325,0.03,0.22,7.33,2024-06-17
MAG-7,久经沙场,纪念品,761327,MAG-7（纪念品） | 外表生锈,685,0.03,0.22,7.33,2024-06-17
MAG-7,战痕累累,纪念品,876914,MAG-7（纪念品） | 海军之辉,403,0.02,0.22,11.0,2024-06-17
MAG-7,久经沙场,纪念品,876856,MAG-7（纪念品） | 海军之辉,5185,0.02,0.22,11.0,2024-06-17
MAG-7,战痕累累,普通,762049,MAG-7 | 外表生锈,1248,0.02,0.22,11.0,2024-06-17
MAG-7,崭新出厂,纪念品,43909,MAG-7（纪念品） | 威吓者,3,9998.5,5711.2,0.57,2024-06-17
MAG-7,破损不堪,普通,776260,MAG-7 | 五指短剑,4,4799.5,8897.07,1.85,2024-06-17
MAG-7,崭新出厂,普通,776728,MAG-7 | 五指短剑,39,4379.5,6745.88,1.54,2024-06-17
MAG-7,略有磨损,普通,776418,MAG-7 | 五指短剑,7,3998,9030.27,2.26,2024-06-17
MAG-7,久经沙场,普通,776229,MAG-7 | 五指短剑,8,3684.5,5014.95,1.36,2024-06-17
MAG-7,战痕累累,普通,776883,MAG-7 | 五指短剑,4,2898.5,3772.5,1.3,2024-06-17
MAG-7,崭新出厂,普通,35460,MAG-7 | 威吓者,24,879.49,1498.19,1.7,2024-06-17
MAG-7,崭新出厂,普通,35470,MAG-7 | 反梗精英,35,828.5,1434.78,1.73,2024-06-17
MAG-7,略有磨损,普通,35472,MAG-7 | 反梗精英,2,799.49,1267.41,1.59,2024-06-17
MAG-7,久经沙场,普通,35471,MAG-7 | 反梗精英,2,789.5,1047.67,1.33,2024-06-17
MAG-7,破损不堪,普通,35473,MAG-7 | 反梗精英,1,779.5,1210.03,1.55,2024-06-17
MAG-7,战痕累累,普通,35469,MAG-7 | 反梗精英,2,760.5,1548.1,2.04,2024-06-17
MAG-7,崭新出厂,普通,35484,MAG-7 | 危机色调,6,587.5,1238.54,2.11,2024-06-17
MAG-7,久经沙场,普通,871884,MAG-7 | 棱彩阶梯,4,304.5,353.38,1.16,2024-06-17
MAG-7,崭新出厂,普通,871604,MAG-7 | 棱彩阶梯,67,301.5,417.15,1.38,2024-06-17
MAG-7,略有磨损,普通,871858,MAG-7 | 棱彩阶梯,12,296.5,471.56,1.59,2024-06-17
MAG-7,略有磨损,纪念品,37767,MAG-7（纪念品） | 威吓者,42,282.85,387.19,1.37,2024-06-17
MAG-7,略有磨损,普通,774846,MAG-7 | 坚固链甲,13,198.5,238.83,1.2,2024-06-17
MAG-7,崭新出厂,普通,775040,MAG-7 | 坚固链甲,31,196.5,246.74,1.26,2024-06-17
MAG-7,久经沙场,普通,775673,MAG-7 | 坚固链甲,5,189.5,245.72,1.3,2024-06-17
MAG-7,崭新出厂,StatTrak™,779415,MAG-7（StatTrak™） | 正义,71,176.59,249.71,1.41,2024-06-17
MAG-7,崭新出厂,纪念品,761935,MAG-7（纪念品） | 核芯破裂,15,169.5,239.41,1.41,2024-06-17
MAG-7,崭新出厂,普通,35516,MAG-7 | 沙丘之黄,7,149.5,279.67,1.87,2024-06-17
MAG-7,崭新出厂,纪念品,37770,MAG-7（纪念品） | 辐照警报,7,133.39,210.46,1.58,2024-06-17
MAG-7,略有磨损,普通,35526,MAG-7 | 银质,10,129.5,220.55,1.7,2024-06-17
MAG-7,崭新出厂,普通,35498,MAG-7 | 辐照警报,5,127.5,250.07,1.96,2024-06-17
MAG-7,崭新出厂,普通,35525,MAG-7 | 银质,111,126.07,174.55,1.38,2024-06-17
MAG-7,略有磨损,普通,35462,MAG-7 | 威吓者,84,119.69,159.61,1.33,2024-06-17
MAG-7,崭新出厂,纪念品,877069,MAG-7（纪念品） | 棱彩阶梯,47,111.5,159.75,1.43,2024-06-17
MAG-7,略有磨损,普通,35486,MAG-7 | 危机色调,14,91.63,116.08,1.27,2024-06-17
MAG-7,略有磨损,纪念品,37782,MAG-7（纪念品） | 银质,19,81.9,120.21,1.47,2024-06-17
MAG-7,崭新出厂,StatTrak™,38977,MAG-7（StatTrak™） | 灼烧之痕,17,79.45,104.47,1.31,2024-06-17
MAG-7,崭新出厂,纪念品,37781,MAG-7（纪念品） | 银质,546,77.9,103.74,1.33,2024-06-17
MAG-7,崭新出厂,普通,35532,MAG-7 | 暴风呼啸,6,76.68,99.83,1.3,2024-06-17
MAG-7,久经沙场,普通,35485,MAG-7 | 危机色调,4,74.34,98.67,1.33,2024-06-17
MAG-7,破损不堪,普通,35487,MAG-7 | 危机色调,3,71.63,108.82,1.52,2024-06-17
MAG-7,久经沙场,纪念品,37766,MAG-7（纪念品） | 威吓者,106,68.9,90.69,1.32,2024-06-17
MAG-7,崭新出厂,纪念品,37777,MAG-7（纪念品） | 沙丘之黄,24,67.4,87.71,1.3,2024-06-17
MAG-7,破损不堪,纪念品,37768,MAG-7（纪念品） | 威吓者,12,65.01,96.85,1.49,2024-06-17
MAG-7,崭新出厂,普通,779243,MAG-7 | 正义,168,64.84,87.86,1.36,2024-06-17
MAG-7,崭新出厂,StatTrak™,38994,MAG-7（StatTrak™） | 记忆碎片,38,63.73,80.31,1.26,2024-06-17
MAG-7,战痕累累,普通,35483,MAG-7 | 危机色调,5,62.25,96.85,1.56,2024-06-17
MAG-7,略有磨损,StatTrak™,779324,MAG-7（StatTrak™） | 正义,115,59.56,78.79,1.32,2024-06-17
MAG-7,崭新出厂,StatTrak™,38986,MAG-7（StatTrak™） | 炽热,85,56.8,84.81,1.49,2024-06-17
MAG-7,战痕累累,纪念品,37765,MAG-7（纪念品） | 威吓者,20,54.59,80.75,1.48,2024-06-17
MAG-7,崭新出厂,StatTrak™,39001,MAG-7（StatTrak™） | 禁卫军,34,54.04,72.55,1.34,2024-06-17
MAG-7,略有磨损,纪念品,876969,MAG-7（纪念品） | 棱彩阶梯,52,47.9,71.53,1.49,2024-06-17
MAG-7,崭新出厂,普通,35502,MAG-7 | 记忆碎片,32,45.98,60.65,1.32,2024-06-17
MAG-7,略有磨损,StatTrak™,38996,MAG-7（StatTrak™） | 记忆碎片,13,44.9,46.43,1.03,2024-06-17
MAG-7,破损不堪,StatTrak™,38984,MAG-7（StatTrak™） | 硬水,4,42.9,26.84,0.63,2024-06-17
MAG-7,略有磨损,纪念品,37775,MAG-7（纪念品） | 金属 DDPAT,24,40.37,48.46,1.2,2024-06-17
MAG-7,崭新出厂,普通,835367,MAG-7 | 碳素纤维,139,39.86,50.49,1.27,2024-06-17
MAG-7,略有磨损,普通,835364,MAG-7 | 碳素纤维,48,39.8,49.84,1.25,2024-06-17
MAG-7,久经沙场,普通,35461,MAG-7 | 威吓者,85,38.67,52.74,1.36,2024-06-17
MAG-7,崭新出厂,StatTrak™,38981,MAG-7（StatTrak™） | 硬水,37,37.65,49.04,1.3,2024-06-17
MAG-7,略有磨损,普通,35504,MAG-7 | 记忆碎片,12,36.94,43.75,1.18,2024-06-17
MAG-7,崭新出厂,StatTrak™,871846,MAG-7（StatTrak™） | 铋晶体,196,36.5,57.17,1.57,2024-06-17
MAG-7,略有磨损,StatTrak™,39003,MAG-7（StatTrak™） | 禁卫军,45,35.71,48.46,1.36,2024-06-17
MAG-7,略有磨损,普通,35500,MAG-7 | 辐照警报,12,34.57,43.38,1.25,2024-06-17
MAG-7,久经沙场,普通,35503,MAG-7 | 记忆碎片,9,33.74,57.89,1.72,2024-06-17
MAG-7,破损不堪,普通,35463,MAG-7 | 威吓者,11,33.49,42.8,1.28,2024-06-17
MAG-7,崭新出厂,普通,35521,MAG-7 | 海鸟,65,33.27,53.9,1.62,2024-06-17
MAG-7,战痕累累,普通,35497,MAG-7 | 辐照警报,10,32.9,34.39,1.05,2024-06-17
MAG-7,久经沙场,StatTrak™,38995,MAG-7（StatTrak™） | 记忆碎片,16,31.11,47.66,1.53,2024-06-17
MAG-7,略有磨损,普通,779183,MAG-7 | 正义,284,30.15,39.68,1.32,2024-06-17
MAG-7,崭新出厂,StatTrak™,781712,MAG-7（StatTrak™） | 北冥有鱼,150,30.1,42.37,1.41,2024-06-17
MAG-7,战痕累累,普通,35459,MAG-7 | 威吓者,11,29.53,41.35,1.4,2024-06-17
MAG-7,略有磨损,StatTrak™,38983,MAG-7（StatTrak™） | 硬水,15,28.65,41.79,1.46,2024-06-17
MAG-7,久经沙场,StatTrak™,38982,MAG-7（StatTrak™） | 硬水,13,25.8,36.13,1.4,2024-06-17
MAG-7,崭新出厂,普通,762250,MAG-7 | 核芯破裂,205,25.26,35.11,1.39,2024-06-17
MAG-7,略有磨损,普通,35518,MAG-7 | 沙丘之黄,11,25.12,35.4,1.41,2024-06-17
MAG-7,崭新出厂,纪念品,929105,MAG-7（纪念品） | 鎏铜,48,24.9,25.83,1.04,2024-06-17
MAG-7,久经沙场,StatTrak™,39002,MAG-7（StatTrak™） | 禁卫军,13,24.7,31.99,1.3,2024-06-17
MAG-7,崭新出厂,StatTrak™,45315,MAG-7（StatTrak™） | SWAG-7,114,24.4,35.04,1.44,2024-06-17
MAG-7,久经沙场,StatTrak™,779277,MAG-7（StatTrak™） | 正义,151,24.3,30.98,1.27,2024-06-17
MAG-7,崭新出厂,普通,35511,MAG-7 | 禁卫军,92,24.1,31.85,1.32,2024-06-17
MAG-7,崭新出厂,普通,35479,MAG-7 | 硬水,75,23.48,32.5,1.38,2024-06-17
MAG-7,破损不堪,StatTrak™,39004,MAG-7（StatTrak™） | 禁卫军,1,22.77,32.28,1.42,2024-06-17
MAG-7,崭新出厂,StatTrak™,38997,MAG-7（StatTrak™） | 石雕,51,22.46,32.94,1.47,2024-06-17
MAG-7,略有磨损,普通,35481,MAG-7 | 硬水,24,21.38,30.11,1.41,2024-06-17
MAG-7,破损不堪,纪念品,761641,MAG-7（纪念品） | 核芯破裂,33,3.78,4.79,1.27,2024-06-17
MAG-7,崭新出厂,普通,35493,MAG-7 | 天空守卫,234,3.74,4.79,1.28,2024-06-17
MAG-7,久经沙场,StatTrak™,38998,MAG-7（StatTrak™） | 石雕,94,3.72,4.79,1.29,2024-06-17
MAG-7,久经沙场,普通,35533,MAG-7 | 暴风呼啸,41,3.7,4.79,1.29,2024-06-17
MAG-7,破损不堪,普通,35535,MAG-7 | 暴风呼啸,33,3.69,4.64,1.26,2024-06-17
MAG-7,久经沙场,StatTrak™,38991,MAG-7（StatTrak™） | 天空守卫,94,3.69,5.01,1.36,2024-06-17
MAG-7,破损不堪,普通,871635,MAG-7 | 铋晶体,44,3.44,4.14,1.2,2024-06-17
MAG-7,略有磨损,普通,35509,MAG-7 | 石雕,129,3.42,5.08,1.49,2024-06-17
MAG-7,略有磨损,普通,35477,MAG-7 | 灼烧之痕,128,3.37,4.43,1.31,2024-06-17
MAG-7,破损不堪,普通,762207,MAG-7 | 核芯破裂,93,3.34,4.14,1.24,2024-06-17
MAG-7,略有磨损,普通,45267,MAG-7 | SWAG-7,364,3.26,4.64,1.42,2024-06-17
MAG-7,破损不堪,StatTrak™,781624,MAG-7（StatTrak™） | 北冥有鱼,128,3.2,4.14,1.29,2024-06-17
MAG-7,略有磨损,StatTrak™,39007,MAG-7（StatTrak™） | 声纳,54,3.2,4.21,1.32,2024-06-17
MAG-7,久经沙场,普通,871369,MAG-7 | 铋晶体,982,3.19,4.5,1.41,2024-06-17
MAG-7,崭新出厂,普通,35465,MAG-7 | 钴核,303,3.17,3.99,1.26,2024-06-17
MAG-7,久经沙场,普通,35490,MAG-7 | 炽热,309,3.1,3.77,1.22,2024-06-17
MAG-7,战痕累累,StatTrak™,781645,MAG-7（StatTrak™） | 北冥有鱼,123,3.09,3.99,1.29,2024-06-17
MAG-7,战痕累累,普通,762235,MAG-7 | 核芯破裂,80,3.06,3.85,1.26,2024-06-17
MAG-7,战痕累累,普通,871430,MAG-7 | 铋晶体,53,3.05,4.28,1.4,2024-06-17
MAG-7,略有磨损,普通,35495,MAG-7 | 天空守卫,122,2.93,3.63,1.24,2024-06-17
MAG-7,破损不堪,纪念品,37773,MAG-7（纪念品） | 辐照警报,36,2.91,3.48,1.2,2024-06-17
MAG-7,战痕累累,普通,35474,MAG-7 | 灼烧之痕,33,2.86,3.7,1.29,2024-06-17
MAG-7,久经沙场,StatTrak™,45316,MAG-7（StatTrak™） | SWAG-7,303,2.85,3.77,1.32,2024-06-17
MAG-7,久经沙场,普通,35476,MAG-7 | 灼烧之痕,141,2.83,3.48,1.23,2024-06-17
MAG-7,略有磨损,纪念品,929110,MAG-7（纪念品） | 鎏铜,108,2.6,4.28,1.65,2024-06-17
MAG-7,破损不堪,StatTrak™,45394,MAG-7（StatTrak™） | SWAG-7,34,2.56,3.55,1.39,2024-06-17
MAG-7,久经沙场,纪念品,37771,MAG-7（纪念品） | 辐照警报,334,2.49,2.25,0.9,2024-06-17
MAG-7,破损不堪,普通,35496,MAG-7 | 天空守卫,7,2.46,3.12,1.27,2024-06-17
MAG-7,战痕累累,纪念品,37769,MAG-7（纪念品） | 辐照警报,81,2.41,2.76,1.15,2024-06-17
MAG-7,久经沙场,普通,35494,MAG-7 | 天空守卫,118,2.29,2.9,1.27,2024-06-17
MAG-7,久经沙场,StatTrak™,38973,MAG-7（StatTrak™） | 钴核,131,2.26,3.05,1.35,2024-06-17
MAG-7,破损不堪,普通,35510,MAG-7 | 石雕,21,2.23,3.12,1.4,2024-06-17
MAG-7,久经沙场,普通,781614,MAG-7 | 北冥有鱼,2157,2.22,3.05,1.37,2024-06-17
MAG-7,战痕累累,StatTrak™,45314,MAG-7（StatTrak™） | SWAG-7,158,2.21,3.63,1.64,2024-06-17
MAG-7,破损不堪,StatTrak™,38975,MAG-7（StatTrak™） | 钴核,16,2.18,2.61,1.2,2024-06-17
MAG-7,略有磨损,普通,35467,MAG-7 | 钴核,215,2.18,2.76,1.27,2024-06-17
MAG-7,久经沙场,普通,35508,MAG-7 | 石雕,152,2.08,2.83,1.36,2024-06-17
MAG-7,破损不堪,普通,35492,MAG-7 | 炽热,251,2.04,2.68,1.31,2024-06-17
MAG-7,战痕累累,普通,35488,MAG-7 | 炽热,162,1.98,2.9,1.46,2024-06-17
MAG-7,破损不堪,普通,781569,MAG-7 | 北冥有鱼,451,1.91,2.47,1.29,2024-06-17
MAG-7,破损不堪,普通,45268,MAG-7 | SWAG-7,169,1.83,2.03,1.11,2024-06-17
MAG-7,略有磨损,StatTrak™,921510,MAG-7（StatTrak™） | 鱼长梦短,273,1.79,2.54,1.42,2024-06-17
MAG-7,久经沙场,StatTrak™,39006,MAG-7（StatTrak™） | 声纳,60,1.77,1.81,1.02,2024-06-17
MAG-7,崭新出厂,普通,773662,MAG-7 | 碰碰狗,172,1.75,2.18,1.25,2024-06-17
MAG-7,战痕累累,StatTrak™,38971,MAG-7（StatTrak™） | 钴核,25,1.74,2.9,1.67,2024-06-17
MAG-7,久经沙场,纪念品,37778,MAG-7（纪念品） | 沙丘之黄,993,1.72,2.18,1.27,2024-06-17
MAG-7,略有磨损,StatTrak™,773762,MAG-7（StatTrak™） | 碰碰狗,76,1.71,2.61,1.53,2024-06-17
MAG-7,战痕累累,普通,781608,MAG-7 | 北冥有鱼,674,1.59,2.1,1.32,2024-06-17
MAG-7,破损不堪,纪念品,37780,MAG-7（纪念品） | 沙丘之黄,121,1.59,1.81,1.14,2024-06-17
MAG-7,久经沙场,普通,45266,MAG-7 | SWAG-7,814,1.59,2.25,1.42,2024-06-17
MAG-7,久经沙场,纪念品,929072,MAG-7（纪念品） | 鎏铜,91,1.54,1.67,1.08,2024-06-17
MAG-7,破损不堪,StatTrak™,43925,MAG-7（StatTrak™） | 声纳,7,1.54,1.81,1.18,2024-06-17
MAG-7,略有磨损,StatTrak™,886651,MAG-7（StatTrak™） | 先见之明,338,1.49,2.1,1.41,2024-06-17
MAG-7,崭新出厂,普通,35527,MAG-7 | 声纳,194,1.47,1.81,1.23,2024-06-17
MAG-7,战痕累累,纪念品,37776,MAG-7（纪念品） | 沙丘之黄,185,1.41,2.03,1.44,2024-06-17
MAG-7,战痕累累,普通,45264,MAG-7 | SWAG-7,214,1.36,2.03,1.49,2024-06-17
MAG-7,破损不堪,纪念品,929069,MAG-7（纪念品） | 鎏铜,48,1.32,1.38,1.05,2024-06-17
MAG-7,崭新出厂,普通,921530,MAG-7 | 鱼长梦短,518,1.3,1.89,1.45,2024-06-17
MAG-7,战痕累累,纪念品,929086,MAG-7（纪念品） | 鎏铜,69,1.25,1.45,1.16,2024-06-17
MAG-7,略有磨损,纪念品,37786,MAG-7（纪念品） | 暴风呼啸,580,1.19,1.52,1.28,2024-06-17
MAG-7,久经沙场,普通,35466,MAG-7 | 钴核,104,1.11,1.67,1.5,2024-06-17
MAG-7,崭新出厂,普通,886664,MAG-7 | 先见之明,399,1.05,1.38,1.31,2024-06-17
MAG-7,破损不堪,普通,35468,MAG-7 | 钴核,22,1.03,1.23,1.19,2024-06-17
MAG-7,崭新出厂,纪念品,761388,MAG-7（纪念品） | 外表生锈,196,0.95,1.52,1.6,2024-06-17
MAG-7,久经沙场,StatTrak™,773657,MAG-7（StatTrak™） | 碰碰狗,149,0.87,1.09,1.25,2024-06-17
MAG-7,久经沙场,普通,773665,MAG-7 | 碰碰狗,113,0.85,1.02,1.2,2024-06-17
MAG-7,略有磨损,普通,773635,MAG-7 | 碰碰狗,88,0.81,1.02,1.26,2024-06-17
MAG-7,崭新出厂,普通,35505,MAG-7 | 金属 DDPAT,2745,0.8,1.16,1.45,2024-06-17
MAG-7,久经沙场,StatTrak™,921502,MAG-7（StatTrak™） | 鱼长梦短,269,0.73,1.09,1.49,2024-06-17
MAG-7,战痕累累,StatTrak™,773724,MAG-7（StatTrak™） | 碰碰狗,46,0.73,0.87,1.19,2024-06-17
MAG-7,略有磨损,普通,35529,MAG-7 | 声纳,149,0.71,1.02,1.44,2024-06-17
MAG-7,战痕累累,普通,773683,MAG-7 | 碰碰狗,24,0.66,0.87,1.32,2024-06-17
MAG-7,略有磨损,普通,35506,MAG-7 | 金属 DDPAT,50,0.65,1.02,1.57,2024-06-17
MAG-7,战痕累累,StatTrak™,887056,MAG-7（StatTrak™） | 先见之明,49,0.58,0.94,1.62,2024-06-17
MAG-7,破损不堪,StatTrak™,887007,MAG-7（StatTrak™） | 先见之明,37,0.58,0.94,1.62,2024-06-17
MAG-7,略有磨损,普通,921437,MAG-7 | 鱼长梦短,1032,0.57,0.87,1.53,2024-06-17
MAG-7,久经沙场,普通,35528,MAG-7 | 声纳,144,0.55,0.94,1.71,2024-06-17
MAG-7,战痕累累,StatTrak™,921531,MAG-7（StatTrak™） | 鱼长梦短,124,0.55,0.87,1.58,2024-06-17
MAG-7,破损不堪,StatTrak™,921422,MAG-7（StatTrak™） | 鱼长梦短,148,0.56,0.8,1.43,2024-06-17
MAG-7,久经沙场,StatTrak™,886689,MAG-7（StatTrak™） | 先见之明,584,0.53,0.87,1.64,2024-06-17
MAG-7,久经沙场,StatTrak™,886689,MAG-7（StatTrak™） | 先见之明,569,0.54,0.87,1.61,2024-06-20
MAG-7,破损不堪,普通,35530,MAG-7 | 声纳,31,0.46,0.8,1.74,2024-06-20
MAG-7,略有磨损,普通,886611,MAG-7 | 先见之明,970,0.44,0.73,1.66,2024-06-20
MAG-7,崭新出厂,普通,762050,MAG-7 | 外表生锈,327,0.35,0.44,1.26,2024-06-20
MAG-7,久经沙场,普通,921421,MAG-7 | 鱼长梦短,970,0.25,0.51,2.04,2024-06-20
MAG-7,久经沙场,普通,886633,MAG-7 | 先见之明,2325,0.23,0.44,1.91,2024-06-20
MAG-7,战痕累累,普通,886685,MAG-7 | 先见之明,263,0.21,0.44,2.1,2024-06-20
MAG-7,破损不堪,普通,887031,MAG-7 | 先见之明,72,0.18,0.44,2.44,2024-06-20
MAG-7,战痕累累,普通,921487,MAG-7 | 鱼长梦短,537,0.17,0.44,2.59,2024-06-20
MAG-7,破损不堪,普通,921431,MAG-7 | 鱼长梦短,473,0.17,0.44,2.59,2024-06-20
MAG-7,久经沙场,纪念品,37785,MAG-7（纪念品） | 暴风呼啸,1386,0.13,0.29,2.23,2024-06-20
MAG-7,战痕累累,纪念品,37783,MAG-7（纪念品） | 暴风呼啸,281,0.11,0.29,2.64,2024-06-20
MAG-7,略有磨损,普通,762067,MAG-7 | 外表生锈,606,0.09,0.22,2.44,2024-06-20
MAG-7,破损不堪,纪念品,37787,MAG-7（纪念品） | 暴风呼啸,159,0.08,0.29,3.62,2024-06-20
MAG-7,略有磨损,纪念品,761347,MAG-7（纪念品） | 外表生锈,537,0.06,0.22,3.67,2024-06-20
MAG-7,久经沙场,普通,762079,MAG-7 | 外表生锈,575,0.05,0.22,4.4,2024-06-20
MAG-7,崭新出厂,纪念品,876866,MAG-7（纪念品） | 海军之辉,3018,0.07,0.29,4.14,2024-06-20
MAG-7,久经沙场,纪念品,761327,MAG-7（纪念品） | 外表生锈,678,0.04,0.22,5.5,2024-06-20
MAG-7,破损不堪,纪念品,761325,MAG-7（纪念品） | 外表生锈,425,0.04,0.22,5.5,2024-06-20
MAG-7,破损不堪,纪念品,876925,MAG-7（纪念品） | 海军之辉,289,0.03,0.22,7.33,2024-06-20
MAG-7,战痕累累,普通,762049,MAG-7 | 外表生锈,1181,0.03,0.22,7.33,2024-06-20
MAG-7,战痕累累,纪念品,876914,MAG-7（纪念品） | 海军之辉,377,0.02,0.22,11.0,2024-06-20
MAG-7,略有磨损,纪念品,876865,MAG-7（纪念品） | 海军之辉,2619,0.02,0.22,11.0,2024-06-20
MAG-7,久经沙场,纪念品,876856,MAG-7（纪念品） | 海军之辉,5318,0.02,0.22,11.0,2024-06-20
MAG-7,破损不堪,普通,762092,MAG-7 | 外表生锈,327,0.03,0.22,7.33,2024-06-20
MAG-7,久经沙场,StatTrak™,886689,MAG-7（StatTrak™） | 先见之明,569,0.54,0.87,1.61,2024-06-20
MAG-7,破损不堪,普通,35530,MAG-7 | 声纳,31,0.46,0.8,1.74,2024-06-20
MAG-7,略有磨损,普通,886611,MAG-7 | 先见之明,970,0.44,0.73,1.66,2024-06-20
MAG-7,崭新出厂,普通,762050,MAG-7 | 外表生锈,327,0.35,0.44,1.26,2024-06-20
MAG-7,久经沙场,普通,921421,MAG-7 | 鱼长梦短,970,0.25,0.51,2.04,2024-06-20
MAG-7,久经沙场,普通,886633,MAG-7 | 先见之明,2325,0.23,0.51,2.22,2024-06-20
MAG-7,战痕累累,普通,886685,MAG-7 | 先见之明,263,0.21,0.44,2.1,2024-06-20
MAG-7,破损不堪,普通,887031,MAG-7 | 先见之明,72,0.18,0.44,2.44,2024-06-20
MAG-7,战痕累累,普通,921487,MAG-7 | 鱼长梦短,537,0.17,0.44,2.59,2024-06-20
MAG-7,破损不堪,普通,921431,MAG-7 | 鱼长梦短,473,0.17,0.44,2.59,2024-06-20
MAG-7,久经沙场,纪念品,37785,MAG-7（纪念品） | 暴风呼啸,1386,0.13,0.29,2.23,2024-06-20
MAG-7,战痕累累,纪念品,37783,MAG-7（纪念品） | 暴风呼啸,281,0.11,0.29,2.64,2024-06-20
MAG-7,略有磨损,普通,762067,MAG-7 | 外表生锈,606,0.09,0.22,2.44,2024-06-20
MAG-7,破损不堪,纪念品,37787,MAG-7（纪念品） | 暴风呼啸,159,0.08,0.29,3.62,2024-06-20
MAG-7,略有磨损,纪念品,761347,MAG-7（纪念品） | 外表生锈,537,0.06,0.22,3.67,2024-06-20
MAG-7,久经沙场,普通,762079,MAG-7 | 外表生锈,575,0.05,0.22,4.4,2024-06-20
MAG-7,崭新出厂,纪念品,876866,MAG-7（纪念品） | 海军之辉,3019,0.07,0.29,4.14,2024-06-20
MAG-7,久经沙场,纪念品,761327,MAG-7（纪念品） | 外表生锈,678,0.04,0.22,5.5,2024-06-20
MAG-7,破损不堪,纪念品,761325,MAG-7（纪念品） | 外表生锈,425,0.04,0.22,5.5,2024-06-20
MAG-7,破损不堪,纪念品,876925,MAG-7（纪念品） | 海军之辉,289,0.03,0.22,7.33,2024-06-20
MAG-7,战痕累累,普通,762049,MAG-7 | 外表生锈,1181,0.03,0.22,7.33,2024-06-20
MAG-7,战痕累累,纪念品,876914,MAG-7（纪念品） | 海军之辉,377,0.02,0.22,11.0,2024-06-20
MAG-7,略有磨损,纪念品,876865,MAG-7（纪念品） | 海军之辉,2619,0.02,0.22,11.0,2024-06-20
MAG-7,久经沙场,纪念品,876856,MAG-7（纪念品） | 海军之辉,5318,0.02,0.22,11.0,2024-06-20
MAG-7,破损不堪,普通,762092,MAG-7 | 外表生锈,327,0.03,0.22,7.33,2024-06-20
MAG-7,久经沙场,StatTrak™,886689,MAG-7（StatTrak™） | 先见之明,569,0.54,0.87,1.61,2024-06-20
MAG-7,破损不堪,普通,35530,MAG-7 | 声纳,31,0.46,0.8,1.74,2024-06-20
MAG-7,略有磨损,普通,886611,MAG-7 | 先见之明,970,0.44,0.73,1.66,2024-06-20
MAG-7,崭新出厂,普通,762050,MAG-7 | 外表生锈,327,0.35,0.44,1.26,2024-06-20
MAG-7,久经沙场,普通,921421,MAG-7 | 鱼长梦短,970,0.25,0.51,2.04,2024-06-20
MAG-7,久经沙场,普通,886633,MAG-7 | 先见之明,2325,0.23,0.51,2.22,2024-06-20
MAG-7,战痕累累,普通,886685,MAG-7 | 先见之明,263,0.21,0.44,2.1,2024-06-20
MAG-7,破损不堪,普通,887031,MAG-7 | 先见之明,72,0.18,0.44,2.44,2024-06-20
MAG-7,战痕累累,普通,921487,MAG-7 | 鱼长梦短,537,0.17,0.44,2.59,2024-06-20
MAG-7,破损不堪,普通,921431,MAG-7 | 鱼长梦短,473,0.17,0.44,2.59,2024-06-20
MAG-7,久经沙场,纪念品,37785,MAG-7（纪念品） | 暴风呼啸,1386,0.13,0.29,2.23,2024-06-20
MAG-7,战痕累累,纪念品,37783,MAG-7（纪念品） | 暴风呼啸,281,0.11,0.29,2.64,2024-06-20
MAG-7,略有磨损,普通,762067,MAG-7 | 外表生锈,606,0.09,0.22,2.44,2024-06-20
MAG-7,破损不堪,纪念品,37787,MAG-7（纪念品） | 暴风呼啸,159,0.08,0.29,3.62,2024-06-20
MAG-7,略有磨损,纪念品,761347,MAG-7（纪念品） | 外表生锈,537,0.06,0.22,3.67,2024-06-20
MAG-7,崭新出厂,纪念品,876866,MAG-7（纪念品） | 海军之辉,3019,0.07,0.29,4.14,2024-06-20
MAG-7,久经沙场,普通,762079,MAG-7 | 外表生锈,576,0.05,0.22,4.4,2024-06-20
MAG-7,久经沙场,纪念品,761327,MAG-7（纪念品） | 外表生锈,678,0.04,0.22,5.5,2024-06-20
MAG-7,破损不堪,纪念品,761325,MAG-7（纪念品） | 外表生锈,425,0.04,0.22,5.5,2024-06-20
MAG-7,破损不堪,纪念品,876925,MAG-7（纪念品） | 海军之辉,289,0.03,0.22,7.33,2024-06-20
MAG-7,战痕累累,普通,762049,MAG-7 | 外表生锈,1181,0.03,0.22,7.33,2024-06-20
MAG-7,战痕累累,纪念品,876914,MAG-7（纪念品） | 海军之辉,377,0.02,0.22,11.0,2024-06-20
MAG-7,略有磨损,纪念品,876865,MAG-7（纪念品） | 海军之辉,2619,0.02,0.22,11.0,2024-06-20
MAG-7,久经沙场,纪念品,876856,MAG-7（纪念品） | 海军之辉,5318,0.02,0.22,11.0,2024-06-20
MAG-7,破损不堪,普通,762092,MAG-7 | 外表生锈,327,0.03,0.22,7.33,2024-06-20
MAG-7,崭新出厂,纪念品,43909,MAG-7（纪念品） | 威吓者,2,9999.5,5711.21,0.57,2024-06-20
MAG-7,破损不堪,普通,776260,MAG-7 | 五指短剑,4,4799.5,6193.03,1.29,2024-06-20
MAG-7,崭新出厂,普通,776728,MAG-7 | 五指短剑,42,4287.5,6748.29,1.57,2024-06-20
MAG-7,略有磨损,普通,776418,MAG-7 | 五指短剑,8,3998.5,9093.59,2.27,2024-06-20
MAG-7,久经沙场,普通,776229,MAG-7 | 五指短剑,10,3682.5,4718.91,1.28,2024-06-20
MAG-7,战痕累累,普通,776883,MAG-7 | 五指短剑,4,2898.5,3773.85,1.3,2024-06-20
MAG-7,崭新出厂,普通,35470,MAG-7 | 反梗精英,32,850.5,1369.98,1.61,2024-06-20
MAG-7,崭新出厂,普通,35460,MAG-7 | 威吓者,24,849.5,1499.02,1.76,2024-06-20
MAG-7,久经沙场,普通,35471,MAG-7 | 反梗精英,1,849.48,999.27,1.18,2024-06-20
MAG-7,略有磨损,普通,35472,MAG-7 | 反梗精英,1,839.5,1083.67,1.29,2024-06-20
MAG-7,破损不堪,普通,35473,MAG-7 | 反梗精英,1,779.5,1215.69,1.56,2024-06-20
MAG-7,战痕累累,普通,35469,MAG-7 | 反梗精英,1,769.5,1559.11,2.03,2024-06-20
MAG-7,崭新出厂,普通,35484,MAG-7 | 危机色调,6,587.5,1247.26,2.12,2024-06-20
MAG-7,崭新出厂,普通,871604,MAG-7 | 棱彩阶梯,69,301,417.01,1.39,2024-06-20
MAG-7,久经沙场,普通,871884,MAG-7 | 棱彩阶梯,6,298,357.43,1.2,2024-06-20
MAG-7,略有磨损,普通,871858,MAG-7 | 棱彩阶梯,14,295.9,471.73,1.59,2024-06-20
MAG-7,略有磨损,纪念品,37767,MAG-7（纪念品） | 威吓者,41,281.68,389.87,1.38,2024-06-20
MAG-7,崭新出厂,普通,775040,MAG-7 | 坚固链甲,39,199.5,259.81,1.3,2024-06-20
MAG-7,略有磨损,普通,774846,MAG-7 | 坚固链甲,21,198.49,249.51,1.26,2024-06-20
MAG-7,久经沙场,普通,775673,MAG-7 | 坚固链甲,6,188.99,245.52,1.3,2024-06-20
MAG-7,崭新出厂,StatTrak™,779415,MAG-7（StatTrak™） | 正义,69,178,226.21,1.27,2024-06-20
MAG-7,崭新出厂,纪念品,761935,MAG-7（纪念品） | 核芯破裂,19,169.29,239.49,1.41,2024-06-20
MAG-7,崭新出厂,普通,35516,MAG-7 | 沙丘之黄,6,149.5,229.62,1.54,2024-06-20
MAG-7,崭新出厂,普通,35525,MAG-7 | 银质,105,129.48,179.26,1.38,2024-06-20
MAG-7,略有磨损,普通,35526,MAG-7 | 银质,11,128.5,221.35,1.72,2024-06-20
MAG-7,崭新出厂,普通,35498,MAG-7 | 辐照警报,4,126.22,250.96,1.99,2024-06-20
MAG-7,崭新出厂,纪念品,37770,MAG-7（纪念品） | 辐照警报,7,120.55,211.41,1.75,2024-06-20
MAG-7,略有磨损,普通,35462,MAG-7 | 威吓者,81,119.15,159.59,1.34,2024-06-20
MAG-7,崭新出厂,纪念品,877069,MAG-7（纪念品） | 棱彩阶梯,49,110.49,158.07,1.43,2024-06-20
MAG-7,略有磨损,普通,35486,MAG-7 | 危机色调,8,101.5,102.18,1.01,2024-06-20
MAG-7,崭新出厂,普通,35532,MAG-7 | 暴风呼啸,6,84.67,116.12,1.37,2024-06-20
MAG-7,略有磨损,纪念品,37782,MAG-7（纪念品） | 银质,23,81.1,121.05,1.49,2024-06-20
MAG-7,崭新出厂,StatTrak™,38977,MAG-7（StatTrak™） | 灼烧之痕,20,76.6,112.93,1.47,2024-06-20
MAG-7,崭新出厂,纪念品,37781,MAG-7（纪念品） | 银质,552,76.4,103.85,1.36,2024-06-20
MAG-7,久经沙场,普通,35485,MAG-7 | 危机色调,7,69.76,93.98,1.35,2024-06-20
MAG-7,久经沙场,纪念品,37766,MAG-7（纪念品） | 威吓者,107,68.58,91.15,1.33,2024-06-20
MAG-7,崭新出厂,纪念品,37777,MAG-7（纪念品） | 沙丘之黄,26,67.3,89.85,1.34,2024-06-20
MAG-7,破损不堪,普通,35487,MAG-7 | 危机色调,5,65.83,108.86,1.65,2024-06-20
MAG-7,略有磨损,StatTrak™,38996,MAG-7（StatTrak™） | 记忆碎片,15,64.9,49.86,0.77,2024-06-20
MAG-7,崭新出厂,普通,779243,MAG-7 | 正义,169,63.9,88.54,1.39,2024-06-20
MAG-7,崭新出厂,StatTrak™,38994,MAG-7（StatTrak™） | 记忆碎片,39,62.76,76.13,1.21,2024-06-20
MAG-7,破损不堪,纪念品,37768,MAG-7（纪念品） | 威吓者,15,61.86,96.45,1.56,2024-06-20
MAG-7,战痕累累,普通,35483,MAG-7 | 危机色调,4,57.23,97.47,1.7,2024-06-20
MAG-7,略有磨损,StatTrak™,779324,MAG-7（StatTrak™） | 正义,120,56.9,78.96,1.39,2024-06-20
MAG-7,崭新出厂,StatTrak™,38986,MAG-7（StatTrak™） | 炽热,91,56.29,83.46,1.48,2024-06-20
MAG-7,崭新出厂,StatTrak™,39001,MAG-7（StatTrak™） | 禁卫军,33,54.89,72.86,1.33,2024-06-20
MAG-7,战痕累累,纪念品,37765,MAG-7（纪念品） | 威吓者,16,52.21,72.65,1.39,2024-06-20
MAG-7,略有磨损,纪念品,876969,MAG-7（纪念品） | 棱彩阶梯,52,48.9,64.66,1.32,2024-06-20
MAG-7,崭新出厂,普通,35502,MAG-7 | 记忆碎片,33,45.44,61.54,1.35,2024-06-20
MAG-7,略有磨损,普通,835364,MAG-7 | 碳素纤维,46,39.6,48.91,1.24,2024-06-20
MAG-7,崭新出厂,StatTrak™,38981,MAG-7（StatTrak™） | 硬水,26,38.89,49.42,1.27,2024-06-20
MAG-7,略有磨损,StatTrak™,39003,MAG-7（StatTrak™） | 禁卫军,38,38.17,46.96,1.23,2024-06-20
MAG-7,崭新出厂,普通,835367,MAG-7 | 碳素纤维,162,37.9,49.86,1.32,2024-06-20
MAG-7,久经沙场,普通,35461,MAG-7 | 威吓者,96,37.13,52.18,1.41,2024-06-20
MAG-7,崭新出厂,StatTrak™,871846,MAG-7（StatTrak™） | 铋晶体,193,36.7,51.75,1.41,2024-06-20
MAG-7,略有磨损,纪念品,37775,MAG-7（纪念品） | 金属 DDPAT,19,36.6,48.19,1.32,2024-06-20
MAG-7,略有磨损,普通,35518,MAG-7 | 沙丘之黄,8,36.6,35.56,0.97,2024-06-20
MAG-7,略有磨损,普通,35504,MAG-7 | 记忆碎片,20,35.67,43.54,1.22,2024-06-20
MAG-7,略有磨损,普通,35500,MAG-7 | 辐照警报,9,34.2,43.69,1.28,2024-06-20
MAG-7,久经沙场,普通,35503,MAG-7 | 记忆碎片,6,33.76,57.84,1.71,2024-06-20
MAG-7,破损不堪,普通,35463,MAG-7 | 威吓者,8,32.81,40.86,1.25,2024-06-20
MAG-7,战痕累累,普通,35459,MAG-7 | 威吓者,20,32.63,42.02,1.29,2024-06-20
MAG-7,崭新出厂,普通,35521,MAG-7 | 海鸟,70,32.55,53.7,1.65,2024-06-20
MAG-7,战痕累累,普通,35497,MAG-7 | 辐照警报,8,32.5,36.29,1.12,2024-06-20
MAG-7,久经沙场,StatTrak™,38982,MAG-7（StatTrak™） | 硬水,10,31.7,34.33,1.08,2024-06-20
MAG-7,久经沙场,StatTrak™,38995,MAG-7（StatTrak™） | 记忆碎片,9,30.97,47.97,1.55,2024-06-20
MAG-7,略有磨损,普通,779183,MAG-7 | 正义,305,29.9,39.55,1.32,2024-06-20
MAG-7,崭新出厂,StatTrak™,781712,MAG-7（StatTrak™） | 北冥有鱼,163,28.24,42.17,1.49,2024-06-20
MAG-7,略有磨损,StatTrak™,38983,MAG-7（StatTrak™） | 硬水,14,27.6,41.51,1.5,2024-06-20
MAG-7,久经沙场,StatTrak™,779277,MAG-7（StatTrak™） | 正义,163,25.3,33.53,1.33,2024-06-20
MAG-7,久经沙场,StatTrak™,39002,MAG-7（StatTrak™） | 禁卫军,13,24.6,32.95,1.34,2024-06-20
MAG-7,破损不堪,StatTrak™,38984,MAG-7（StatTrak™） | 硬水,6,24.4,26.85,1.1,2024-06-20
MAG-7,崭新出厂,StatTrak™,45315,MAG-7（StatTrak™） | SWAG-7,122,24,36.87,1.54,2024-06-20
MAG-7,崭新出厂,普通,35511,MAG-7 | 禁卫军,81,23.95,32.08,1.34,2024-06-20
MAG-7,崭新出厂,普通,35479,MAG-7 | 硬水,74,22.97,32.66,1.42,2024-06-20
MAG-7,崭新出厂,普通,762250,MAG-7 | 核芯破裂,251,22.9,30.99,1.35,2024-06-20
MAG-7,破损不堪,StatTrak™,39004,MAG-7（StatTrak™） | 禁卫军,3,22.47,28.59,1.27,2024-06-20
MAG-7,崭新出厂,纪念品,929105,MAG-7（纪念品） | 鎏铜,56,22.13,25.69,1.16,2024-06-20
MAG-7,破损不堪,StatTrak™,779376,MAG-7（StatTrak™） | 正义,34,21.17,25.84,1.22,2024-06-20
MAG-7,崭新出厂,StatTrak™,38997,MAG-7（StatTrak™） | 石雕,55,20.9,28.67,1.37,2024-06-20
MAG-7,略有磨损,普通,35481,MAG-7 | 硬水,33,20.8,31.28,1.5,2024-06-20
MAG-7,破损不堪,普通,35501,MAG-7 | 辐照警报,40,19.7,26.71,1.36,2024-06-20
MAG-7,崭新出厂,普通,35475,MAG-7 | 灼烧之痕,41,19.7,26.78,1.36,2024-06-20
MAG-7,久经沙场,普通,35499,MAG-7 | 辐照警报,28,19.32,27.65,1.43,2024-06-20
MAG-7,久经沙场,普通,35480,MAG-7 | 硬水,35,18.76,21.92,1.17,2024-06-20
MAG-7,略有磨损,普通,35523,MAG-7 | 海鸟,30,18.69,21.84,1.17,2024-06-20
MAG-7,久经沙场,普通,35522,MAG-7 | 海鸟,12,18.68,17.78,0.95,2024-06-20
MAG-7,略有磨损,StatTrak™,871684,MAG-7（StatTrak™） | 铋晶体,211,18.3,27.07,1.48,2024-06-20
MAG-7,久经沙场,纪念品,877106,MAG-7（纪念品） | 棱彩阶梯,49,17.93,24.6,1.37,2024-06-20
MAG-7,破损不堪,普通,35524,MAG-7 | 海鸟,20,17.44,16.84,0.97,2024-06-20
MAG-7,略有磨损,普通,35513,MAG-7 | 禁卫军,84,17.34,23.37,1.35,2024-06-20
MAG-7,崭新出厂,普通,35489,MAG-7 | 炽热,205,16.9,23.73,1.4,2024-06-20
MAG-7,战痕累累,普通,35520,MAG-7 | 海鸟,6,15.96,18.0,1.13,2024-06-20
MAG-7,崭新出厂,纪念品,37784,MAG-7（纪念品） | 暴风呼啸,65,15.7,23.59,1.5,2024-06-20
MAG-7,略有磨损,StatTrak™,38988,MAG-7（StatTrak™） | 炽热,229,15.37,20.83,1.36,2024-06-20
MAG-7,破损不堪,普通,35482,MAG-7 | 硬水,13,15.3,22.93,1.5,2024-06-20
MAG-7,略有磨损,纪念品,761451,MAG-7（纪念品） | 核芯破裂,41,14.78,17.85,1.21,2024-06-20
MAG-7,久经沙场,普通,35512,MAG-7 | 禁卫军,42,13.48,17.64,1.31,2024-06-20
MAG-7,久经沙场,普通,779181,MAG-7 | 正义,524,13.38,17.78,1.33,2024-06-20
MAG-7,破损不堪,普通,35514,MAG-7 | 禁卫军,9,13.38,16.98,1.27,2024-06-20
MAG-7,战痕累累,StatTrak™,779283,MAG-7（StatTrak™） | 正义,74,12.9,18.72,1.45,2024-06-20
MAG-7,战痕累累,普通,35515,MAG-7 | 沙丘之黄,13,11.76,12.48,1.06,2024-06-20
MAG-7,战痕累累,StatTrak™,38976,MAG-7（StatTrak™） | 灼烧之痕,28,11.63,16.76,1.44,2024-06-20
MAG-7,崭新出厂,普通,927307,MAG-7 | 鎏铜,202,11.4,15.6,1.37,2024-06-20
MAG-7,久经沙场,普通,35517,MAG-7 | 沙丘之黄,50,11.39,16.69,1.47,2024-06-20
MAG-7,崭新出厂,普通,871616,MAG-7 | 铋晶体,661,11.4,15.97,1.4,2024-06-20
MAG-7,略有磨损,StatTrak™,38979,MAG-7（StatTrak™） | 灼烧之痕,69,11.25,14.66,1.3,2024-06-20
MAG-7,破损不堪,普通,779269,MAG-7 | 正义,79,11.2,13.06,1.17,2024-06-20
MAG-7,崭新出厂,StatTrak™,38972,MAG-7（StatTrak™） | 钴核,113,11.14,15.82,1.42,2024-06-20
MAG-7,崭新出厂,StatTrak™,38990,MAG-7（StatTrak™） | 天空守卫,172,10.5,14.22,1.35,2024-06-20
MAG-7,战痕累累,StatTrak™,871776,MAG-7（StatTrak™） | 铋晶体,16,9.78,10.96,1.12,2024-06-20
MAG-7,略有磨损,普通,35534,MAG-7 | 暴风呼啸,34,9.76,13.93,1.43,2024-06-20
MAG-7,崭新出厂,普通,781611,MAG-7 | 北冥有鱼,503,9.71,12.63,1.3,2024-06-20
MAG-7,略有磨损,普通,762206,MAG-7 | 核芯破裂,342,9.43,13.5,1.43,2024-06-20
MAG-7,破损不堪,普通,35519,MAG-7 | 沙丘之黄,8,9.29,13.79,1.48,2024-06-20
MAG-7,略有磨损,StatTrak™,781570,MAG-7（StatTrak™） | 北冥有鱼,338,9.09,11.97,1.32,2024-06-20
MAG-7,破损不堪,StatTrak™,38980,MAG-7（StatTrak™） | 灼烧之痕,21,8.98,11.1,1.24,2024-06-20
MAG-7,战痕累累,纪念品,761586,MAG-7（纪念品） | 核芯破裂,35,8.97,10.09,1.12,2024-06-20
MAG-7,略有磨损,普通,927357,MAG-7 | 鎏铜,282,8.93,11.68,1.31,2024-06-20
MAG-7,略有磨损,纪念品,37772,MAG-7（纪念品） | 辐照警报,145,8.78,10.23,1.17,2024-06-20
MAG-7,崭新出厂,普通,35507,MAG-7 | 石雕,96,8.54,11.1,1.3,2024-06-20
MAG-7,久经沙场,StatTrak™,871581,MAG-7（StatTrak™） | 铋晶体,262,8.46,12.63,1.49,2024-06-20
MAG-7,略有磨损,StatTrak™,38999,MAG-7（StatTrak™） | 石雕,84,7.99,10.6,1.33,2024-06-20
MAG-7,久经沙场,StatTrak™,38978,MAG-7（StatTrak™） | 灼烧之痕,39,7.98,10.6,1.33,2024-06-20
MAG-7,崭新出厂,纪念品,37774,MAG-7（纪念品） | 金属 DDPAT,403,7.99,11.97,1.5,2024-06-20
MAG-7,破损不堪,StatTrak™,871410,MAG-7（StatTrak™） | 铋晶体,26,7.57,10.16,1.34,2024-06-20
MAG-7,战痕累累,普通,779206,MAG-7 | 正义,247,7.49,10.89,1.45,2024-06-20
MAG-7,略有磨损,纪念品,37779,MAG-7（纪念品） | 沙丘之黄,406,7.49,9.43,1.26,2024-06-20
MAG-7,崭新出厂,普通,45265,MAG-7 | SWAG-7,172,7.48,10.89,1.46,2024-06-20
MAG-7,略有磨损,StatTrak™,45317,MAG-7（StatTrak™） | SWAG-7,181,6.99,10.31,1.47,2024-06-20
MAG-7,久经沙场,StatTrak™,38987,MAG-7（StatTrak™） | 炽热,321,6.89,9.0,1.31,2024-06-20
MAG-7,久经沙场,普通,927331,MAG-7 | 鎏铜,408,6.66,8.64,1.3,2024-06-20
MAG-7,破损不堪,StatTrak™,773793,MAG-7（StatTrak™） | 碰碰狗,7,6.49,3.34,0.51,2024-06-20
MAG-7,崭新出厂,StatTrak™,921591,MAG-7（StatTrak™） | 鱼长梦短,157,6.4,8.35,1.3,2024-06-20
MAG-7,略有磨损,普通,871492,MAG-7 | 铋晶体,602,6.16,8.78,1.43,2024-06-20
MAG-7,破损不堪,普通,773768,MAG-7 | 碰碰狗,36,5.99,8.56,1.43,2024-06-20
MAG-7,略有磨损,普通,35491,MAG-7 | 炽热,415,5.98,7.91,1.32,2024-06-20
MAG-7,崭新出厂,StatTrak™,39005,MAG-7（StatTrak™） | 声纳,70,5.8,8.78,1.51,2024-06-20
MAG-7,略有磨损,StatTrak™,38974,MAG-7（StatTrak™） | 钴核,140,5.65,7.48,1.32,2024-06-20
MAG-7,略有磨损,StatTrak™,38992,MAG-7（StatTrak™） | 天空守卫,141,5.61,7.55,1.35,2024-06-20
MAG-7,久经沙场,普通,35533,MAG-7 | 暴风呼啸,42,5.39,4.79,0.89,2024-06-20
MAG-7,破损不堪,StatTrak™,38993,MAG-7（StatTrak™） | 天空守卫,12,5.16,5.3,1.03,2024-06-20
MAG-7,久经沙场,纪念品,761508,MAG-7（纪念品） | 核芯破裂,55,4.91,7.26,1.48,2024-06-20
MAG-7,崭新出厂,StatTrak™,773712,MAG-7（StatTrak™） | 碰碰狗,48,4.78,7.18,1.5,2024-06-20
MAG-7,破损不堪,StatTrak™,38989,MAG-7（StatTrak™） | 炽热,76,4.78,5.52,1.15,2024-06-20
MAG-7,久经沙场,普通,762205,MAG-7 | 核芯破裂,122,4.61,5.81,1.26,2024-06-20
MAG-7,破损不堪,普通,927343,MAG-7 | 鎏铜,199,4.48,6.02,1.34,2024-06-20
MAG-7,崭新出厂,普通,871135,MAG-7 | 海军之辉,397,4.43,5.66,1.28,2024-06-20
MAG-7,破损不堪,纪念品,761641,MAG-7（纪念品） | 核芯破裂,28,4.35,4.79,1.1,2024-06-20
MAG-7,战痕累累,普通,871205,MAG-7 | 海军之辉,28,4.1,4.79,1.17,2024-06-20
MAG-7,略有磨损,普通,871133,MAG-7 | 海军之辉,384,4.09,5.3,1.3,2024-06-20
MAG-7,久经沙场,StatTrak™,38991,MAG-7（StatTrak™） | 天空守卫,89,4.09,5.15,1.26,2024-06-20
MAG-7,战痕累累,普通,927355,MAG-7 | 鎏铜,132,4.04,5.37,1.33,2024-06-20
MAG-7,破损不堪,普通,871308,MAG-7 | 海军之辉,9,4.04,5.01,1.24,2024-06-20
MAG-7,久经沙场,普通,871126,MAG-7 | 海军之辉,267,4.01,5.01,1.25,2024-06-20
MAG-7,破损不堪,StatTrak™,39000,MAG-7（StatTrak™） | 石雕,24,3.98,4.5,1.13,2024-06-20
MAG-7,破损不堪,普通,35478,MAG-7 | 灼烧之痕,20,3.98,6.31,1.59,2024-06-20
MAG-7,战痕累累,StatTrak™,38985,MAG-7（StatTrak™） | 炽热,102,3.97,5.15,1.3,2024-06-20
MAG-7,破损不堪,普通,35535,MAG-7 | 暴风呼啸,17,3.94,4.28,1.09,2024-06-20
MAG-7,战痕累累,普通,35474,MAG-7 | 灼烧之痕,28,3.94,4.14,1.05,2024-06-20
MAG-7,略有磨损,普通,781572,MAG-7 | 北冥有鱼,1683,3.89,5.37,1.38,2024-06-20
MAG-7,久经沙场,StatTrak™,781632,MAG-7（StatTrak™） | 北冥有鱼,446,3.86,5.15,1.33,2024-06-20
MAG-7,崭新出厂,普通,35493,MAG-7 | 天空守卫,214,3.8,4.64,1.22,2024-06-20
MAG-7,战痕累累,普通,35531,MAG-7 | 暴风呼啸,18,3.73,3.77,1.01,2024-06-20
MAG-7,略有磨损,纪念品,929110,MAG-7（纪念品） | 鎏铜,111,3.59,3.85,1.07,2024-06-20
MAG-7,破损不堪,StatTrak™,781624,MAG-7（StatTrak™） | 北冥有鱼,92,3.56,4.21,1.18,2024-06-20
MAG-7,久经沙场,StatTrak™,38998,MAG-7（StatTrak™） | 石雕,98,3.53,4.57,1.29,2024-06-20
MAG-7,略有磨损,普通,35477,MAG-7 | 灼烧之痕,142,3.48,4.5,1.29,2024-06-20
MAG-7,破损不堪,普通,762207,MAG-7 | 核芯破裂,108,3.47,4.14,1.19,2024-06-20
MAG-7,略有磨损,普通,35509,MAG-7 | 石雕,163,3.37,4.79,1.42,2024-06-20
MAG-7,久经沙场,普通,871369,MAG-7 | 铋晶体,990,3.26,4.21,1.29,2024-06-20
MAG-7,崭新出厂,StatTrak™,887039,MAG-7（StatTrak™） | 先见之明,127,3.22,4.72,1.47,2024-06-20
MAG-7,破损不堪,普通,871635,MAG-7 | 铋晶体,63,3.18,4.21,1.32,2024-06-20
MAG-7,崭新出厂,普通,35465,MAG-7 | 钴核,286,3.17,4.14,1.31,2024-06-20
MAG-7,略有磨损,普通,45267,MAG-7 | SWAG-7,396,3.11,4.5,1.45,2024-06-20
MAG-7,略有磨损,普通,35495,MAG-7 | 天空守卫,116,3.1,3.7,1.19,2024-06-20
MAG-7,久经沙场,普通,35490,MAG-7 | 炽热,350,3.07,3.99,1.3,2024-06-20
MAG-7,战痕累累,普通,871430,MAG-7 | 铋晶体,53,2.99,3.7,1.24,2024-06-20
MAG-7,战痕累累,StatTrak™,781645,MAG-7（StatTrak™） | 北冥有鱼,115,2.94,3.77,1.28,2024-06-20
MAG-7,破损不堪,纪念品,37773,MAG-7（纪念品） | 辐照警报,38,2.89,2.9,1.0,2024-06-20
MAG-7,略有磨损,StatTrak™,39007,MAG-7（StatTrak™） | 声纳,50,2.87,3.63,1.26,2024-06-20
MAG-7,久经沙场,StatTrak™,45316,MAG-7（StatTrak™） | SWAG-7,332,2.84,3.92,1.38,2024-06-20
MAG-7,战痕累累,普通,762235,MAG-7 | 核芯破裂,104,2.69,3.48,1.29,2024-06-20
MAG-7,久经沙场,普通,35476,MAG-7 | 灼烧之痕,138,2.68,3.63,1.35,2024-06-20
MAG-7,战痕累累,StatTrak™,38971,MAG-7（StatTrak™） | 钴核,25,2.62,2.9,1.11,2024-06-20
MAG-7,破损不堪,StatTrak™,38975,MAG-7（StatTrak™） | 钴核,20,2.57,2.61,1.02,2024-06-20
MAG-7,破损不堪,普通,35496,MAG-7 | 天空守卫,37,2.45,2.83,1.16,2024-06-20
MAG-7,久经沙场,纪念品,37771,MAG-7（纪念品） | 辐照警报,350,2.42,2.25,0.93,2024-06-20
MAG-7,战痕累累,纪念品,37769,MAG-7（纪念品） | 辐照警报,77,2.29,2.47,1.08,2024-06-20
MAG-7,战痕累累,StatTrak™,45314,MAG-7（StatTrak™） | SWAG-7,157,2.27,3.34,1.47,2024-06-20
MAG-7,久经沙场,StatTrak™,38973,MAG-7（StatTrak™） | 钴核,142,2.23,2.98,1.34,2024-06-20
MAG-7,久经沙场,普通,35494,MAG-7 | 天空守卫,84,2.21,3.05,1.38,2024-06-20
MAG-7,破损不堪,StatTrak™,45394,MAG-7（StatTrak™） | SWAG-7,49,2.2,3.12,1.42,2024-06-20
MAG-7,破损不堪,普通,35510,MAG-7 | 石雕,21,2.19,3.34,1.53,2024-06-20
MAG-7,略有磨损,普通,35467,MAG-7 | 钴核,199,2.11,2.76,1.31,2024-06-20
MAG-7,破损不堪,普通,35492,MAG-7 | 炽热,270,2,2.61,1.3,2024-06-20
MAG-7,久经沙场,普通,781614,MAG-7 | 北冥有鱼,1883,2.09,2.76,1.32,2024-06-20
MAG-7,战痕累累,普通,35464,MAG-7 | 钴核,48,1.98,2.03,1.03,2024-06-20
MAG-7,略有磨损,StatTrak™,773762,MAG-7（StatTrak™） | 碰碰狗,79,1.96,2.25,1.15,2024-06-20
MAG-7,战痕累累,普通,35488,MAG-7 | 炽热,207,1.95,2.54,1.3,2024-06-20
MAG-7,久经沙场,普通,35508,MAG-7 | 石雕,144,1.9,2.69,1.42,2024-06-20
MAG-7,破损不堪,普通,781569,MAG-7 | 北冥有鱼,541,1.89,2.47,1.31,2024-06-20
MAG-7,略有磨损,StatTrak™,921510,MAG-7（StatTrak™） | 鱼长梦短,266,1.75,2.32,1.33,2024-06-20
MAG-7,久经沙场,StatTrak™,39006,MAG-7（StatTrak™） | 声纳,58,1.68,1.96,1.17,2024-06-20
MAG-7,破损不堪,纪念品,37780,MAG-7（纪念品） | 沙丘之黄,127,1.65,1.81,1.1,2024-06-20
MAG-7,崭新出厂,普通,773662,MAG-7 | 碰碰狗,178,1.64,2.18,1.33,2024-06-20
MAG-7,战痕累累,普通,781608,MAG-7 | 北冥有鱼,682,1.62,2.03,1.25,2024-06-20
MAG-7,久经沙场,纪念品,37778,MAG-7（纪念品） | 沙丘之黄,1054,1.6,2.1,1.31,2024-06-20
MAG-7,久经沙场,普通,45266,MAG-7 | SWAG-7,849,1.59,2.1,1.32,2024-06-20
MAG-7,战痕累累,普通,45264,MAG-7 | SWAG-7,223,1.56,1.96,1.26,2024-06-20
MAG-7,久经沙场,纪念品,929072,MAG-7（纪念品） | 鎏铜,103,1.51,1.89,1.25,2024-06-20
MAG-7,破损不堪,普通,45268,MAG-7 | SWAG-7,210,1.48,2.03,1.37,2024-06-20
MAG-7,崭新出厂,普通,921530,MAG-7 | 鱼长梦短,449,1.42,1.89,1.33,2024-06-20
MAG-7,崭新出厂,普通,35527,MAG-7 | 声纳,182,1.38,1.89,1.37,2024-06-20
MAG-7,略有磨损,StatTrak™,886651,MAG-7（StatTrak™） | 先见之明,319,1.35,2.03,1.5,2024-06-20
MAG-7,战痕累累,纪念品,37776,MAG-7（纪念品） | 沙丘之黄,183,1.27,1.81,1.43,2024-06-20
MAG-7,久经沙场,普通,35466,MAG-7 | 钴核,211,1.27,1.52,1.2,2024-06-20
MAG-7,破损不堪,纪念品,929069,MAG-7（纪念品） | 鎏铜,59,1.22,1.45,1.19,2024-06-20
MAG-7,略有磨损,纪念品,37786,MAG-7（纪念品） | 暴风呼啸,590,1.13,1.45,1.28,2024-06-20
MAG-7,战痕累累,纪念品,929086,MAG-7（纪念品） | 鎏铜,75,1.11,1.52,1.37,2024-06-20
MAG-7,破损不堪,StatTrak™,43925,MAG-7（StatTrak™） | 声纳,10,1.11,1.67,1.5,2024-06-20
MAG-7,崭新出厂,纪念品,761388,MAG-7（纪念品） | 外表生锈,200,1.02,1.67,1.64,2024-06-20
MAG-7,崭新出厂,普通,886664,MAG-7 | 先见之明,444,0.98,1.38,1.41,2024-06-20
MAG-7,破损不堪,普通,35468,MAG-7 | 钴核,30,0.97,1.31,1.35,2024-06-20
MAG-7,久经沙场,普通,773665,MAG-7 | 碰碰狗,149,0.89,1.23,1.38,2024-06-20
MAG-7,略有磨损,普通,35506,MAG-7 | 金属 DDPAT,55,0.89,0.94,1.06,2024-06-20
MAG-7,略有磨损,普通,773635,MAG-7 | 碰碰狗,124,0.88,1.09,1.24,2024-06-20
MAG-7,崭新出厂,普通,35505,MAG-7 | 金属 DDPAT,2117,0.85,1.16,1.36,2024-06-20
MAG-7,战痕累累,普通,773683,MAG-7 | 碰碰狗,23,0.78,0.73,0.94,2024-06-20
MAG-7,久经沙场,StatTrak™,773657,MAG-7（StatTrak™） | 碰碰狗,152,0.78,1.09,1.4,2024-06-20
MAG-7,战痕累累,StatTrak™,773724,MAG-7（StatTrak™） | 碰碰狗,44,0.74,0.87,1.18,2024-06-20
MAG-7,久经沙场,StatTrak™,921502,MAG-7（StatTrak™） | 鱼长梦短,342,0.72,1.02,1.42,2024-06-20
MAG-7,略有磨损,普通,35529,MAG-7 | 声纳,136,0.71,1.02,1.44,2024-06-20
MAG-7,战痕累累,纪念品,761370,MAG-7（纪念品） | 外表生锈,570,0.68,0.65,0.96,2024-06-20
MAG-7,战痕累累,StatTrak™,887056,MAG-7（StatTrak™） | 先见之明,40,0.63,0.87,1.38,2024-06-20
MAG-7,略有磨损,普通,921437,MAG-7 | 鱼长梦短,928,0.59,0.87,1.47,2024-06-20
MAG-7,破损不堪,StatTrak™,887007,MAG-7（StatTrak™） | 先见之明,31,0.58,1.09,1.88,2024-06-20
MAG-7,破损不堪,StatTrak™,921422,MAG-7（StatTrak™） | 鱼长梦短,136,0.57,0.8,1.4,2024-06-20
MAG-7,战痕累累,StatTrak™,921531,MAG-7（StatTrak™） | 鱼长梦短,112,0.56,0.8,1.43,2024-06-20
MAG-7,久经沙场,普通,35528,MAG-7 | 声纳,144,0.54,0.87,1.61,2024-06-20
